Attacker,Fast Move,Charged Move,Level,"Arceus (Ground), Tier 5","Arceus (Rock), Tier 5","Arceus (Water), Tier 5","Keldeo, Tier 5","Manaphy, Tier 5","Phione, Tier 5","Groudon, Tier 5","Kyogre, Tier 5","Regirock, Tier 5","Suicune, Tier 5","Terrakion, Tier 5","Mega Blastoise, Mega Tier","Mega Gyarados, Mega Tier","Mega Sharpedo, Mega Tier","Mega Slowbro, Mega Tier","Mega Swampert, Mega Tier","Alomomola, Tier 3","Azumarill, Tier 3","Boldore, Tier 3","Claydol, Tier 3","Cloyster, Tier 3","Crawdaunt, Tier 3","Dewgong, Tier 3","Donphan, Tier 3","Floatzel, Tier 3","Golem, Tier 3","Golurk, Tier 3","Graveler, Tier 3","Hippowdon, Tier 3","Kabutops, Tier 3","Lapras, Tier 3","Lumineon, Tier 3","Nosepass, Tier 3","Octillery, Tier 3","Omastar, Tier 3","Onix, Tier 3","Piloswine, Tier 3","Poliwrath, Tier 3","Rhydon, Tier 3","Sharpedo, Tier 3","Slowbro, Tier 3","Slowking, Tier 3","Starmie, Tier 3","Stunfisk, Tier 3","Sudowoodo, Tier 3","Vaporeon, Tier 3","Walrein, Tier 3","Whiscash, Tier 3"
(Battle settings),,,,"Extreme,Best Friend,No Dodging,Realistic Dodging","Extreme,Best Friend,No Dodging,Realistic Dodging","Extreme,Best Friend,No Dodging,Realistic Dodging","Extreme,Best Friend,No Dodging,Realistic Dodging","Extreme,Best Friend,No Dodging,Realistic Dodging","Extreme,Best Friend,No Dodging,Realistic Dodging","Extreme,Best Friend,No Dodging,Realistic Dodging","Extreme,Best Friend,No Dodging,Realistic Dodging","Extreme,Best Friend,No Dodging,Realistic Dodging","Extreme,Best Friend,No Dodging,Realistic Dodging","Extreme,Best Friend,No Dodging,Realistic Dodging","Extreme,Best Friend,No Dodging,Realistic Dodging","Extreme,Best Friend,No Dodging,Realistic Dodging","Extreme,Best Friend,No Dodging,Realistic Dodging","Extreme,Best Friend,No Dodging,Realistic Dodging","Extreme,Best Friend,No Dodging,Realistic Dodging","Extreme,No Friend,No Dodging,Realistic Dodging","Extreme,No Friend,No Dodging,Realistic Dodging","Extreme,No Friend,No Dodging,Realistic Dodging","Extreme,No Friend,No Dodging,Realistic Dodging","Extreme,No Friend,No Dodging,Realistic Dodging","Extreme,No Friend,No Dodging,Realistic Dodging","Extreme,No Friend,No Dodging,Realistic Dodging","Extreme,No Friend,No Dodging,Realistic Dodging","Extreme,No Friend,No Dodging,Realistic Dodging","Extreme,No Friend,No Dodging,Realistic Dodging","Extreme,No Friend,No Dodging,Realistic Dodging","Extreme,No Friend,No Dodging,Realistic Dodging","Extreme,No Friend,No Dodging,Realistic Dodging","Extreme,No Friend,No Dodging,Realistic Dodging","Extreme,No Friend,No Dodging,Realistic Dodging","Extreme,No Friend,No Dodging,Realistic Dodging","Extreme,No Friend,No Dodging,Realistic Dodging","Extreme,No Friend,No Dodging,Realistic Dodging","Extreme,No Friend,No Dodging,Realistic Dodging","Extreme,No Friend,No Dodging,Realistic Dodging","Extreme,No Friend,No Dodging,Realistic Dodging","Extreme,No Friend,No Dodging,Realistic Dodging","Extreme,No Friend,No Dodging,Realistic Dodging","Extreme,No Friend,No Dodging,Realistic Dodging","Extreme,No Friend,No Dodging,Realistic Dodging","Extreme,No Friend,No Dodging,Realistic Dodging","Extreme,No Friend,No Dodging,Realistic Dodging","Extreme,No Friend,No Dodging,Realistic Dodging","Extreme,No Friend,No Dodging,Realistic Dodging","Extreme,No Friend,No Dodging,Realistic Dodging","Extreme,No Friend,No Dodging,Realistic Dodging","Extreme,No Friend,No Dodging,Realistic Dodging"
(Boss weights),,,,1.8518518518518516,1.8518518518518516,1.8518518518518516,5.555555555555555,5.555555555555555,5.555555555555555,5.555555555555555,5.555555555555555,5.555555555555555,5.555555555555555,5.555555555555555,7.0,7.0,7.0,7.0,7.0,0.46875,0.46875,0.46875,0.46875,0.46875,0.46875,0.46875,0.46875,0.46875,0.46875,0.46875,0.46875,0.46875,0.46875,0.46875,0.46875,0.46875,0.46875,0.46875,0.46875,0.46875,0.46875,0.46875,0.46875,0.46875,0.46875,0.46875,0.46875,0.46875,0.46875,0.46875,0.46875
Shadow Salamence,Dragon Tail or Bite,Hydro Pump,40,,,,,,,1.192651952494736,,,,,,,,,,,,,1.2828017878320144,,,,1.2771567366960759,,,1.3080431503879861,,1.2913557348898745,,,,,,,,,,,,,,,1.2814987936069155,,,,
Shadow Salamence(Unscaled),Dragon Tail or Bite,Hydro Pump,40,,,,,,,2.7050366,,,,,,,,,,,,,0.9510616,,,,0.86501366,,,0.6628612,,0.8931172,,,,,,,,,,,,,,,0.76992345,,,,
Hydreigon,Unknown,Unknown,40,,,,,,,,,,,,,,,,,,,,,,,,,,,,,,,,,,,,,,,,,,,,,,,,
Hydreigon(Unscaled),Unknown,Unknown,40,,,,,,,,,,,,,,,,,,,,,,,,,,,,,,,,,,,,,,,,,,,,,,,,
Shadow Magnezone,Spark or Charge Beam,Wild Charge,40,,,1.0023399225062197,1.4980515768131109,1.0530710795629248,1.0466514662775326,,1.0891844415138388,,1.0423724911722345,,1.0197959747457856,1.0506013163316643,1.0584531684816858,1.1424780315945595,,1.0457483006464432,1.0583906562334258,,,1.021540549056397,1.0515421428306548,1.044359904450146,,1.0522731374950316,,,,,,1.0330437537367323,1.0492123645394624,,1.0308345403318893,,,,1.4334873831388772,,1.048770439749281,1.171853007434049,1.1810970153128488,1.213790615686367,,,1.0706766064600943,1.099884008217089,
Shadow Magnezone(Unscaled),Spark or Charge Beam,Wild Charge,40,,,2.268833,2.063756,2.0569947,1.5898596,,2.380514,,2.261712,,2.2776623,2.4463425,1.5052036,2.4162798,,0.51743925,0.57719254,,,0.9586871,0.5691122,0.6728508,,0.47052628,,,,,,0.66522336,0.64375925,,0.5418222,,,,0.73230004,,0.35902613,0.6846168,0.6960774,0.7098508,,,0.64764714,0.72819376,
Shadow Porygon-Z,Lock-On or Hidden Power Water or Charge Beam or Hidden Power Grass,Solar Beam,40,1.3114968589262037,,1.3160130176827278,,,1.2399690664137277,,,,1.253867719729061,,1.3281661233365976,,,,1.3958343541873033,1.2306852066295655,1.2340748288197856,,,,,1.1909123645174158,1.2836132009560364,1.2541107085611538,1.2978273419812465,,1.2396557493398024,1.2460589539170268,1.1940429754385495,1.204218993858171,1.1936264870690816,1.3357451371695401,1.1920256857156502,1.1229014305058964,1.1669467406525067,,,,,,,,1.2066106279768682,,1.1808924917903134,1.208765060134506,1.150591898338601
Shadow Porygon-Z(Unscaled),Lock-On or Hidden Power Water or Charge Beam or Hidden Power Grass,Solar Beam,40,2.971028,,2.9788435,,,1.8835083,,,,2.7206087,,2.9663913,,,,1.9883116,0.60894656,0.67300177,,,,,0.7672703,0.8693866,0.5607784,0.60931265,,0.49042812,0.8617894,0.57182336,0.7754508,0.7323666,0.90289205,0.6265467,0.5715478,0.611513,,,,,,,,0.7249307,,0.7143162,0.80028,0.4214961
Rayquaza,Air Slash,Hurricane,40,,,,1.5382624670193699,,,,,,,,,,,,,,,,,,,,,,,,,,,,,,,,,,,,,,,,,,,,
Rayquaza(Unscaled),Air Slash,Hurricane,40,,,,2.1191516,,,,,,,,,,,,,,,,,,,,,,,,,,,,,,,,,,,,,,,,,,,,
Shadow Omastar,Rock Throw,Rock Slide,40,,,,,,,,,,,,,,,,,,,,,1.184201679347032,,1.2170631613094491,,,,,,,,,,,,,,,,,,,,,,,,,
Shadow Omastar(Unscaled),Rock Throw,Rock Slide,40,,,,,,,,,,,,,,,,,,,,,1.11134,,0.7841185,,,,,,,,,,,,,,,,,,,,,,,,,
Machamp,Counter,Dynamic Punch,40,,1.3936919700612633,,,,,,,1.3502075956866975,,1.5732534310223305,,1.1740282278437795,1.1868039502176602,,,,,1.3113016303197473,,1.1831997313931297,1.1801320332429486,1.1781318730782544,,,,,,,,1.172437242311067,,1.3468155571814242,,,,,,,1.1938671433677606,,,,,1.2800934501725274,,1.1608517265411777,
Machamp(Unscaled),Counter,Dynamic Punch,40,,2.7005062,,,,,,,3.3180285,,2.1619828,,2.7337441,1.6877285,,,,,0.6288107,,1.1103997,0.6387072,0.7590362,,,,,,,,0.7549851,,0.91037506,,,,,,,0.40869716,,,,,0.7573975,,0.7685583,
Venusaur,Vine Whip,Frenzy Plant,40,1.3212085539336191,,1.3259246758335905,,,,,1.3405904786211118,,,,1.3260951111934949,,,,1.2156139760934137,,,,,,,,,1.277117280618281,1.3410774508022252,,,,1.1930882185890572,,,,,1.210054418148373,1.291169826356673,,,1.334816051426393,,,,,,,,,1.2518931574772243
Venusaur(Unscaled),Vine Whip,Frenzy Plant,40,2.9930286,,3.0012789,,,,,2.9299853,,,,2.9617658,,,,1.7315947,,,,,,,,,0.57106584,0.629618,,,,0.57136613,,,,,0.61590797,0.6766094,,,0.54162604,,,,,,,,,0.45860577
Raikou,Thunder Shock or Volt Switch,Wild Charge,40,,,1.1657389222572732,,1.162643689282514,1.2010151835797878,,1.1769952970660458,,1.1748720476927244,,1.2042410639329577,1.175452997648932,1.1944731465616598,,,1.1862097967663323,1.2248486859539771,,,1.185143209935215,1.1838667662767925,1.2066769418459002,,1.1861389129156303,,,,,,1.1736670988981979,1.1921795319577753,,1.1976761322115745,,,,,,1.2050058522389415,1.345697226015046,1.3369064332426908,1.3996860511924443,,,1.1706251925953457,1.1848426045246914,
Raikou(Unscaled),Thunder Shock or Volt Switch,Wild Charge,40,,,2.6386926,,2.2710261,1.8243375,,2.5724328,,2.549206,,2.689611,2.7370617,1.6986347,,,0.58694,0.6679703,,,1.1122236,0.6407285,0.77742696,,0.53038466,,,,,,0.75577706,0.7314788,,0.62951666,,,,,,0.41251028,0.7861796,0.7879034,0.81856644,,,0.70810556,0.7844418,
Shadow Ampharos,Unknown,Unknown,40,,,,,,,,,,,,,,,,,,,,,,,,,,,,,,,,,,,,,,,,,,,,,,,,
Shadow Ampharos(Unscaled),Unknown,Unknown,40,,,,,,,,,,,,,,,,,,,,,,,,,,,,,,,,,,,,,,,,,,,,,,,,
Shadow Scyther,Unknown,Unknown,40,,,,,,,,,,,,,,,,,,,,,,,,,,,,,,,,,,,,,,,,,,,,,,,,
Shadow Scyther(Unscaled),Unknown,Unknown,40,,,,,,,,,,,,,,,,,,,,,,,,,,,,,,,,,,,,,,,,,,,,,,,,
Genesect (Burn),Metal Claw,Magnet Bomb,40,,1.441185353329649,,,,,,,,,,,,,,,,,,,,,,,,,,,,,,,,,,,,,,,,,,,,,,
Genesect (Burn)(Unscaled),Metal Claw,Magnet Bomb,40,,2.7925324,,,,,,,,,,,,,,,,,,,,,,,,,,,,,,,,,,,,,,,,,,,,,,
Kingler,Bubble,Crabhammer,40,1.212395157386527,1.4163910598310252,,,,,1.2874643394175393,,,,,,,,,,,,1.342257873671334,1.2869690050381306,,,,1.220060227693518,,1.2163659254400998,,1.1676479371253536,1.2125080641306343,,,,1.3136085430448734,,,1.1262592356670882,1.2773992208244962,,1.2048964150230563,,,,,1.2125834055704467,1.3179685556360805,,,
Kingler(Unscaled),Bubble,Crabhammer,40,2.7465258,2.7444894,,,,,2.9200792,,,,,,,,,,,,0.6436552,0.95415115,,,,0.8263424,,0.5710676,,0.46194065,0.8385852,,,,0.8879289,,,0.5901916,0.60634434,,0.48890877,,,,,0.72851914,0.7798072,,,
Shadow Poliwrath,Unknown,Unknown,40,,,,,,,,,,,,,,,,,,,,,,,,,,,,,,,,,,,,,,,,,,,,,,,,
Shadow Poliwrath(Unscaled),Unknown,Unknown,40,,,,,,,,,,,,,,,,,,,,,,,,,,,,,,,,,,,,,,,,,,,,,,,,
Shadow Manectric,Thunder Fang,Wild Charge,40,,,1.3099339904613865,,1.2171689014663885,1.166639192382443,,1.3089915959196614,,1.2192187082401649,,1.331645361053689,,,,,1.1633583726658328,1.187664623865617,,,1.2128760594749828,1.1966876929321826,1.1777446136796472,,1.2262623849600391,,,,,,1.172572968188277,1.1748276423514212,,1.1640628284841892,,,,,,1.2259775727855058,,1.347978325886123,,,,1.2467553883714073,,
Shadow Manectric(Unscaled),Thunder Fang,Wild Charge,40,,,2.9650834,,2.3775318,1.7721205,,2.860923,,2.6454282,,2.974162,,,,,0.57563305,0.647692,,,1.1382501,0.6476674,0.7587867,,0.54832596,,,,,,0.7550725,0.7208323,,0.611849,,,,,,0.41968954,,0.7944286,,,,0.75415635,,
Giratina (Origin),Shadow Claw,Shadow Ball,40,,,,,,,,,,,,,,,1.3110871745969543,,,,,,,,,,,,1.3398943558649998,,,,,,,,,,,,,,,,1.3817845193300533,,,,,
Giratina (Origin)(Unscaled),Shadow Claw,Shadow Ball,40,,,,,,,,,,,,,,,2.7728791,,,,,,,,,,,,0.67900205,,,,,,,,,,,,,,,,0.80809724,,,,,
Shadow Zapdos,Thunder Shock,Thunderbolt or Drill Peck,40,,,1.0623887885174372,1.3171071439667115,1.0450460122086933,1.0449343454578754,,1.1326295823316792,,1.0588828335199811,,1.0535818368809855,1.0623497407040061,1.0664187619446632,1.1920012251847139,,1.0495760675271764,1.0578394864912621,,,1.0620402166543292,1.045262662150152,1.0732811192805511,,1.0467461159703935,,,,,,1.0730567827997732,1.0504355126267941,,1.0578290083370891,,,,1.3561463288493871,,1.0393693206203174,1.2085307983861484,1.2002968703391306,1.2551002488862155,,,1.0529521477439399,1.052401267345487,
Shadow Zapdos(Unscaled),Thunder Shock,Thunderbolt or Drill Peck,40,,,2.4047558,1.8144821,2.0413191,1.5872513,,2.4754674,,2.2975357,,2.3531213,2.4736989,1.5165313,2.5210187,,0.51933324,0.57689196,,,0.9966949,0.56571364,0.6914839,,0.46805486,,,,,,0.69098955,0.64450973,,0.5560109,,,,0.6927902,,0.35580784,0.7060446,0.7073928,0.73400956,,,0.6369257,0.69675714,
Shadow Alakazam,Confusion or Counter,Psychic or Dazzling Gleam or Focus Blast,40,,,,1.4153418037453975,,,,,1.3495978914479854,,1.3959657153186185,,,,,,,,,,,1.2307612885507069,,,,,,,,,,,1.2928648849128337,,,,,1.2689331608894239,,,,,,,,,,
Shadow Alakazam(Unscaled),Confusion or Counter,Psychic or Dazzling Gleam or Focus Blast,40,,,,1.9498128,,,,,3.3165302,,1.918352,,,,,,,,,,,0.6661086,,,,,,,,,,,0.8739073,,,,,0.64823717,,,,,,,,,,
Shadow Magmortar,Fire Spin,Fire Punch,40,,,,,,,,,,,,,,,,,,,,,,,,,,,,,,,,,,,,,1.2786958242106987,,,,,,,,,,,
Shadow Magmortar(Unscaled),Fire Spin,Fire Punch,40,,,,,,,,,,,,,,,,,,,,,,,,,,,,,,,,,,,,,0.6069598,,,,,,,,,,,
Shadow Mewtwo,Confusion or Psycho Cut,Psystrike or Thunderbolt or Flamethrower or Ice Beam or Shadow Ball or Focus Blast,40,1.1361872695687303,1.4063319350169965,1.1285109385247378,1.0,1.1131299718316838,1.1128661809687215,1.0995064780406205,1.1198601423110275,1.3452201718793808,1.127498711501335,1.0,1.1527234335773955,,,1.2352992491913743,,1.1123213798723797,1.1474826663368964,1.3526887586368117,1.194116424243173,1.1074711986581591,,1.1174345888608985,1.1486898498205511,1.1093017471924493,,1.2054487951741848,,1.153278183147934,,1.139609593987064,1.1407221704391863,1.3024880450941112,1.1242110434041945,,,1.291446972384956,1.0,,,1.2498996520643944,1.2439293103805187,1.2986553195226453,1.1731314888568427,1.304689545046458,1.1266040795165841,1.1021390465280296,
Shadow Mewtwo(Unscaled),Confusion or Psycho Cut,Psystrike or Thunderbolt or Flamethrower or Ice Beam or Shadow Ball or Focus Blast,40,2.5738866,2.7249982,2.5544257,1.3776268,2.1743095,1.6904395,2.4937747,2.4475586,3.3057723,2.4464166,1.3742114,2.574549,,,2.6125917,,0.5503798,0.6257788,0.64865714,0.8853108,1.0393306,,0.7199307,0.7780035,0.49602675,,0.6108707,,0.7976211,,0.7338459,0.6999064,0.88041204,0.5909023,,,0.6130124,0.5108521,,,0.730213,0.7331075,0.7594815,0.70481646,0.77195036,0.6814774,0.72968674,
Gyarados,Waterfall,Hydro Pump,40,,,,,,,1.2390605645157555,,,,,,,,,,,,,,,,,,,1.3382224177265263,,1.2813419403918513,,,,,,,,1.295814862635255,,,1.292959676741628,,,,,,,,,
Gyarados(Unscaled),Waterfall,Hydro Pump,40,,,,,,,2.8102953,,,,,,,,,,,,,,,,,,,0.6282776,,0.50691986,,,,,,,,0.67904353,,,0.52464205,,,,,,,,,
Shadow Aggron,Iron Tail,Heavy Slam,40,,1.4515791079524845,,,,,,,,,,,,,,,,,,,,,,,,,,,,,,,,,,,,,,,,,,,,,,
Shadow Aggron(Unscaled),Iron Tail,Heavy Slam,40,,2.812672,,,,,,,,,,,,,,,,,,,,,,,,,,,,,,,,,,,,,,,,,,,,,,
Shadow Dragonite,Unknown,Unknown,40,,,,,,,,,,,,,,,,,,,,,,,,,,,,,,,,,,,,,,,,,,,,,,,,
Shadow Dragonite(Unscaled),Unknown,Unknown,40,,,,,,,,,,,,,,,,,,,,,,,,,,,,,,,,,,,,,,,,,,,,,,,,
Shadow Raikou,Thunder Shock or Volt Switch,Wild Charge,40,,,1.0,1.349654710550056,1.0,1.0027100791957215,,1.0,,1.0092416106327788,,1.0,1.0,1.0,1.1678162151059717,,1.0015339038258588,1.0260577240375361,,,1.0,1.0,1.0028831035387282,,1.0157101978447027,,,,,,1.0,1.018988392903564,,1.0,,,,1.327683100451187,,1.011605684471253,1.1465669880025804,1.1361849073264327,1.1625919130942972,,,1.0,1.0,
Shadow Raikou(Unscaled),Thunder Shock or Volt Switch,Wild Charge,40,,,2.2635365,1.8593205,1.9533294,1.5231128,,2.1855931,,2.1898255,,2.233449,2.3285165,1.4220786,2.4698687,,0.49556184,0.5595598,,,0.9384719,0.54121673,0.6461285,,0.45417708,,,,,,0.643945,0.6252149,,0.5256151,,,,0.6782497,,0.3463035,0.66984427,0.66960853,0.6799087,,,0.6048952,0.66206414,
Tangela,Unknown,Unknown,40,,,,,,,,,,,,,,,,,,,,,,,,,,,,,,,,,,,,,,,,,,,,,,,,
Tangela(Unscaled),Unknown,Unknown,40,,,,,,,,,,,,,,,,,,,,,,,,,,,,,,,,,,,,,,,,,,,,,,,,
Mega Gengar,Shadow Claw or Hex or Lick,Focus Blast or Psychic or Sludge Bomb or Shadow Ball,40,,,,1.4390575880202099,,,,,,,,1.3563702148560366,,,1.0,,,1.0,,1.0,1.2208296273974746,,1.225271042775478,,,,1.0,,,,,,1.344411875291582,,,,,1.5140268582628906,,,1.0,1.0,1.0,,,,,
Mega Gengar(Unscaled),Shadow Claw or Hex or Lick,Focus Blast or Psychic or Sludge Bomb or Shadow Ball,40,,,,1.9824843,,,,,,,,3.0293837,,,2.1149464,,,0.54534924,,0.74139404,1.1457143,,0.7894066,,,,0.5067579,,,,,,0.9087503,,,,,0.7734438,,,0.5842173,0.5893482,0.58482146,,,,,
Shadow Machamp,Counter or Karate Chop,Dynamic Punch,40,,1.3711399646460818,,,,,,,1.1420306492049999,,1.342260368382914,,1.0306952946221337,1.0276161950541975,,,,,1.108556744006705,,1.0061923537614712,1.0054764936774958,1.0067822391509162,,,,,,,,1.016867744916103,,1.112088407608089,,,,1.1038652499885289,,,1.0,,,,,1.076455329424872,,1.0037254094444685,
Shadow Machamp(Unscaled),Counter or Karate Chop,Dynamic Punch,40,,2.656808,,,,,,,2.8064501,,1.8445495,,2.399991,1.461351,,,,,0.5315881,,0.94428325,0.5441807,0.6486406,,,,,,,,0.6548069,,0.7517121,,,,0.5239728,,,0.34233052,,,,,0.6369102,,0.6645306,
Gardevoir,Unknown,Unknown,40,,,,,,,,,,,,,,,,,,,,,,,,,,,,,,,,,,,,,,,,,,,,,,,,
Gardevoir(Unscaled),Unknown,Unknown,40,,,,,,,,,,,,,,,,,,,,,,,,,,,,,,,,,,,,,,,,,,,,,,,,
Shadow Blastoise,Water Gun,Hydro Cannon,40,1.2593420647330384,,,,,,,,,,,,,,,,,,,,,,,1.2969524125626535,,1.277924540904973,,1.2281727566487515,1.2905969279945753,,,,,,,1.2796082348240037,,,1.2760097326479174,,,,,,,,,
Shadow Blastoise(Unscaled),Water Gun,Hydro Cannon,40,2.852878,,,,,,,,,,,,,,,,,,,,,,,0.8784212,,0.59996855,,0.48588526,0.8925924,,,,,,,0.6705508,,,0.5177643,,,,,,,,,
Luxray,Spark,Wild Charge,40,,,1.2708242168836243,,1.296540972556907,1.282362260024087,,1.3245328236074683,,1.2586746274368847,,1.236041476657851,,,,,1.2720920004383158,1.2942519182753425,,,,,,,1.291135683254895,,,,,,,1.2762863484723608,,1.2844705184459124,,,,,,,,,,,,,,
Luxray(Unscaled),Spark,Wild Charge,40,,,2.876557,,2.5325716,1.9479034,,2.8948898,,2.7310386,,2.7606356,,,,,0.62943476,0.7058193,,,,,,,0.5773342,,,,,,,0.78308374,,0.6751371,,,,,,,,,,,,,,
Shadow Muk,Unknown,Unknown,40,,,,,,,,,,,,,,,,,,,,,,,,,,,,,,,,,,,,,,,,,,,,,,,,
Shadow Muk(Unscaled),Unknown,Unknown,40,,,,,,,,,,,,,,,,,,,,,,,,,,,,,,,,,,,,,,,,,,,,,,,,
Meganium,Vine Whip,Frenzy Plant,40,,,,,,,,,,,,,,,,1.3720410035795998,,,,,,,,,,,,,,,,,,,,,,,,,,,,,,,,
Meganium(Unscaled),Vine Whip,Frenzy Plant,40,,,,,,,,,,,,,,,,1.9544189,,,,,,,,,,,,,,,,,,,,,,,,,,,,,,,,
Jolteon,Unknown,Unknown,40,,,,,,,,,,,,,,,,,,,,,,,,,,,,,,,,,,,,,,,,,,,,,,,,
Jolteon(Unscaled),Unknown,Unknown,40,,,,,,,,,,,,,,,,,,,,,,,,,,,,,,,,,,,,,,,,,,,,,,,,
Palkia,Dragon Tail,Aqua Tail,40,,,,,,,1.2605455129447278,,,,,,,,,,,,,,,,,,,,,,,,,,,,,,,,,,,,,,,,,
Palkia(Unscaled),Dragon Tail,Aqua Tail,40,,,,,,,2.859025,,,,,,,,,,,,,,,,,,,,,,,,,,,,,,,,,,,,,,,,,
Shadow Abomasnow,Unknown,Unknown,40,,,,,,,,,,,,,,,,,,,,,,,,,,,,,,,,,,,,,,,,,,,,,,,,
Shadow Abomasnow(Unscaled),Unknown,Unknown,40,,,,,,,,,,,,,,,,,,,,,,,,,,,,,,,,,,,,,,,,,,,,,,,,
Landorus (Therian),Mud Shot,Earthquake,40,,,,,,,,,1.363898249424905,,,,,,,,,,1.3572185113100972,,,,,,,,,,,,,,1.3542997014481992,,,,,,,,,,,1.2058984099845673,1.2658726703371588,,,
Landorus (Therian)(Unscaled),Mud Shot,Earthquake,40,,,,,,,,,3.3516722,,,,,,,,,,0.6508293,,,,,,,,,,,,,,0.91543394,,,,,,,,,,,0.7245028,0.74898344,,,
Zacian (Hero),Unknown,Unknown,40,,,,,,,,,,,,,,,,,,,,,,,,,,,,,,,,,,,,,,,,,,,,,,,,
Zacian (Hero)(Unscaled),Unknown,Unknown,40,,,,,,,,,,,,,,,,,,,,,,,,,,,,,,,,,,,,,,,,,,,,,,,,
Porygon-Z,Hidden Power Grass,Solar Beam,40,,,,,,,,,,,,,,,,,,,,,,,,,,,,,,,,,,,,,,,,,,,,,,,,1.290040095018205
Porygon-Z(Unscaled),Hidden Power Grass,Solar Beam,40,,,,,,,,,,,,,,,,,,,,,,,,,,,,,,,,,,,,,,,,,,,,,,,,0.47258013
Emboar,Unknown,Unknown,40,,,,,,,,,,,,,,,,,,,,,,,,,,,,,,,,,,,,,,,,,,,,,,,,
Emboar(Unscaled),Unknown,Unknown,40,,,,,,,,,,,,,,,,,,,,,,,,,,,,,,,,,,,,,,,,,,,,,,,,
Shadow Swampert,Water Gun or Mud Shot,Hydro Cannon,40,1.0368576142777093,1.2112215969789595,,,,,1.067821120500087,,1.1583884080098608,,1.3739891839057659,,,,,,,,1.163316126963035,1.16089684238627,,,,1.0757027499334118,,1.0094824841463022,1.1830406590602733,1.0088864369063788,1.0695720083307976,,,,1.1831378333502356,,,1.053061075720734,1.1366517498078355,,1.0507439836971,,,,,1.0891515334907238,1.118244518599444,,,
Shadow Swampert(Unscaled),Water Gun or Mud Shot,Hydro Cannon,40,2.348868,2.34694,,,,,2.4219096,,2.846648,,1.8881516,,,,,,,,0.55784696,0.860682,,,,0.7285696,,0.47393858,0.5995152,0.399132,0.7397289,,,,0.7997377,,,0.5518337,0.5395356,,0.4263586,,,,,0.65436137,0.66163576,,,
Jirachi,Confusion,Doom Desire,40,,,,,,,,,,,1.5188603441944957,,,,,,,,,,,,,,,,,,,,,,,,,,,,,,,,,,,,,
Jirachi(Unscaled),Confusion,Doom Desire,40,,,,,,,,,,,2.0872352,,,,,,,,,,,,,,,,,,,,,,,,,,,,,,,,,,,,,
Deoxys,Charge Beam,Thunderbolt,40,,,,,,,,,,,,,,,,,1.2644057877919297,,,,,,,,,,,,,,,,,1.313549020947077,,,,,,,,,,,,,,
Deoxys(Unscaled),Charge Beam,Thunderbolt,40,,,,,,,,,,,,,,,,,0.6256316,,,,,,,,,,,,,,,,,0.6904212,,,,,,,,,,,,,,
Bellossom,Unknown,Unknown,40,,,,,,,,,,,,,,,,,,,,,,,,,,,,,,,,,,,,,,,,,,,,,,,,
Bellossom(Unscaled),Unknown,Unknown,40,,,,,,,,,,,,,,,,,,,,,,,,,,,,,,,,,,,,,,,,,,,,,,,,
Togekiss,Unknown,Unknown,40,,,,,,,,,,,,,,,,,,,,,,,,,,,,,,,,,,,,,,,,,,,,,,,,
Togekiss(Unscaled),Unknown,Unknown,40,,,,,,,,,,,,,,,,,,,,,,,,,,,,,,,,,,,,,,,,,,,,,,,,
Shadow Tangrowth,Vine Whip,Power Whip,40,1.1142282692845387,1.306651474487109,1.1195574712402472,1.4823884088201535,1.1129012341697206,1.0784989455536491,1.1044081010173556,1.1319066664330153,1.2182671996373433,1.1164059397357318,1.48241813450245,1.129437609723795,1.1138388755243949,1.1052429169526916,1.2579117844310381,1.0,1.1230610106012726,1.1563381659796574,1.2434078914908024,1.256563958890201,1.1145758333307583,1.0915585887376391,1.1300724384614549,1.1293990341599336,1.0770201011856744,1.0854478342175757,1.2675016215830084,1.0648638966869874,1.1214075705967301,0.9999999999999999,1.1171679879492815,1.1537941500181808,1.26801424402987,1.142009999332211,1.0,1.1147211161536725,1.2455823610703989,1.4918053581457333,1.114195588960498,1.121873562427329,1.3073044909830638,1.3170901344909511,1.3190162344589749,1.1642744198061517,1.1922356346472107,1.0754928126392804,1.0876576097294741,1.0456364729268546
Shadow Tangrowth(Unscaled),Vine Whip,Power Whip,40,2.5241413,2.531851,2.5341592,2.042178,2.1738627,1.6382358,2.504892,2.4738874,2.9937954,2.4223478,2.0371559,2.5225413,2.5935922,1.5717423,2.660416,1.424461,0.5556938,0.63060814,0.5962535,0.93160903,1.0459981,0.59076977,0.7280729,0.7649379,0.48159194,0.5096033,0.64231646,0.4212776,0.775579,0.4788968,0.71939474,0.7079269,0.8571096,0.6002577,0.50899196,0.5841453,0.5912418,0.7620919,0.45210525,0.38405156,0.7637499,0.7762247,0.771389,0.69949514,0.70541435,0.65056044,0.7200991,0.3830478
Heracross,Unknown,Unknown,40,,,,,,,,,,,,,,,,,,,,,,,,,,,,,,,,,,,,,,,,,,,,,,,,
Heracross(Unscaled),Unknown,Unknown,40,,,,,,,,,,,,,,,,,,,,,,,,,,,,,,,,,,,,,,,,,,,,,,,,
Shadow Charizard,Fire Spin,Blast Burn,40,,,,,,,,,,,,,,,,,,,,,,,,,,,,,,,,,,,,,1.2493481274123814,,,,,,,,,,,
Shadow Charizard(Unscaled),Fire Spin,Blast Burn,40,,,,,,,,,,,,,,,,,,,,,,,,,,,,,,,,,,,,,0.5930293,,,,,,,,,,,
Feraligatr,Water Gun or Waterfall,Hydro Cannon,40,1.254216592614069,,,,,,1.2880277220589786,,,,,,,,,,,,,,,,,1.2853254498325992,,1.2604353333304366,,1.2201689677257548,1.303466035569131,,,,,,,1.292648830730865,,,1.2781191877236344,,,,,,,,,
Feraligatr(Unscaled),Water Gun or Waterfall,Hydro Cannon,40,2.8412669,,,,,,2.921357,,,,,,,,,,,,,,,,,0.8705463,,0.5917576,,0.48271883,0.90149283,,,,,,,0.67738444,,,0.51862025,,,,,,,,,
Simisage,Vine Whip,Grass Knot,40,,,,,,,,,,,,,,,,1.3624636265927956,,,,,,,,,,,,,,1.297185322599775,,,,,1.3100025587830504,,,,,,,,,,,,,1.2531228963627858
Simisage(Unscaled),Vine Whip,Grass Knot,40,,,,,,,,,,,,,,,,1.9407763,,,,,,,,,,,,,,0.6212179,,,,,0.66678077,,,,,,,,,,,,,0.45905626
Exeggutor,Bullet Seed,Solar Beam,40,,,,,,,,,,,,,,,,1.3015861438115892,,,,,,,,,,,,,,1.2641083423401451,,,,,1.1973696598272396,,,,1.3346062272484076,,,,,,,,,1.219315573016446
Exeggutor(Unscaled),Bullet Seed,Solar Beam,40,,,,,,,,,,,,,,,,1.8540587,,,,,,,,,,,,,,0.60537744,,,,,0.60945153,,,,0.5415409,,,,,,,,,0.44667163
Hariyama,Counter,Dynamic Punch,40,,,,,,,,,,,,,,1.2533740399440652,,,,,,,,,,,,,,,,,,,,,,,,,,,,,,,,,,
Hariyama(Unscaled),Counter,Dynamic Punch,40,,,,,,,,,,,,,,1.7823964,,,,,,,,,,,,,,,,,,,,,,,,,,,,,,,,,,
Mega Beedrill,Bug Bite or Poison Jab,Sludge Bomb or X-Scissor,40,,,,,,,,,,,,,1.24305629786175,1.2684667359455377,,,,1.022023850257864,,,,1.2087033044968878,,,,,,,,,,,,,,,,,,1.1936568203150568,,,1.385010478240658,,,,,
Mega Beedrill(Unscaled),Bug Bite or Poison Jab,Sludge Bomb or X-Scissor,40,,,,,,,,,,,,,2.8944771,1.8038594,,,,0.55735993,,,,0.65417045,,,,,,,,,,,,,,,,,,0.40862516,,,0.80998385,,,,,
Blaziken,Unknown,Unknown,40,,,,,,,,,,,,,,,,,,,,,,,,,,,,,,,,,,,,,,,,,,,,,,,,
Blaziken(Unscaled),Unknown,Unknown,40,,,,,,,,,,,,,,,,,,,,,,,,,,,,,,,,,,,,,,,,,,,,,,,,
Shadow Lugia,Extrasensory,Aeroblast,40,,,,1.434231680161855,,,,,,,,,,,,,,,,,,,,,,,,,,,,,,,,,,1.4622113719411156,,,,,,,,,,
Shadow Lugia(Unscaled),Extrasensory,Aeroblast,40,,,,1.975836,,,,,,,,,,,,,,,,,,,,,,,,,,,,,,,,,,0.74697375,,,,,,,,,,
Zekrom,Charge Beam,Wild Charge,40,,,1.118102137959781,1.42152134380661,1.0760911088524032,1.0558106728640928,,1.0433522598511131,,1.0712349534396057,,1.1144365955972133,1.0830128968379653,1.0638427439946005,1.2490578011811553,,1.0991459305631337,1.1324544249846211,,,1.120166837174347,1.0726946116392224,1.104405366685758,,1.0764703107932616,,,,,,1.0967300002329392,1.0970138745034548,,1.1108493648679425,,,,1.4244390891218808,,1.089919473145427,1.2599094549237073,1.243725933158021,1.2570551703078747,,,1.084178383296809,1.072588828025031,
Zekrom(Unscaled),Charge Beam,Wild Charge,40,,,2.530865,1.9583259,2.1019604,1.6037724,,2.2803435,,2.324337,,2.4890373,2.5218134,1.512868,2.6416903,,0.54386055,0.61758316,,,1.0512451,0.58056027,0.71153635,,0.4813461,,,,,,0.7062338,0.67308855,,0.5838792,,,,0.7276777,,0.3731127,0.7360609,0.73298764,0.73515284,,,0.6558143,0.7101226,
Shadow Hariyama,Counter,Dynamic Punch,40,,1.334582535379206,,,,,,,1.218263374488946,,1.4309156509689849,,1.067625674973744,1.0498456976991286,,,,,1.1704813258435263,,1.0681112561814583,1.0522441906036422,1.0824201306593033,,,,,,,,1.0907637453509227,,1.230607340360666,,,,1.1929397916847582,,,1.0549842298606622,,,,,1.1673332560384644,,1.0613943839338587,
Shadow Hariyama(Unscaled),Counter,Dynamic Punch,40,,2.585972,,,,,,,2.993786,,1.9663806,,2.485984,1.4929631,,,,,0.5612829,,1.0023924,0.56949216,0.6973719,,,,,,,,0.70239186,,0.83182454,,,,0.5662539,,,0.3611533,,,,,0.69068027,,0.70271116,
Leafeon,Razor Leaf,Leaf Blade,40,,,,,,,,,,,,,,,,1.2399902138422885,,,,,,,,,,1.3341544641905496,,,,1.2403141971297362,,,,,1.2306984181046787,,,,,,,,,,,,,1.2604691182644712
Leafeon(Unscaled),Razor Leaf,Leaf Blade,40,,,,,,,,,,,,,,,,1.7663177,,,,,,,,,,0.62636775,,,,0.5939825,,,,,0.6264156,,,,,,,,,,,,,0.4617474
Conkeldurr,Counter,Dynamic Punch,40,,1.33709917449035,,,,,,,1.2527538830342868,,1.516987852087386,,1.1352699454781616,1.110806041241321,,,,,1.2591492282991927,,1.131978378894456,1.1268267704880446,1.145020961676065,,,,,,,,1.111211920272694,,1.3174868094191203,,,,1.2394707593036338,,,1.1271843363542344,,,,,1.2411539064781663,,1.1177090183437515,
Conkeldurr(Unscaled),Counter,Dynamic Punch,40,,2.5908484,,,,,,,3.0785437,,2.084662,,2.6434948,1.5796535,,,,,0.60380197,,1.0623299,0.6098575,0.7377038,,,,,,,,0.71555936,,0.8905504,,,,0.5883408,,,0.3858696,,,,,0.734358,,0.73999506,
Shiftry,Razor Leaf,Leaf Blade,40,,,,,,,,,,,,,,,,1.411733701378978,,,,,,,,,,,,,,1.3521731613157573,,,,,1.3332088781913176,,,,,,,,,,,,,1.3238630327098697
Shiftry(Unscaled),Razor Leaf,Leaf Blade,40,,,,,,,,,,,,,,,,2.0109596,,,,,,,,,,,,,,0.6475514,,,,,0.6785926,,,,,,,,,,,,,0.48497048
Shadow Gardevoir,Confusion or Charm,Psychic or Dazzling Gleam,40,,,,1.3995899324838919,,,,,,,1.4265065040211427,,1.17530045417329,1.24745629390668,,,,,,,,1.1234894752791547,,,,,,,,,,,,,,,,1.358378383880579,,1.1219714210699063,,,,,,,,
Shadow Gardevoir(Unscaled),Confusion or Charm,Psychic or Dazzling Gleam,40,,,,1.9281126,,,,,,,1.9603215,,2.7367065,1.7739809,,,,,,,,0.6080513,,,,,,,,,,,,,,,,0.69393045,,0.38408506,,,,,,,,
Rampardos,Smack Down,Rock Slide,40,,,,,,,,,,,,,,,,,,,,,1.12224596175975,,1.1291344015173739,,,,,,,,1.1352601076178865,,,,,,,,,,,,,,,,1.1787338308339732,
Rampardos(Unscaled),Smack Down,Rock Slide,40,,,,,,,,,,,,,,,,,,,,,1.0531963,,0.72746855,,,,,,,,0.73104507,,,,,,,,,,,,,,,,0.7803974,
Mega Abomasnow,Razor Leaf,Energy Ball or Weather Ball Ice,40,1.225929845158309,,,,,,1.2367571240149455,,,,,,,,,1.2756658834464405,,,,,,,,1.2394416979036063,,,1.40850936906953,,1.2664957722107968,1.3274284564022978,,,,,1.3285961137775142,,,,,,,,,1.2871711546886215,,,,1.2692927793480084
Mega Abomasnow(Unscaled),Razor Leaf,Energy Ball or Weather Ball Ice,40,2.7771869,,,,,,2.8050709,,,,,,,,,1.8171363,,,,,,,,0.8394694,,,0.71377325,,0.87592375,0.63570124,,,,,0.67624474,,,,,,,,,0.7733314,,,,0.46497977
Chandelure,Hex or Fire Spin,Overheat or Shadow Ball,40,,,,,,,,,,,,,,,1.309906577301439,,,,,,,,,,,,1.365076696386973,,,,,,,,,,1.286372088725542,,,,1.3113164057278002,1.2528171970322468,,,,,,
Chandelure(Unscaled),Hex or Fire Spin,Overheat or Shadow Ball,40,,,,,,,,,,,,,,,2.7703822,,,,,,,,,,,,0.6917634,,,,,,,,,,0.6106035,,,,0.76609373,0.73834556,,,,,,
Shadow Golduck,Unknown,Unknown,40,,,,,,,,,,,,,,,,,,,,,,,,,,,,,,,,,,,,,,,,,,,,,,,,
Shadow Golduck(Unscaled),Unknown,Unknown,40,,,,,,,,,,,,,,,,,,,,,,,,,,,,,,,,,,,,,,,,,,,,,,,,
Terrakion,Zen Headbutt or Smack Down,Sacred Sword,40,,1.4139983328375472,,,,,,,,,1.4502046046190564,,,,,,,,,,1.0337240784726747,,1.0660829061062813,,,,,,,,1.0669502830210653,,,,,,,,,,,,,,,,1.0713800780691731,
Terrakion(Unscaled),Zen Headbutt or Smack Down,Sacred Sword,40,,2.7398531,,,,,,,,,1.9928877,,,,,,,,,,0.970121,,0.6868463,,,,,,,,0.6870573,,,,,,,,,,,,,,,,0.70932233,
Zarude,Vine Whip,Power Whip,40,1.082240054369883,1.2641342903897248,1.0832734528469057,1.4869198973190707,1.0967272596214444,1.120321104160761,1.077377153550869,1.1161137908058,1.3018701313287384,1.113034850230667,1.4860731034540975,1.1185726649679488,1.0919467824256344,1.1281896092100676,1.2677142077926893,1.0135842258931624,1.1632048771908876,1.1751739124088632,1.2910912876041354,1.2810038235538015,1.1631966817546695,1.1415964543446393,1.1646579777764325,1.1482096317062958,1.1354303208998868,1.086683652026081,1.290678842895197,1.1045485528177574,1.1355380355860192,1.0406103360891115,1.1644862527079176,1.16282107678038,1.2980948857849444,1.1709713819104512,1.046436175534089,1.1488219527117052,1.2618745725723532,,1.1190233441104196,1.110852926581013,1.3011706431836236,1.2905323202819656,1.3320494429188696,1.1884335065692497,1.2642054673387488,1.1333897838832248,1.1466807430470407,1.0453018018190168
Zarude(Unscaled),Vine Whip,Power Whip,40,2.4516761,2.449467,2.452029,2.0484207,2.1422696,1.7017635,2.4435835,2.4393706,3.199243,2.4150333,2.0421786,2.498275,2.5426161,1.6043743,2.6811476,1.4438112,0.5755571,0.6408802,0.6191192,0.9497286,1.0916274,0.6178511,0.75035536,0.77767825,0.5077102,0.5101835,0.6540617,0.4369775,0.7853518,0.49834496,0.7498651,0.7134655,0.8774425,0.61548024,0.5326276,0.6020151,0.59897524,,0.4540642,0.38027886,0.7601664,0.7605729,0.7790111,0.7140099,0.747997,0.68558204,0.7591762,0.3829252
Shadow Gallade,Low Kick or Confusion,Psychic or Leaf Blade,40,,,,1.3947608307271608,,,,,,,1.4211223251386211,,,,,,,,1.3746386318151647,,,,,,,,,,,1.2505237036455452,,,,,1.25452146631157,,,1.3660008444714233,,1.244462807464552,,,,,1.3430910218066177,,,1.3347115085914387
Shadow Gallade(Unscaled),Low Kick or Confusion,Psychic or Leaf Blade,40,,,,1.9214599,,,,,,,1.9529225,,,,,,,,0.6591828,,,,,,,,,,,0.5988718,,,,,0.63854134,,,0.6978244,,0.4260176,,,,,0.7946715,,,0.4889446
Hoopa (Unbound),Astonish or Confusion,Psychic or Shadow Ball,40,,,,1.3151007224888482,,,,,,,1.2958144576591346,,,,1.3334664178723394,,,,,,,,,,,,,,,,,,,,,,,1.2758062460739614,,,1.3393986278735668,1.3205901027609823,1.404152987135595,,,,,
Hoopa (Unbound)(Unscaled),Astonish or Confusion,Psychic or Shadow Ball,40,,,,1.811718,,,,,,,1.780723,,,,2.82021,,,,,,,,,,,,,,,,,,,,,,,0.6517483,,,0.78249985,0.7782874,0.8211788,,,,,
Shadow Staraptor,Wing Attack,Brave Bird,40,,,,,,,,,,,,,,,,,,,,,,,,,,,,,,,,,,,,,,1.4573039828944618,,,,,,,,,,
Shadow Staraptor(Unscaled),Wing Attack,Brave Bird,40,,,,,,,,,,,,,,,,,,,,,,,,,,,,,,,,,,,,,,0.7444668,,,,,,,,,,
Sharpedo,Unknown,Unknown,40,,,,,,,,,,,,,,,,,,,,,,,,,,,,,,,,,,,,,,,,,,,,,,,,
Sharpedo(Unscaled),Unknown,Unknown,40,,,,,,,,,,,,,,,,,,,,,,,,,,,,,,,,,,,,,,,,,,,,,,,,
Crawdaunt,Snarl or Waterfall,Crabhammer,40,,,,,,,,,,,,,,,,,,,,1.2727520712197795,,,,,,,,,,,,,,,,1.2514766190063815,,,,,,,,,,,,
Crawdaunt(Unscaled),Snarl or Waterfall,Crabhammer,40,,,,,,,,,,,,,,,,,,,,0.9436108,,,,,,,,,,,,,,,,0.65580904,,,,,,,,,,,,
Alakazam,Confusion,Psychic,40,,,,,,,,,,,1.5479044927148764,,,,,,,,,,,,,,,,,,,,,,,,,,,1.4783715873929066,,,,,,,,,,
Alakazam(Unscaled),Confusion,Psychic,40,,,,,,,,,,,2.127148,,,,,,,,,,,,,,,,,,,,,,,,,,,0.75522923,,,,,,,,,,
Shadow Politoed,Unknown,Unknown,40,,,,,,,,,,,,,,,,,,,,,,,,,,,,,,,,,,,,,,,,,,,,,,,,
Shadow Politoed(Unscaled),Unknown,Unknown,40,,,,,,,,,,,,,,,,,,,,,,,,,,,,,,,,,,,,,,,,,,,,,,,,
Shadow Gyarados,Waterfall,Hydro Pump,40,1.137927204708737,1.3323025730575728,,,,,1.031550794712104,,,,1.532354119606343,,,,,,,,1.295634470046506,1.217292035420193,,,,1.1136391689074385,,1.127731674943366,1.2446389094279537,1.1095690729489007,1.1372934127262038,,,,1.3015410172715631,,,1.0847675754854413,1.279941739855257,,1.0917794711908249,,,,,1.1677455629102036,1.2760219485878699,,,
Shadow Gyarados(Unscaled),Waterfall,Hydro Pump,40,2.5778282,2.5815542,,,,,2.3396454,,,,2.1057785,,,,,,,,0.6212978,0.90249306,,,,0.7542638,,0.529455,0.6307306,0.4389637,0.78656584,,,,0.8797719,,,0.5684488,0.6075512,,0.4430095,,,,,0.7015806,0.7549885,,,
Shadow Vileplume,Acid or Razor Leaf,Sludge Bomb or Solar Beam,40,,,,,,1.2431189755445078,,,,1.295578298433297,,1.2610356000965324,,,,1.3060241031519992,1.2737346142259565,1.267355759036173,,,,,,,1.274782572369146,,,1.2913562881294247,,1.1903943605386378,,1.2679426589845597,,1.2779196411975227,1.179257055455257,1.2285821640896424,,,,,,,,,,1.2503840334656318,,1.1546326288497415
Shadow Vileplume(Unscaled),Acid or Razor Leaf,Sludge Bomb or Solar Beam,40,,,,,,1.888293,,,,2.8111112,,2.8164587,,,,1.8603804,0.63024753,0.6911515,,,,,,,0.57002187,,,0.5108817,,0.57007605,,0.77796435,,0.67169386,0.60023236,0.6438117,,,,,,,,,,0.7563513,,0.42297634
Shadow Scizor,Bullet Punch or Fury Cutter,Iron Head or X-Scissor,40,,1.3682160308941138,,,,,,,,,,,,,,,,,,,,,,,,,,,,,,,,,,,,,,1.245046570781945,,,,,,,,
Shadow Scizor(Unscaled),Bullet Punch or Fury Cutter,Iron Head or X-Scissor,40,,2.6511424,,,,,,,,,,,,,,,,,,,,,,,,,,,,,,,,,,,,,,0.42621744,,,,,,,,
Deoxys (Attack),Poison Jab,Zap Cannon,40,,,,,,,,,,,,,,,,,,1.252587241159445,,,,,,,,,,,,,,,,,,,,,,,,,,,,,,
Deoxys (Attack)(Unscaled),Poison Jab,Zap Cannon,40,,,,,,,,,,,,,,,,,,0.6830975,,,,,,,,,,,,,,,,,,,,,,,,,,,,,,
Mega Slowbro,Unknown,Unknown,40,,,,,,,,,,,,,,,,,,,,,,,,,,,,,,,,,,,,,,,,,,,,,,,,
Mega Slowbro(Unscaled),Unknown,Unknown,40,,,,,,,,,,,,,,,,,,,,,,,,,,,,,,,,,,,,,,,,,,,,,,,,
Shadow Sharpedo,Waterfall,Hydro Pump,40,,,,,,,,,,,,,,,,,,,,,,,,,,1.24937736252709,,1.2372178068056736,,,,,,,,1.1212509174124599,,,1.2601626593304602,,,,,1.2770612876981193,,,,
Shadow Sharpedo(Unscaled),Waterfall,Hydro Pump,40,,,,,,,,,,,,,,,,,,,,,,,,,,0.58656603,,0.48946363,,,,,,,,0.5875671,,,0.51133406,,,,,0.7672574,,,,
Tyranitar,Unknown,Unknown,40,,,,,,,,,,,,,,,,,,,,,,,,,,,,,,,,,,,,,,,,,,,,,,,,
Tyranitar(Unscaled),Unknown,Unknown,40,,,,,,,,,,,,,,,,,,,,,,,,,,,,,,,,,,,,,,,,,,,,,,,,
Breloom,Bullet Seed or Counter,Grass Knot or Dynamic Punch,40,,,,,,,,,1.316865079284339,,,,1.2173146722387407,1.2225890327018494,,1.3414735819373083,,,1.2980598362944515,,,1.1917318224808018,,,,1.2950509266844377,,1.2288244991271595,,1.1946361512542993,,,1.3300926915279594,,1.1880941498565123,1.2638802644590499,,,,1.2396787175154584,,,,,1.288019103776136,1.2879280576205598,,1.2068408849075343
Breloom(Unscaled),Bullet Seed or Counter,Grass Knot or Dynamic Punch,40,,,,,,,,,3.2360919,,,,2.8345373,1.7386177,,1.9108768,,,0.62246084,,,0.6449852,,,,0.60800916,,0.4861431,,0.57210743,,,0.8990713,,0.60473037,0.6623089,,,,0.42437986,,,,,0.7620869,0.7790615,,0.44210178
Arcanine,Unknown,Unknown,40,,,,,,,,,,,,,,,,,,,,,,,,,,,,,,,,,,,,,,,,,,,,,,,,
Arcanine(Unscaled),Unknown,Unknown,40,,,,,,,,,,,,,,,,,,,,,,,,,,,,,,,,,,,,,,,,,,,,,,,,
Shadow Tyranitar,Smack Down or Bite,Crunch or Stone Edge,40,,,,,,,,,,,,,,,1.2333032648014153,,,,,1.2251346126278546,1.0809562864908369,,1.100240349169837,,,,1.337379762604589,,,,1.1058602830987119,,,,,,,,,,1.2521320405951688,1.2248978447715628,1.2997604431273777,,,,1.1306566158378553,
Shadow Tyranitar(Unscaled),Smack Down or Bite,Crunch or Stone Edge,40,,,,,,,,,,,,,,,2.6083703,,,,,0.9083075,1.0144471,,0.70885295,,,,0.67772776,,,,0.7121132,,,,,,,,,,0.7315172,0.72189134,0.7601278,,,,0.7485672,
Shadow Venusaur,Vine Whip,Frenzy Plant,40,1.2008284026489602,1.4044010012883557,1.2029229040485983,1.4453950082852627,1.1296407047372552,1.1153637514037231,1.1732698348452912,1.2068522727309121,1.280661311187623,1.1240755889106018,1.5345676800527197,1.153448007991228,1.1222457732208466,1.1421481906836937,,1.0477206466165097,1.1556474026847783,1.1564674592743542,1.3058365067418902,1.2885429993475535,1.1653099043242532,1.1264725685771022,1.167060957267982,1.130348249304145,1.1026319828484363,1.1511902744503848,1.293493007213109,1.1125721083641682,1.144528841790295,1.0473346240776717,1.1499418428592503,1.1254950133180825,1.2439783127758586,1.1520471158457968,1.0340734262285793,1.100182776423101,1.2676346255673774,1.4558681465731471,1.145404162917606,1.1451346201910364,1.332838226461284,,1.3228738904348687,1.1740568229784594,1.2424128776406451,1.0860015090217283,1.1643913231730085,1.0326117886123378
Shadow Venusaur(Unscaled),Vine Whip,Frenzy Plant,40,2.7203228,2.7212567,2.7228599,1.9912149,2.2065604,1.6942333,2.6610763,2.637688,3.147124,2.4389892,2.1088204,2.5761673,2.6131678,1.6242245,,1.4924372,0.57181764,0.63067865,0.62619,0.9553181,1.0936106,0.6096658,0.75190353,0.7655808,0.49304435,0.5404685,0.6554878,0.44015175,0.79156995,0.5015652,0.7404993,0.69056356,0.8408626,0.60553336,0.52633506,0.5765268,0.60170937,0.7437333,0.4647687,0.39201453,0.77866715,,0.77364504,0.7053724,0.7351029,0.6569171,0.77090174,0.37827647
Exeggutor (Alola),Bullet Seed,Solar Beam,40,,,,,,,,,,,,,,,,1.2768596683236677,,,,,,,,,,,,,,1.2746458109555125,,,,,1.2025237098047679,,,,1.3394461814784446,,,,,,,,,1.2064978879687103
Exeggutor (Alola)(Unscaled),Bullet Seed,Solar Beam,40,,,,,,,,,,,,,,,,1.8188368,,,,,,,,,,,,,,0.6104238,,,,,0.6120749,,,,0.5435048,,,,,,,,,0.44197613
Golem (Alola),Unknown,Unknown,40,,,,,,,,,,,,,,,,,,,,,,,,,,,,,,,,,,,,,,,,,,,,,,,,
Golem (Alola)(Unscaled),Unknown,Unknown,40,,,,,,,,,,,,,,,,,,,,,,,,,,,,,,,,,,,,,,,,,,,,,,,,
Mega Blastoise,Water Gun,Hydro Cannon,40,1.0,1.1739603303690072,,,,,1.0,,1.1493962166026903,,1.3168693695889875,,,,,,,,1.117484495811226,1.1504310177621606,,,,1.0,,1.0,1.1665413405494025,0.9999999999999999,0.9999999999999999,,,,1.156976970139716,,,1.0,1.114339726435351,,1.0,,,,,1.0780820946499263,1.1021166061828682,,,
Mega Blastoise(Unscaled),Water Gun,Hydro Cannon,40,2.2653718,2.2747402,,,,,2.2680855,,2.8245504,,1.8096569,,,,,,,,0.53586924,0.8529227,,,,0.6772964,,0.46948668,0.59115404,0.39561638,0.69161206,,,,0.78205436,,,0.5240282,0.52894473,,0.4057683,,,,,0.64771086,0.6520933,,,
Shadow Victreebel,Acid or Razor Leaf,Leaf Blade,40,,,,,1.1897991705853603,1.1849380531695868,1.271605810274789,1.2214455655080534,1.352784809766011,1.196182983724613,,1.2963855454053352,1.2311003593919132,1.197465878468321,,1.1556281990170318,1.2285430201434162,1.2210951279587372,,,,1.2196271168483648,,,1.2165495853615669,1.2292084623146284,,1.200261475523334,1.2817302520722382,1.1053370997676324,,1.2122026982339098,1.3494874852123988,1.2110540583784597,1.1248293587977303,1.1650974126964921,,,1.2686170900979696,1.2284301440607748,,,,1.226399768841237,,1.1890254708584231,,1.096491112653134
Shadow Victreebel(Unscaled),Acid or Razor Leaf,Leaf Blade,40,,,,,2.3240697,1.7999164,2.8841107,2.669583,3.3243618,2.5954459,,2.895411,2.8666375,1.7028906,,1.6461473,0.6078866,0.6659233,,,,0.6600826,,,0.54398286,0.577097,,0.4748431,0.8864601,0.5293424,,0.7437643,0.91218114,0.6365483,0.5725291,0.6105439,,,0.5147646,0.42052913,,,,0.73682,,0.7192358,,0.40167737
Clawitzer,Water Gun,Crabhammer,40,,,,,,,1.2902839421177024,,,,,,,,,,,,,,,,,1.2754899479755097,,1.2902354546033128,,1.2734380209434197,,,,,,,,1.29509089396334,,,1.302432940177929,,,,,,,,,
Clawitzer(Unscaled),Water Gun,Crabhammer,40,,,,,,,2.9264743,,,,,,,,,,,,,,,,,0.86388475,,0.60574836,,0.50379294,,,,,,,,0.67866415,,,0.528486,,,,,,,,,
Shadow Shiftry,Snarl or Razor Leaf,Leaf Blade,40,1.2705189055500734,,1.2728584230914766,,1.2021464480082058,1.2018467195638805,1.253298519830932,1.2839108066364229,,1.208991879474229,,,1.2501643857795295,1.2278211626277198,1.3463556334099058,1.1895118223664953,1.2523510878655792,,,1.2982481623402313,,1.2176391147405956,,1.2904308955429262,1.2331344070452248,1.2400430614985711,1.3707107476765534,1.2015961523130056,1.2898228813418897,1.142858544889003,,1.2838660919483094,,1.3001499766654345,1.14722106808917,1.205115488059612,,,1.2606092195965037,,1.3366502498299861,,,1.2644225558223112,,1.234985994268098,,1.1065116733609988
Shadow Shiftry(Unscaled),Snarl or Razor Leaf,Leaf Blade,40,2.8781977,,2.8811615,,2.348188,1.8256006,2.8425882,2.8061066,,2.6232383,,,2.9110284,1.7460582,2.84747,1.6944132,0.6196669,,,0.96251345,,0.65900666,,0.8740042,0.5513988,0.5821837,0.6946185,0.47537112,0.89205706,0.5473113,,0.7877344,,0.68337846,0.5839263,0.6315145,,,0.51151526,,0.7808942,,,0.75966406,,0.7470371,,0.4053482
Landorus,Unknown,Unknown,40,,,,,,,,,,,,,,,,,,,,,,,,,,,,,,,,,,,,,,,,,,,,,,,,
Landorus(Unscaled),Unknown,Unknown,40,,,,,,,,,,,,,,,,,,,,,,,,,,,,,,,,,,,,,,,,,,,,,,,,
Shadow Torterra,Razor Leaf,Frenzy Plant,40,1.1164828219367788,1.3083929532453413,1.1140731329050801,1.5027235968405956,1.1474419009922237,1.1171342627453578,1.20469819149234,1.2255316417314825,1.2362982167076784,1.1436315489733422,1.4771057058615582,,1.1500456621200665,1.129046172272053,1.308737895201505,1.0390511217927343,1.1392415152976276,1.1764923336099269,1.2485458834108363,1.2568776517275484,,1.125597595624954,,1.1477484008478416,1.119804859298141,1.0801307504613336,1.2969428596969086,1.0821607032550067,1.1245618967373125,1.0085710950668285,1.206673768722484,1.1509691323305482,1.2781438941123064,1.1491615442554828,1.0269736873643347,1.138799209660854,1.3002176792017073,,1.1082152055742156,1.1442652849065285,1.3066062234035176,,1.3437509629007114,1.1854146942938673,1.2207281683685058,1.1431089220083084,1.17488254234703,1.0357767781927651
Shadow Torterra(Unscaled),Razor Leaf,Frenzy Plant,40,2.5292487,2.5352254,2.5217452,2.0701923,2.241332,1.6969227,2.7323585,2.6785135,3.0381052,2.4814212,2.0298555,,2.6779003,1.6055924,2.7679105,1.4800878,0.56369996,0.6415992,0.59871733,0.9318416,,0.60919225,,0.77736586,0.50072324,0.507107,0.65723604,0.4281205,0.77776057,0.48300147,0.77703154,0.70619357,0.8639567,0.60401666,0.52272135,0.5967629,0.6171756,,0.4496786,0.39171693,0.76334196,,0.7858544,0.7121962,0.72227263,0.6914611,0.7778476,0.3794359
Metagross,Bullet Punch,Meteor Mash,40,,1.1835729380476567,,,,,,,1.2097003321775144,,1.408904263201426,,,,,,,,1.1919627002761237,,,,,,,,,,,,,,1.1969736355555438,,,,1.183678218542031,,,,,,,,1.1574489718655692,,,
Metagross(Unscaled),Bullet Punch,Meteor Mash,40,,2.2933662,,,,,,,2.972743,,1.9361323,,,,,,,,0.5715839,,,,,,,,,,,,,,0.80908996,,,,0.5618577,,,,,,,,0.684832,,,
Mega Pidgeot,Gust,Brave Bird,40,,,,1.3798818373742439,,,,,,,,,,,,,,,,,,,,,,,,,,,,,,,,,,1.3391241222263741,,,,,,,,,,
Mega Pidgeot(Unscaled),Gust,Brave Bird,40,,,,1.9009622,,,,,,,,,,,,,,,,,,,,,,,,,,,,,,,,,,0.68409437,,,,,,,,,,
Mega Lopunny,Low Kick,Focus Blast,40,,,,,,,,,,,,,1.2126936613934236,1.2377486026440452,,,,,1.3585604455346747,,,,1.200922748346581,,,,,,,,,,1.3024242974312976,,,,,,,,,,,,1.3150470124068403,,1.1915712577334274,
Mega Lopunny(Unscaled),Low Kick,Focus Blast,40,,,,,,,,,,,,,2.8237772,1.7601758,,,,,0.6514728,,,,0.7737197,,,,,,,,,,0.88036895,,,,,,,,,,,,0.7780786,,0.7888966,
Zapdos,Thunder Shock,Thunderbolt,40,,,1.222511322437257,,1.2214109919197447,1.262076231658776,,1.305641246762721,,1.2440120818151832,,1.2665921630625998,1.235069925422474,1.2459501886885858,,,1.2519323352334704,1.2667876826966882,,,,,,,1.2444174772425936,,,,,,,1.2588131349884601,,1.2672906467108727,,,,,,1.2348322317273959,,,,,,1.2626321881873093,1.2143688978533107,
Zapdos(Unscaled),Thunder Shock,Thunderbolt,40,,,2.767199,,2.385818,1.917089,,2.8536005,,2.6992242,,2.828869,2.8758807,1.7718391,,,0.6194597,0.6908417,,,,,,,0.55644405,,,,,,,0.7723628,,0.6661071,,,,,,0.42272076,,,,,,0.76376015,0.8039901,
Shadow Arcanine,Thunder Fang or Fire Fang,Wild Charge or Flamethrower,40,,,1.2538060685127013,,1.310716461852261,,,,,1.2902221167529344,,1.3058323695772773,,,,,1.2570546985116455,1.2709458071308581,,,1.212787511272314,,,,,,,,,,,1.261986608412517,,1.281426085361703,,,1.276609010308572,,,,,,,,,,,
Shadow Arcanine(Unscaled),Thunder Fang or Fire Fang,Wild Charge or Flamethrower,40,,,2.8380358,,2.560261,,,,,2.7994895,,2.91651,,,,,0.62199426,0.69310933,,,1.138167,,,,,,,,,,,0.77430993,,0.6735369,,,0.60596925,,,,,,,,,,,
Dialga,Metal Claw,Iron Head,40,,1.3668307543166933,,,,,,,1.3387868826708977,,,,,,,,,,1.3279017841781888,,,,,,,,,,,,,,,,,,,,,,,,,,1.3125820553764778,,,
Dialga(Unscaled),Metal Claw,Iron Head,40,,2.6484582,,,,,,,3.289963,,,,,,,,,,0.636771,,,,,,,,,,,,,,,,,,,,,,,,,,0.77662015,,,
Darmanitan,Fire Fang,Overheat,40,,,,,,,,,,,,,,,,,,,,,,,,,,,,,,,,,,,,,1.2603953584859982,,,,,,,,,,,
Darmanitan(Unscaled),Fire Fang,Overheat,40,,,,,,,,,,,,,,,,,,,,,,,,,,,,,,,,,,,,,0.5982731,,,,,,,,,,,
Shadow Electivire,Thunder Shock,Wild Charge,40,,,1.0256602886677553,1.391638432121094,1.017406997508971,1.0,,1.1132786336120846,,1.0016362538888277,,1.0645475226880041,1.1081291457457998,1.129960045809001,1.1696083645429503,,1.0320182264104132,1.0415876805842805,,,1.0110319339343032,1.0344789969814865,1.0073713390793626,,1.0367208948057802,,,,,,1.0323806380979743,1.0294730315958738,,1.0397864330762188,,,,1.3610613717747269,,1.051029572239133,1.1762218099327082,1.1537033624604267,1.2069570771223066,,,1.0201331734819519,1.0613477721357933,
Shadow Electivire(Unscaled),Thunder Shock,Wild Charge,40,,,2.3216195,1.9171584,1.987331,1.5189962,,2.4331741,,2.1733236,,2.3776126,2.580297,1.606892,2.473659,,0.51064557,0.56802905,,,0.94882506,0.55987734,0.64902014,,0.46357206,,,,,,0.66479635,0.6316479,,0.54652745,,,,0.69530106,,0.3597995,0.68716913,0.679933,0.7058544,,,0.61707366,0.7026803,
Shadow Metagross,Bullet Punch or Zen Headbutt,Psychic or Meteor Mash,40,,0.9999999999999999,,1.3401411035267317,,,,,1.0,,1.3101769494853557,,,,,,,,1.0,,,,,,,,,,,,,,1.0,,,,1.0,1.3274834340506774,,,,,,,1.0,,,
Shadow Metagross(Unscaled),Bullet Punch or Zen Headbutt,Psychic or Meteor Mash,40,,1.9376636,,1.8462143,,,,,2.457421,,1.8004601,,,,,,,,0.4795317,,,,,,,,,,,,,,0.67594635,,,,0.47467098,0.6781477,,,,,,,0.5916736,,,
Mega Manectric,Thunder Fang,Wild Charge,40,,,1.0143919923535583,1.3427794813515534,1.0305478942773296,1.0038895423174858,,1.030889967579052,,1.0,,1.0021782453953505,1.0474231984183922,1.059709006239177,1.169485051725188,,0.9999999999999999,1.0297757084982828,,,1.0061143013445581,1.0229409205439748,1.0,,0.9999999999999999,,,,,,1.0331200646017906,1.0,,1.0120384098554245,,,,1.3573014577017495,,1.012982307274268,1.1509635199094583,1.1406038739068007,1.2076698245649193,,,1.0262219802703014,1.0170085635509574,
Mega Manectric(Unscaled),Thunder Fang,Wild Charge,40,,,2.2961133,1.849849,2.0129995,1.5249044,,2.253106,,2.1697733,,2.238314,2.4389422,1.5069895,2.4733982,,0.49480286,0.5615874,,,0.94421,0.55363274,0.644271,,0.44715223,,,,,,0.6652725,0.6135643,,0.53194267,,,,0.6933803,,0.34677476,0.6724128,0.67221284,0.70627123,,,0.62075675,0.6733249,
Shadow Mismagius,Hex,Shadow Ball,40,,,,,,,,,,,,,,,,,,,,,,,,,,,1.406937040350037,,,,,,,,,,,,,,,,,,,,,
Shadow Mismagius(Unscaled),Hex,Shadow Ball,40,,,,,,,,,,,,,,,,,,,,,,,,,,,0.71297646,,,,,,,,,,,,,,,,,,,,,
Garchomp,Mud Shot,Earth Power,40,,,,,,,,,1.3496112794673767,,,,,,,,,,1.3547141930345794,,,,,,,,,,,,,,,,,,,,,,,,,1.2778146675295174,1.3435262279743425,,,
Garchomp(Unscaled),Mud Shot,Earth Power,40,,,,,,,,,3.3165631,,,,,,,,,,0.6496284,,,,,,,,,,,,,,,,,,,,,,,,,0.76771003,0.794929,,,
Shadow Tangela,Vine Whip,Power Whip,40,,,,,1.315575447745782,,1.2951230013154265,1.3443374706847306,,1.2724191969732506,,,,,,1.2453253546429142,,,,,,,,,1.3021605639761653,,,1.2678337534962532,,1.2098151418009058,,,,,1.227391214588144,1.2508562707121484,,,1.3322028113088182,,,,,,,1.2895484044178231,,1.1882604145226516
Shadow Tangela(Unscaled),Vine Whip,Power Whip,40,,,,,2.5697522,,2.9374497,2.9381747,,2.7608612,,,,,,1.7739174,,,,,,,,,0.582264,,,0.5015758,,0.5793766,,,,,0.62473226,0.65548396,,,0.54056567,,,,,,,0.78004164,,0.4352952
Yveltal,Snarl,Dark Pulse,40,,,,,,,,,,,,,,,,,,,,,,,,,,,1.3948875784669563,,,,,,,,,,,,,,,,,,,,,
Yveltal(Unscaled),Snarl,Dark Pulse,40,,,,,,,,,,,,,,,,,,,,,,,,,,,0.7068703,,,,,,,,,,,,,,,,,,,,,
Shadow Ho-Oh,Extrasensory or Hidden Power Flying or Steel Wing or Hidden Power Water or Incinerate or Hidden Power Grass,Brave Bird or Solar Beam,40,,1.4249694838670655,1.3377445868445241,1.4081830434773772,,,1.212098529795283,,1.3621523540329474,,,,,,,1.2670042914477828,,,,,,,,1.294545844330488,,,,,,1.288133184435561,,1.2963536177055934,,,1.2848959343090607,,1.2517783370704483,1.4221918633592774,,,,,,,,,,1.1639622274791734
Shadow Ho-Oh(Unscaled),Extrasensory or Hidden Power Flying or Steel Wing or Hidden Power Water or Incinerate or Hidden Power Grass,Brave Bird or Solar Beam,40,,2.7611115,3.0280337,1.9399507,,,2.7491431,,3.3473818,,,,,,,1.8047982,,,,,,,,0.87679124,,,,,,0.61688286,,0.7953963,,,0.6540017,,0.59418285,0.7265297,,,,,,,,,,0.42639405
Carnivine,Unknown,Unknown,40,,,,,,,,,,,,,,,,,,,,,,,,,,,,,,,,,,,,,,,,,,,,,,,,
Carnivine(Unscaled),Unknown,Unknown,40,,,,,,,,,,,,,,,,,,,,,,,,,,,,,,,,,,,,,,,,,,,,,,,,
Glaceon,Frost Breath,Avalanche,40,1.319773469414601,,,,,,,,,,,,,,,,,,,,,,,,,,,,,,,,,,,,,,,,,,,,,,,
Glaceon(Unscaled),Frost Breath,Avalanche,40,2.9897776,,,,,,,,,,,,,,,,,,,,,,,,,,,,,,,,,,,,,,,,,,,,,,,
Samurott,Waterfall or Fury Cutter,Hydro Cannon,40,1.2212653128285609,1.4313390105485801,,,,,1.2567857340475037,,1.3579238559449114,,,,,,,,,,,1.2899106931045736,,,,1.2616261802070705,,1.226981562075414,,1.2047617947467189,1.2500985017525577,,,,,,,1.255439554588856,,,1.2401640295705703,,,,,1.3015364201550201,,,,
Samurott(Unscaled),Waterfall or Fury Cutter,Hydro Cannon,40,2.76662,2.7734535,,,,,2.8504975,,3.3369906,,,,,,,,,,,0.9563321,,,,0.85449487,,0.5760515,,0.4766235,0.8645832,,,,,,,0.65788573,,,0.50321925,,,,,0.78196204,,,,
Shadow Exeggutor,Confusion or Bullet Seed,Psychic or Solar Beam or Seed Bomb,40,1.2905065737994974,,1.2915292066198183,1.420821008998954,1.145287374469457,1.1442013482324709,1.2668805034025392,1.2772203572568013,1.345072740893807,1.18592605964872,1.4180222198709749,1.2704719024253521,1.2297928745619795,,1.3425292480225504,1.2185173198845038,1.1611103056275784,1.2116378304662168,1.300805702730393,1.3048143737438191,,1.198470712463009,,1.2075704226391872,1.166118527464349,1.167597214898621,1.3905479125239093,1.1648129180091076,1.1927068333655142,1.0727578467845265,1.1752268594367532,1.2017390842328997,1.2901690052768242,1.1849406533411997,1.0595356751804095,1.1422139113887382,,1.3527175477990594,1.130349832650801,1.1638347641337967,,,1.3768766966930386,1.1602731827871942,1.3115748277428636,1.098702155348563,1.220079522808772,1.0
Shadow Exeggutor(Unscaled),Confusion or Bullet Seed,Psychic or Solar Beam or Seed Bomb,40,2.9234772,,2.9234235,1.9573611,2.2371235,1.7380375,2.8733933,2.791484,3.30541,2.5731907,1.9486623,2.8375342,2.863593,,2.8393774,1.7357304,0.5745207,0.66076577,0.62377757,0.9673816,,0.6486324,,0.8178831,0.5214325,0.54817134,0.70467114,0.46081907,0.82489043,0.5137403,0.75678146,0.7373442,0.87208503,0.6228227,0.53929514,0.5985523,,0.6910386,0.45866013,0.39841616,,,0.80522704,0.6970912,0.7760242,0.66459966,0.8077709,0.3663298
Latios,Zen Headbutt,Psychic,40,,,,1.4786239640518029,,,,,,,1.5171901499288973,,,,,,,,,,,,,,,,,,,,,,,,,,,1.4998526970917805,,,,,,,,,,
Latios(Unscaled),Zen Headbutt,Psychic,40,,,,2.036992,,,,,,,2.08494,,,,,,,,,,,,,,,,,,,,,,,,,,,0.7662029,,,,,,,,,,
Mega Charizard Y,Fire Spin,Blast Burn,40,,,,,,,,,,,,,,,,,,,,,,,,,,,,,,,,,,,,,1.0046138274558096,,,,,,,,,,,
Mega Charizard Y(Unscaled),Fire Spin,Blast Burn,40,,,,,,,,,,,,,,,,,,,,,,,,,,,,,,,,,,,,,0.47686103,,,,,,,,,,,
Empoleon,Metal Claw or Waterfall,Hydro Cannon,40,1.1968428317153061,1.3423629364766927,,,,,,,1.3711197226686025,,1.59481830815841,,,,,,,,1.3556245603783859,,,,,1.289569322972926,,1.2451746234845256,,1.2279008265532383,1.2830729122913211,,,,1.3448484484012673,,,1.2480248200383108,,,1.2927098050784154,,,,,,1.3223978558448442,,,
Empoleon(Unscaled),Metal Claw or Waterfall,Hydro Cannon,40,2.711294,2.6010478,,,,,,,3.3694184,,2.1916175,,,,,,,,0.65006495,,,,,0.87342066,,0.5845929,,0.48577768,0.8873887,,,,0.9090454,,,0.6540002,,,0.52454066,,,,,,0.7824279,,,
Mamoswine,Powder Snow or Mud-Slap,Avalanche,40,1.2297024267716232,,,,,,,,,,,,,,,,,,,,,,,1.2450123756748153,,,,,1.2561913104869802,,,,,,,,,,,,,,,1.199114279779334,,,,
Mamoswine(Unscaled),Powder Snow or Mud-Slap,Avalanche,40,2.7857332,,,,,,,,,,,,,,,,,,,,,,,0.8432424,,,,,0.86879706,,,,,,,,,,,,,,,0.7204269,,,,
Mewtwo,Confusion or Psycho Cut,Psystrike or Ice Beam or Shadow Ball or Thunderbolt,40,1.2896257470848713,,1.2843368772714732,1.1879224475017471,,,1.2562111525337116,1.3175529333433567,,,1.1946161267473112,1.2996882400269718,,,,,,,,,,,,,,,1.406497718141148,,,,,,,,,,,1.184761969266643,,,,,,,,,,
Mewtwo(Unscaled),Confusion or Psycho Cut,Psystrike or Ice Beam or Shadow Ball or Thunderbolt,40,2.9214818,,2.9071434,1.6365138,,,2.8491943,2.8796346,,,1.6416551,2.9027874,,,,,,,,,,,,,,,0.71275383,,,,,,,,,,,0.60523814,,,,,,,,,,
Gourgeist (Super),Unknown,Unknown,40,,,,,,,,,,,,,,,,,,,,,,,,,,,,,,,,,,,,,,,,,,,,,,,,
Gourgeist (Super)(Unscaled),Unknown,Unknown,40,,,,,,,,,,,,,,,,,,,,,,,,,,,,,,,,,,,,,,,,,,,,,,,,
Regigigas,Unknown,Unknown,40,,,,,,,,,,,,,,,,,,,,,,,,,,,,,,,,,,,,,,,,,,,,,,,,
Regigigas(Unscaled),Unknown,Unknown,40,,,,,,,,,,,,,,,,,,,,,,,,,,,,,,,,,,,,,,,,,,,,,,,,
Shadow Houndoom,Snarl,Foul Play,40,,,,,,,,,,,,,,,1.2849830142267435,,,,,1.3052849197438923,,,,,,,,,,,,,,,,,,,,,1.2982698389794343,1.2489367066871504,,,,,,
Shadow Houndoom(Unscaled),Snarl,Foul Play,40,,,,,,,,,,,,,,,2.7176702,,,,,0.96773046,,,,,,,,,,,,,,,,,,,,,0.7584717,0.7360586,,,,,,
Shadow Weavile,Ice Shard or Snarl,Avalanche or Foul Play,40,1.1139268618069669,,,,,,1.237015712150181,,,,,,,,1.1663200542576397,,,,,1.113039969946346,,,,1.1686487629345144,,,1.3664107456440246,,1.155780785546163,,,,,,,,,,,,1.1790004678053867,1.1963881454121688,1.3026768887721734,1.1079297875230194,,,,
Shadow Weavile(Unscaled),Ice Shard or Snarl,Avalanche or Foul Play,40,2.5234585,,,,,,2.8056574,,,,,,,,2.4667044,,,,,0.8252012,,,,0.7915216,,,0.69243944,,0.79935193,,,,,,,,,,,,0.68879247,0.7050892,0.7618334,0.66564333,,,,
Shadow Articuno,Unknown,Unknown,40,,,,,,,,,,,,,,,,,,,,,,,,,,,,,,,,,,,,,,,,,,,,,,,,
Shadow Articuno(Unscaled),Unknown,Unknown,40,,,,,,,,,,,,,,,,,,,,,,,,,,,,,,,,,,,,,,,,,,,,,,,,
Shadow Absol,Snarl,Dark Pulse,40,,,,,,,,,,,,,,,1.3212953765636803,,,,,1.276259113170103,,,,,,,,,,,,,,,,,,,,,1.3305002265424184,1.3018741721786882,,,,,,
Shadow Absol(Unscaled),Snarl,Dark Pulse,40,,,,,,,,,,,,,,,2.7944689,,,,,0.9462109,,,,,,,,,,,,,,,,,,,,,0.77730125,0.7672572,,,,,,
Thundurus (Therian),Volt Switch,Thunderbolt,40,,,1.117250329296656,1.4361851119621076,1.1114370162042304,1.1036167174085096,,1.2121684498363394,,1.120283533768251,,1.1131500652130406,1.1466860123172844,1.1450568906669436,1.3091353048001595,,1.105679138556313,1.1107577595597273,,,1.1430701334797557,1.1175579328451284,1.122875156572312,,1.1149827207615626,,,,,,1.1311613569481866,1.1114957307653006,,1.1034082544432229,,,,1.459211501724276,,1.1026787795607589,1.27451977200949,1.2684363844667719,1.3411499981549924,,,1.1071212004988633,1.1440917793856045,
Thundurus (Therian)(Unscaled),Volt Switch,Thunderbolt,40,,,2.5289369,1.9785271,2.1710026,1.6763896,,2.649307,,2.4307613,,2.4861639,2.6700773,1.6283609,2.768751,,0.5470932,0.6057509,,,1.0727392,0.60484105,0.7234359,,0.49856701,,,,,,0.7284057,0.6819741,,0.57996804,,,,0.74544126,,0.3774806,0.7445965,0.7475507,0.7843333,,,0.6696923,0.75746214,
Azelf,Unknown,Unknown,40,,,,,,,,,,,,,,,,,,,,,,,,,,,,,,,,,,,,,,,,,,,,,,,,
Azelf(Unscaled),Unknown,Unknown,40,,,,,,,,,,,,,,,,,,,,,,,,,,,,,,,,,,,,,,,,,,,,,,,,
Shadow Honchkrow,Peck or Snarl,Sky Attack or Dark Pulse,40,,,,,,,,,,,,,,,1.321619687383094,,,,,1.2357272254306226,,,,,,,1.2809347422112216,,,,,,,,,,,1.4095541547152297,,,1.2775445027047299,1.327816221378126,,,,,,
Shadow Honchkrow(Unscaled),Peck or Snarl,Sky Attack or Dark Pulse,40,,,,,,,,,,,,,,,2.7951548,,,,,0.9161608,,,,,,,0.6491238,,,,,,,,,,,0.7200737,,,0.7463636,0.7825461,,,,,,
Mega Ampharos,Volt Switch,Zap Cannon,40,,,1.2028464307953506,1.5341014707321314,1.129508622560025,1.1052630019745935,,1.1629425440627534,,1.135363081479526,,1.1869654064185036,1.180271215600147,1.168299065888482,,,1.1353703573985,1.1814444996751072,,,1.2243231789891633,1.128237295990462,1.1648654060170331,,1.1055403436096025,,,,,,1.1549549262747594,1.168697396507587,,1.1619474021960177,,,,,,1.1409812949193079,1.3233658092630942,1.285400209926831,1.361950363449385,,,1.1084768072221436,1.1593564786638346,
Mega Ampharos(Unscaled),Volt Switch,Zap Cannon,40,,,2.7226868,2.1134193,2.2063024,1.6788903,,2.5417192,,2.4634805,,2.6510267,2.748281,1.6614131,,,0.5617845,0.64429986,,,1.1489929,0.6106209,0.750489,,0.49434483,,,,,,0.74372745,0.717071,,0.6107371,,,,,,0.39059272,0.7731332,0.7575483,0.7964978,,,0.6705123,0.76756835,
Gengar,Shadow Claw or Lick,Shadow Ball,40,,,,,,,,,,,,,,,,,,,,,,,,,,,,,,,,,,,,,,,,,,1.320712695822266,1.3387067738588114,,,,,
Gengar(Unscaled),Shadow Claw or Lick,Shadow Ball,40,,,,,,,,,,,,,,,,,,,,,,,,,,,,,,,,,,,,,,,,,,0.77835965,0.78290445,,,,,
Shadow Bellossom,Razor Leaf,Leaf Blade,40,,,,,,,,,,,,,,,,1.4007315047586422,,,,,,,,,,,,,,1.3250656508876233,,,,,1.3155447484867933,,,,,,,,,,,,,1.303178501994651
Shadow Bellossom(Unscaled),Razor Leaf,Leaf Blade,40,,,,,,,,,,,,,,,,1.9952874,,,,,,,,,,,,,,0.6345697,,,,,0.6696017,,,,,,,,,,,,,0.47739312
Eelektross,Unknown,Unknown,40,,,,,,,,,,,,,,,,,,,,,,,,,,,,,,,,,,,,,,,,,,,,,,,,
Eelektross(Unscaled),Unknown,Unknown,40,,,,,,,,,,,,,,,,,,,,,,,,,,,,,,,,,,,,,,,,,,,,,,,,
Magnezone,Spark,Wild Charge,40,,,1.1719974473572659,,1.2280255444882977,1.2235074715789283,,1.2269395433212156,,1.226843928810443,,1.212237664706022,1.212275283426164,1.2295586193336994,,,1.2409978794382877,1.2667846937863159,,,1.214282920991028,1.2258734684716783,,,1.22776677195594,,,,,,1.203513654116423,1.2444465233717152,,1.229437852907955,,,,,,,,,,,,1.2507396322536533,,
Magnezone(Unscaled),Spark,Wild Charge,40,,,2.652859,,2.3987384,1.8585032,,2.6815906,,2.6619732,,2.707471,2.822803,1.748529,,,0.6140493,0.69084007,,,1.1395704,0.66346323,,,0.54899865,,,,,,0.7749966,0.76354796,,0.6462111,,,,,,,,,,,,0.7565664,,
Mega Venusaur,Vine Whip,Frenzy Plant,40,1.1109687160403425,1.2997309749741903,1.1116116749166625,1.4174190716963404,1.0871506362418952,1.078450690001726,1.0581973210445548,1.0799437919162538,1.23863408020034,1.0848041129458086,1.4608648276386005,1.0967196475048233,1.0666167493337495,1.0859532658743334,1.302300994483832,1.0083000517388683,1.1143824027209541,1.142106588431296,1.244396209885603,1.2391429529161038,1.1206900281191159,1.0949750204506796,1.1306659775156729,1.090283220167714,1.0987911208672716,1.0891076611587787,1.2414854706754448,1.0619315863514043,1.0948290288633775,1.008145930396695,1.123029606565778,1.1040304985149887,1.242340460896046,1.118006769592426,1.0047084830180815,1.0975861604394572,1.2310388134534789,1.455604782675847,1.0997346022348222,1.0803647889764545,1.2861737233731352,1.2924313673987635,1.3017032069924384,1.1291431479935394,1.2058850859663166,1.0938893216543957,1.0900454448416432,1.0066724574413548
Mega Venusaur(Unscaled),Vine Whip,Frenzy Plant,40,2.5167572,2.5184414,2.5161736,1.9526745,2.1235633,1.6381625,2.400082,2.3603177,3.0438454,2.353779,2.0075371,2.4494674,2.4836347,1.5443109,2.7542968,1.4362841,0.5513996,0.62284696,0.59672743,0.9186932,1.0517361,0.5926188,0.7284553,0.7384449,0.4913269,0.51132154,0.62913257,0.42011753,0.75719696,0.48279786,0.7231693,0.6773937,0.8397555,0.58764124,0.51138854,0.5751661,0.5843384,0.74359876,0.44623744,0.36984184,0.75140494,0.7616921,0.76126397,0.6783883,0.71349037,0.6616884,0.72168,0.36877412
Roserade,Poison Jab or Razor Leaf,Grass Knot,40,,,,,1.2711780204608603,1.216799357365081,,1.2963242792082386,,1.2425185617317716,,1.2575692572339912,,1.2529917122724439,,1.1571174640793958,1.2736287336738512,1.2282904254161977,,,,,,1.2548964382506684,1.213743695295895,1.2671430848687761,,1.210104900105501,1.2988071231724907,1.1429282885164402,,1.2591346334850317,,1.2585682945562258,1.147247984034954,1.2068949724461393,,,1.2791871617373758,,,,,1.2834814027715082,,1.211439386525137,,1.1463117660643498
Roserade(Unscaled),Poison Jab or Razor Leaf,Grass Knot,40,,,,,2.4830294,1.8483136,,2.8332374,,2.6959836,,2.8087168,,1.7818527,,1.6482687,0.63019514,0.66984725,,,,,,0.84993684,0.5427282,0.5949068,,0.47873732,0.89827067,0.5473447,,0.77256006,,0.6615225,0.58394,0.632447,,,0.5190536,,,,,0.7711146,,0.73279387,,0.41992816
Shadow Flygon,Unknown,Unknown,40,,,,,,,,,,,,,,,,,,,,,,,,,,,,,,,,,,,,,,,,,,,,,,,,
Shadow Flygon(Unscaled),Unknown,Unknown,40,,,,,,,,,,,,,,,,,,,,,,,,,,,,,,,,,,,,,,,,,,,,,,,,
Lucario,Counter,Aura Sphere,40,,1.22514919514409,,,,,,,1.254304940016383,,,,1.1220089271430973,1.1629454236917707,,,,,1.2205802035610993,,1.0384776997585117,1.1010855115288103,1.0511376423896155,,,,,,,,1.0760284806932268,,1.2030314240176014,,,,1.1883150303395418,,,1.0878160089261104,,,,,1.1745553629568735,,1.090235381121835,
Lucario(Unscaled),Counter,Aura Sphere,40,,2.373927,,,,,,,3.0823553,,,,2.6126163,1.6537998,,,,,0.5853069,,0.97458214,0.5959259,0.6772175,,,,,,,,0.69290316,,0.8131847,,,,0.56405866,,,0.37239262,,,,,0.6949534,,0.72180575,
Shadow Cradily,Unknown,Unknown,40,,,,,,,,,,,,,,,,,,,,,,,,,,,,,,,,,,,,,,,,,,,,,,,,
Shadow Cradily(Unscaled),Unknown,Unknown,40,,,,,,,,,,,,,,,,,,,,,,,,,,,,,,,,,,,,,,,,,,,,,,,,
Rhyperior,Smack Down,Rock Wrecker,40,,,,,,,,,,,,,,,,,,,,,,,1.2020820896796536,,,,,,,,1.204519578535434,,,,,,,,,,,,,,,,1.2064746476074055,
Rhyperior(Unscaled),Smack Down,Rock Wrecker,40,,,,,,,,,,,,,,,,,,,,,,,0.77446663,,,,,,,,0.77564436,,,,,,,,,,,,,,,,0.7987636,
Reshiram,Fire Fang,Overheat,40,,,,,,,,,,,,,,,,,,,,,,,,,,,,,,,,,,,,,1.169632405166206,,,,,,,,,,,
Reshiram(Unscaled),Fire Fang,Overheat,40,,,,,,,,,,,,,,,,,,,,,,,,,,,,,,,,,,,,,0.55519056,,,,,,,,,,,
Shadow Banette,Shadow Claw,Shadow Ball,40,,,,,,,,,,,,,,,1.341561563924268,,,,,,,,,,,,1.390116858563034,,,,,,,,,,,,,,,1.3206095310039123,1.4053278756220744,,,,,
Shadow Banette(Unscaled),Shadow Claw,Shadow Ball,40,,,,,,,,,,,,,,,2.8373308,,,,,,,,,,,,0.7044527,,,,,,,,,,,,,,,0.77829885,0.8218659,,,,,
Vileplume,Razor Leaf,Solar Beam,40,,,,,,,,,,,,,,,,1.3918235739693823,,,,,,,,,,,,,,,,,,,,,,,,,,,,,,,,
Vileplume(Unscaled),Razor Leaf,Solar Beam,40,,,,,,,,,,,,,,,,1.9825984,,,,,,,,,,,,,,,,,,,,,,,,,,,,,,,,
Shadow Cloyster,Unknown,Unknown,40,,,,,,,,,,,,,,,,,,,,,,,,,,,,,,,,,,,,,,,,,,,,,,,,
Shadow Cloyster(Unscaled),Unknown,Unknown,40,,,,,,,,,,,,,,,,,,,,,,,,,,,,,,,,,,,,,,,,,,,,,,,,
Shadow Moltres,Wing Attack or Fire Spin,Overheat or Sky Attack,40,,,,1.3586723196732235,,,,,,,,,,,,,,,,,,,,,,,,,,,,,,,,,1.1396873261558986,1.291374940026673,,,,,,,,,,
Shadow Moltres(Unscaled),Wing Attack or Fire Spin,Overheat or Sky Attack,40,,,,1.8717434,,,,,,,,,,,,,,,,,,,,,,,,,,,,,,,,,0.5409765,0.6597016,,,,,,,,,,
Mega Absol,Snarl,Payback or Dark Pulse,40,,,,,,,,,,,,,,,1.2432553373456652,,,,,1.1796117756759954,,,,,,,1.2847652301029742,,,,,,,,,,,,,,1.2096768616745857,1.1651347369857072,1.3130824576786222,,,,,
Mega Absol(Unscaled),Snarl,Payback or Dark Pulse,40,,,,,,,,,,,,,,,2.6294184,,,,,0.87455714,,,,,,,0.65106493,,,,,,,,,,,,,,0.70671415,0.68667006,0.7679188,,,,,
Shadow Mamoswine,Powder Snow or Mud-Slap,Avalanche or Bulldoze,40,1.0671638977760738,,,,,,1.182691305067644,,1.366683689933471,,,,,,,,,,1.3503186546374306,1.1315461883130327,,,,1.0752573024158993,,,1.2278607792794152,,1.051389705379053,,,,1.3010231211397176,,,,,,,,,,,1.0,1.3164420383130158,,,
Shadow Mamoswine(Unscaled),Powder Snow or Mud-Slap,Avalanche or Bulldoze,40,2.417523,,,,,,2.682445,,3.3585172,,,,,,,,,,0.6475206,0.8389216,,,,0.7282679,,,0.62222815,,0.7271538,,,,0.87942183,,,,,,,,,,,0.6007992,0.778904,,,
Leavanny,Razor Leaf,Leaf Blade,40,,,,,,,,,,,,,,,,1.3294540180461243,,,,,,,,,,,,,,1.3354359436103977,,,,,1.3455868733172132,,,,,,,,,,,,,1.309858384439377
Leavanny(Unscaled),Razor Leaf,Leaf Blade,40,,,,,,,,,,,,,,,,1.8937554,,,,,,,,,,,,,,0.639536,,,,,0.6848929,,,,,,,,,,,,,0.47984016
Swampert,Water Gun or Mud Shot,Hydro Cannon,40,1.2067926333328594,1.4117087713264571,,,,,1.2755934465433512,,,,,,,,,,,,1.3718490352149817,,,,,1.2607637365265782,,1.2256948376043386,,1.19674594868898,1.2760376966243185,,,,,,,1.2785357734564666,,,1.235417848067481,,,,,1.2895355053735094,1.333288826812621,,,
Swampert(Unscaled),Water Gun or Mud Shot,Hydro Cannon,40,2.733834,2.7354167,,,,,2.893155,,,,,,,,,,,,0.6578451,,,,,0.85391074,,0.5754474,,0.4734523,0.88252306,,,,,,,0.6699888,,,0.5012934,,,,,0.7747519,0.7888718,,,
Excadrill,Mud-Slap or Metal Claw,Drill Run or Earthquake,40,,1.3427072686920474,,,,,,,1.325053379132025,,,,,,,,,,1.3480891878472268,,,,,,,,,,,,,,1.3495232868703262,,,,,,,,,,,1.2588275750034288,1.3267137489318435,,,
Excadrill(Unscaled),Mud-Slap or Metal Claw,Drill Run or Earthquake,40,,2.601715,,,,,,,3.256214,,,,,,,,,,0.6464515,,,,,,,,,,,,,,0.91220534,,,,,,,,,,,0.7563026,0.7849815,,,
Torterra,Razor Leaf,Frenzy Plant,40,,,1.3290912251691103,,,,1.2589245863967649,,,,,,,,,1.2057668830526074,,,,,,,,,,1.2772576423254436,,1.2789773770236712,,1.1974222838824564,,,,,1.2189768184157566,,,,1.2981605512308378,,,,,,,,,1.241493539428133
Torterra(Unscaled),Razor Leaf,Frenzy Plant,40,,,3.0084465,,,,2.8553486,,,,,,,,,1.7175679,,,,,,,,,,0.59965545,,0.5059844,,0.5734417,,,,,0.6204494,,,,0.5267524,,,,,,,,,0.45479608
Victreebel,Razor Leaf,Leaf Blade,40,,,,,,,,,,,,,,,,1.3907081345154415,,,,,,,,,,,,,,1.3115123341813935,,,,,1.3043308188993792,,,,,,,,,,,,,1.3019387448140993
Victreebel(Unscaled),Razor Leaf,Leaf Blade,40,,,,,,,,,,,,,,,,1.9810095,,,,,,,,,,,,,,0.62807906,,,,,0.6638939,,,,,,,,,,,,,0.47693896
Weavile,Ice Shard or Snarl,Avalanche,40,1.314007263620038,,,,,,,,,,,,,,,,,,,1.2999050275613222,,,,,,,,,1.3286358829543834,,,,,,,,,,,,,,,,,,,
Weavile(Unscaled),Ice Shard or Snarl,Avalanche,40,2.976715,,,,,,,,,,,,,,,,,,,0.96374184,,,,,,,,,0.9189006,,,,,,,,,,,,,,,,,,,
Sceptile,Bullet Seed or Fury Cutter,Frenzy Plant,40,,,,,1.3034309523012348,1.269921346742013,,,,1.2987790014744858,,,,,,1.3254025206727318,1.2909054325191247,,,,,,,,1.2523661796341705,1.3074046104992798,,1.2349352167875354,1.3100964433731823,1.1958207906171014,,1.321865043321458,,1.3129731242500453,1.1798842559320581,1.268130417408834,,,1.2844200249255548,,,,,,,1.2493335209140362,,1.1969872502864907
Sceptile(Unscaled),Bullet Seed or Fury Cutter,Frenzy Plant,40,,,,,2.54603,1.9290057,,,,2.818056,,,,,,1.8879842,0.6387437,,,,,,,,0.55999833,0.61380905,,0.4885606,0.9060785,0.57267475,,0.8110492,,0.6901185,0.6005516,0.6645361,,,0.52117693,,,,,,,0.75571585,,0.4384921
Hoopa,Astonish or Confusion,Psychic or Shadow Ball,40,,,,1.4401487398473956,,,,,,,1.484736191243938,,,,1.317281279563397,,,,,,,,,,,,,,,,,,,,,,,1.4762084759953027,,,1.3306353646151867,1.320843094116517,1.3861445850499396,,,,,
Hoopa(Unscaled),Astonish or Confusion,Psychic or Shadow Ball,40,,,,1.9839875,,,,,,,2.0403414,,,,2.7859793,,,,,,,,,,,,,,,,,,,,,,,0.7541242,,,0.7773802,0.7784365,0.8106471,,,,,
Thundurus,Unknown,Unknown,40,,,,,,,,,,,,,,,,,,,,,,,,,,,,,,,,,,,,,,,,,,,,,,,,
Thundurus(Unscaled),Unknown,Unknown,40,,,,,,,,,,,,,,,,,,,,,,,,,,,,,,,,,,,,,,,,,,,,,,,,
Honchkrow,Unknown,Unknown,40,,,,,,,,,,,,,,,,,,,,,,,,,,,,,,,,,,,,,,,,,,,,,,,,
Honchkrow(Unscaled),Unknown,Unknown,40,,,,,,,,,,,,,,,,,,,,,,,,,,,,,,,,,,,,,,,,,,,,,,,,
Shadow Pinsir,Bug Bite,X-Scissor,40,,,,,,,,,,,,,1.2653690880008794,,,,,,,,,,,,,,,,,,,,,,,,,,,,,,,,,,,
Shadow Pinsir(Unscaled),Bug Bite,X-Scissor,40,,,,,,,,,,,,,2.9464328,,,,,,,,,,,,,,,,,,,,,,,,,,,,,,,,,,,
Shadow Ursaring,Unknown,Unknown,40,,,,,,,,,,,,,,,,,,,,,,,,,,,,,,,,,,,,,,,,,,,,,,,,
Shadow Ursaring(Unscaled),Unknown,Unknown,40,,,,,,,,,,,,,,,,,,,,,,,,,,,,,,,,,,,,,,,,,,,,,,,,
Mega Aerodactyl,Rock Throw,Rock Slide,40,,,,,,,,,,,,,,,,,,,,,1.0830233702255763,,1.0892320933271868,,,,,,,,1.069921188921414,,,,,,,,,,,,,,,,1.0635594007553408,
Mega Aerodactyl(Unscaled),Rock Throw,Rock Slide,40,,,,,,,,,,,,,,,,,,,,,1.016387,,0.70176065,,,,,,,,0.6889704,,,,,,,,,,,,,,,,0.70414454,
Mega Charizard X,Fire Spin,Blast Burn,40,,,,,,,,,,,,,,,,,,,,,,,,,,,,,,,,,,,,,1.1516228567417373,,,,,,,,,,,
Mega Charizard X(Unscaled),Fire Spin,Blast Burn,40,,,,,,,,,,,,,,,,,,,,,,,,,,,,,,,,,,,,,0.54664195,,,,,,,,,,,
Chesnaught,Vine Whip,Solar Beam,40,,,,,,,,,,,,,,,,1.3137895667203245,,,,,,,,,,,,,,1.257098481342953,,,,,1.2878432107257647,,,,,,,,,,,,,1.2899456446076734
Chesnaught(Unscaled),Vine Whip,Solar Beam,40,,,,,,,,,,,,,,,,1.871442,,,,,,,,,,,,,,0.60202044,,,,,0.65550184,,,,,,,,,,,,,0.47254553
Serperior,Unknown,Unknown,40,,,,,,,,,,,,,,,,,,,,,,,,,,,,,,,,,,,,,,,,,,,,,,,,
Serperior(Unscaled),Unknown,Unknown,40,,,,,,,,,,,,,,,,,,,,,,,,,,,,,,,,,,,,,,,,,,,,,,,,
Genesect,Metal Claw,Magnet Bomb,40,,1.441185353329649,,,,,,,,,,,,,,,,,,,,,,,,,,,,,,,,,,,,,,,,,,,,,,
Genesect(Unscaled),Metal Claw,Magnet Bomb,40,,2.7925324,,,,,,,,,,,,,,,,,,,,,,,,,,,,,,,,,,,,,,,,,,,,,,
Moltres,Wing Attack,Sky Attack,40,,,,,,,,,,,,,,,,,,,,,,,,,,,,,,,,,,,,,,1.5149288805899006,,,,,,,,,,
Moltres(Unscaled),Wing Attack,Sky Attack,40,,,,,,,,,,,,,,,,,,,,,,,,,,,,,,,,,,,,,,0.7739046,,,,,,,,,,
Shadow Entei,Fire Fang,Overheat,40,,,,,,,,,,,,,,,,,,,,,,,,,,,,,,,,,,,,,1.1286821241947425,,,,,,,,,,,
Shadow Entei(Unscaled),Fire Fang,Overheat,40,,,,,,,,,,,,,,,,,,,,,,,,,,,,,,,,,,,,,0.53575265,,,,,,,,,,,
Shadow Magneton,Spark or Thunder Shock,Discharge,40,,,1.2458938921462057,,1.2917244270218837,1.2939792081112516,,1.3572431666260294,,1.2557641851339951,,1.3349399963912318,,,,,1.2754162334469932,,,,,,,,,,,,,,,1.2578502367233557,,1.2801567915381427,,,,,,,,,,,,,,
Shadow Magneton(Unscaled),Spark or Thunder Shock,Discharge,40,,,2.8201263,,2.5231633,1.9655495,,2.9663813,,2.7247236,,2.9815204,,,,,0.6310796,,,,,,,,,,,,,,,0.771772,,0.67286974,,,,,,,,,,,,,,
Tangrowth,Vine Whip,Power Whip,40,1.2858704253315063,,1.287569252804185,,1.2899677852593627,1.2764519753242307,1.2488120487521304,1.2878753140280321,,,,1.3405824355066984,,,,1.1778929012447517,,,,,,,,1.2991706437536064,1.3044890774669735,1.2652009637419321,,1.279132325107469,,1.2022596517663093,,,,,1.2200399000408573,,,,1.3169165752967888,,,,,,,1.2971183107420923,,1.21497388418851
Tangrowth(Unscaled),Vine Whip,Power Whip,40,2.9129746,,2.91446,,2.519732,1.9389257,2.8324125,2.8147714,,,,2.9941225,,,,1.6778625,,,,,,,,0.8799236,0.5833052,0.593995,,0.5060457,,0.5757583,,,,,0.6209905,,,,0.534363,,,,,,,0.78462064,,0.44508114
Mega Gyarados,Waterfall or Bite,Crunch or Hydro Pump,40,1.0186641327485404,1.192092786384592,,,,,1.0494146715368533,,1.2056230902234497,,1.4373924565026894,,,,1.2132105570145892,,,,1.1918199359917185,1.2044022501178995,,,,1.0953322651648525,,1.038161508650256,1.2361306059560198,1.027271545227728,1.0955885587073193,,,,1.212506820992524,,,1.071828195505509,1.1745531610127082,,1.0811334448748215,,1.3106114111992233,1.2989293935232176,1.333886755797231,1.121120833716157,1.1763459616923926,,,
Mega Gyarados(Unscaled),Waterfall or Bite,Crunch or Hydro Pump,40,2.307653,2.3098748,,,,,2.3801622,,2.9627235,,1.9752811,,,,2.5658753,,,,0.57151544,0.89293665,,,,0.7418646,,0.487403,0.62641895,0.40640545,0.75772226,,,,0.81958956,,,0.5616682,0.5575263,,0.43868968,,0.76568186,0.7655217,0.7800856,0.6735685,0.69601285,,,
Darkrai,Snarl,Shadow Ball or Dark Pulse,40,,,,,,,,,,,,,,,1.288639182534366,,,,,1.2261823685553233,,,,,,,1.3337871989760792,,,,,,,,,,,,,,1.2530010665552012,1.2366758734479888,1.336275348035279,,,,,
Darkrai(Unscaled),Snarl,Shadow Ball or Dark Pulse,40,,,,,,,,,,,,,,,2.7254028,,,,,0.9090843,,,,,,,0.6759072,,,,,,,,,,,,,,0.7320249,0.7288327,0.7814825,,,,,
Kyogre,Waterfall,Surf,40,1.1145506446226618,1.306307451923027,,,,,1.1896298882912482,,1.3209410597532942,,1.5255414851019284,,,,,,,,1.3011943735940712,1.2628948298532316,,,,1.1527083268123086,,1.1208890952987207,1.315243176278061,1.0994618827461087,1.1393527463936937,,,,1.3131236524910594,,,1.1411896344509702,1.2688578518113747,,1.1443508524446093,,,,,1.1963906243550257,1.2617817661629656,,,
Kyogre(Unscaled),Waterfall,Surf,40,2.5248716,2.5311844,,,,,2.6981823,,3.2461083,,2.0964165,,,,,,,,0.62396395,0.9363027,,,,0.7807252,,0.5262425,0.66650987,0.43496513,0.7879901,,,,0.88760114,,,0.59801555,0.60229,,0.4643413,,,,,0.71879053,0.74656296,,,
Darmanitan (Galarian Standard),Ice Fang,Avalanche,40,1.2231766988535833,,,,,,,,,,,,,,,,,,,1.300496831617368,,,,1.2089262544434018,,,1.3778715635217527,,1.2123795238619754,,,,,,,,,,,,,,,1.1816570328322673,,,,
Darmanitan (Galarian Standard)(Unscaled),Ice Fang,Avalanche,40,2.77095,,,,,,,,,,,,,,,,,,,0.9641806,,,,0.8188014,,,0.6982473,,0.8384963,,,,,,,,,,,,,,,0.7099386,,,,
Mega Houndoom,Fire Fang or Snarl,Foul Play or Flamethrower,40,,,,,,,,,,,,,,,1.192234280736382,,,,,1.1643705012789152,,,,,,,1.2755953089236498,,,,,,,,,,1.203999663092949,,,,1.1813164382499455,1.1497970809107416,1.2347766786807037,,,,,
Mega Houndoom(Unscaled),Fire Fang or Snarl,Foul Play or Flamethrower,40,,,,,,,,,,,,,,,2.5215116,,,,,0.86325735,,,,,,,0.646418,,,,,,,,,,0.5715037,,,,0.6901455,0.67763084,0.7221239,,,,,
Espeon,Confusion,Psychic,40,,,,1.5152250957951747,,,,,,,1.5665054881657945,,,,,,,,,,,,,,,,,,,,,,,,,,,1.4973302448986703,,,,,,,,,,
Espeon(Unscaled),Confusion,Psychic,40,,,,2.0874147,,,,,,,2.1527097,,,,,,,,,,,,,,,,,,,,,,,,,,,0.7649143,,,,,,,,,,
Shadow Aerodactyl,Rock Throw,Rock Slide,40,,,,,,,,,,,,,,,,,,,,,1.2082545039441244,,,,,,,,,,,,,,,,,,,,,,,,,,,
Shadow Aerodactyl(Unscaled),Rock Throw,Rock Slide,40,,,,,,,,,,,,,,,,,,,,,1.1339129,,,,,,,,,,,,,,,,,,,,,,,,,,,
Sirfetch'd,Unknown,Unknown,40,,,,,,,,,,,,,,,,,,,,,,,,,,,,,,,,,,,,,,,,,,,,,,,,
Sirfetch'd(Unscaled),Unknown,Unknown,40,,,,,,,,,,,,,,,,,,,,,,,,,,,,,,,,,,,,,,,,,,,,,,,,
Electivire,Thunder Shock,Wild Charge,40,,,1.1956074046077896,,1.194674794737641,1.21043074367138,,1.2548567251607812,,1.1903727453923412,,1.1836294896368802,1.2092074503229846,1.2379432473001142,1.3473479989847499,,1.186335422555965,1.2146536410319377,,,1.1545953586889495,1.2184961466361173,1.1718727057402862,,1.2090395702599985,,,,,,1.1945836989183858,1.1961027393542942,,1.2127748993512555,,,,,,1.2264877814575224,,1.3460372832223804,,,,1.2199546301574224,1.1884508047815427,
Electivire(Unscaled),Thunder Shock,Wild Charge,40,,,2.706301,,2.3335934,1.8386397,,2.7426062,,2.582839,,2.6435761,2.8156595,1.7604526,2.8495688,,0.58700216,0.66241044,,,1.0835553,0.6594705,0.7550036,,0.54062474,,,,,,0.7692462,0.73388594,,0.6374528,,,,,,0.4198642,,0.79328465,,,,0.7379447,0.78683066,
Flareon,Unknown,Unknown,40,,,,,,,,,,,,,,,,,,,,,,,,,,,,,,,,,,,,,,,,,,,,,,,,
Flareon(Unscaled),Unknown,Unknown,40,,,,,,,,,,,,,,,,,,,,,,,,,,,,,,,,,,,,,,,,,,,,,,,,
Shadow Cacturne,Sucker Punch or Poison Jab,Grass Knot,40,,,,,1.2587145823945514,1.239668538999637,,1.3537776084670106,,,,,,,,,,1.2638761539302779,,1.2587888216635785,,,,,,,,,,1.3321379470482992,,,,,1.328144672462017,,,,,,1.2955027179099283,,1.3964862028147873,1.2977508958067854,,1.288627682944087,,
Shadow Cacturne(Unscaled),Sucker Punch or Poison Jab,Grass Knot,40,,,,,2.4586842,1.8830518,,2.958807,,,,,,,,,,0.6892539,,0.93325853,,,,,,,,,,0.6379566,,,,,0.67601496,,,,,,0.7568551,,0.8166951,0.7796877,,0.7794847,,
Entei,Unknown,Unknown,40,,,,,,,,,,,,,,,,,,,,,,,,,,,,,,,,,,,,,,,,,,,,,,,,
Entei(Unscaled),Unknown,Unknown,40,,,,,,,,,,,,,,,,,,,,,,,,,,,,,,,,,,,,,,,,,,,,,,,,
Ho-Oh,Unknown,Unknown,40,,,,,,,,,,,,,,,,,,,,,,,,,,,,,,,,,,,,,,,,,,,,,,,,
Ho-Oh(Unscaled),Unknown,Unknown,40,,,,,,,,,,,,,,,,,,,,,,,,,,,,,,,,,,,,,,,,,,,,,,,,
Shadow Granbull,Charm,Play Rough,40,,,,,,,,,,,,,,,,,,,,,,1.207781843698734,,,,,,,,,,,,,,,,,,1.2248172613998891,,,,,,,,
Shadow Granbull(Unscaled),Charm,Play Rough,40,,,,,,,,,,,,,,,,,,,,,,0.65367174,,,,,,,,,,,,,,,,,,0.41929233,,,,,,,,
Groudon,Mud Shot,Earthquake,40,,,,,,,,,1.369953459338062,,,,,,,,,,,,,,,,,,,,,,,,,,,,,,,,,,,,,,,
Groudon(Unscaled),Mud Shot,Earthquake,40,,,,,,,,,3.3665524,,,,,,,,,,,,,,,,,,,,,,,,,,,,,,,,,,,,,,,
