Attacker,Fast Move,Charged Move,Level,[Blanks],[Average],[Average T5/Mega only],"Arceus (Water), Tier 5","Keldeo, Tier 5","Manaphy, Tier 5","Phione, Tier 5","Kyogre, Tier 5","Suicune, Tier 5","Mega Blastoise, Mega Tier","Mega Gyarados, Mega Tier","Mega Sharpedo, Mega Tier","Mega Slowbro, Mega Tier","Alomomola, Tier 3","Azumarill, Tier 3","Cloyster, Tier 3","Crawdaunt, Tier 3","Dewgong, Tier 3","Floatzel, Tier 3","Lapras, Tier 3","Lumineon, Tier 3","Octillery, Tier 3","Poliwrath, Tier 3","Sharpedo, Tier 3","Slowbro, Tier 3","Slowking, Tier 3","Starmie, Tier 3","Vaporeon, Tier 3","Walrein, Tier 3"
(Boss weights),,,,,,,8.333333333,8.333333333,8.333333333,8.333333333,8.333333333,8.333333333,8.75,8.75,8.75,8.75,0.9375,0.9375,0.9375,0.9375,0.9375,0.9375,0.9375,0.9375,0.9375,0.9375,0.9375,0.9375,0.9375,0.9375,0.9375,0.9375
Shadow Raikou,Thunder Shock or Volt Switch,Wild Charge,40,0,1.009770382,1.010538048,1,1.073897892,1,1.002710079,1,1.007592933,1,1,1,1.022178268,1,1,1,1,1,1,1,1,1,1.075118742,1.011605684,1,1,1,1,1
Shadow Electivire,Thunder Shock,Wild Charge,40,0,1.055336891,1.059446312,1.025660289,1.107303644,1.017406998,1,1.113278634,1,1.064547523,1.108129146,1.129960046,1.023746919,1.030437634,1.015135558,1.011031934,1.034478997,1.004475333,1.02068572,1.032380638,1.010289262,1.039786433,1.102147485,1.051029572,1.025864012,1.015418666,1.038160565,1.020133173,1.061347772
Shadow Magnezone,Charge Beam or Spark,Wild Charge,40,0,1.054149168,1.054822,1.002339923,1.19197482,1.05307108,1.046651466,1.089184442,1.040669691,1.019795975,1.050601316,1.058453168,1,1.04414668,1.031511806,1.021540549,1.051542143,1.041357563,1.035997413,1.033043754,1.029660761,1.03083454,1.16079594,1.04877044,1.022053678,1.039528872,1.044038413,1.070676606,1.099884008
Shadow Zapdos,Thunder Shock,Thunderbolt,40,0,1.062333566,1.063455165,1.062388789,1.068108507,1.045046012,1.044934345,1.132629582,1.057153063,1.053581837,1.062349741,1.066418762,1.043347174,1.047968585,1.030974634,1.062040217,1.045262662,1.070195634,1.030555879,1.073056783,1.030861117,1.057829008,1.112137082,1.039369321,1.054042905,1.056427402,1.079570772,1.052952148,1.052401267
Zekrom,Charge Beam,Wild Charge,40,0,1.086380968,1.084924674,1.118102138,1.131080982,1.076091109,1.055810673,1.04335226,1.069485004,1.114436596,1.083012897,1.063842744,1.093288244,1.097462529,1.103694654,1.120166837,1.072694612,1.101230405,1.059820324,1.09673,1.076571512,1.110849365,1.153468897,1.089919473,1.098853768,1.09465099,1.081252292,1.084178383,1.072588828
Shadow Tangrowth,Vine Whip,Power Whip,40,0,1.119125492,1.118528798,1.119557471,1.179511897,1.112901234,1.078498946,1.131906666,1.1145822,1.12943761,1.113838876,1.105242917,1.10103805,1.121340981,1.126971845,1.114575833,1.091558589,1.126823689,1.06036161,1.117167988,1.132293712,1.142009999,1.208020121,1.121873562,1.140190242,1.159221643,1.134547918,1.075492813,1.08765761
Zarude,Vine Whip,Power Whip,40,0,1.121041348,1.115834625,1.083273453,1.183117527,1.09672726,1.120321104,1.116113791,1.111216618,1.118572665,1.091946782,1.128189609,1.109618017,1.161423365,1.145329239,1.163196682,1.141596454,1.161309801,1.117868387,1.164486253,1.141152426,1.170971382,1.234034281,1.110852927,1.134840491,1.13584709,1.145758394,1.133389784,1.146680743
Thundurus (Therian),Volt Switch,Thunderbolt,40,0,1.133209753,1.135684261,1.117250329,1.142748699,1.111437016,1.103616717,1.21216845,1.11845346,1.113150065,1.146686012,1.145056891,1.145873504,1.103985731,1.082548997,1.143070133,1.117557933,1.119647098,1.097737054,1.131161357,1.090783505,1.103408254,1.181626575,1.10267878,1.111596431,1.116399607,1.153586209,1.1071212,1.144091779
Shadow Venusaur,Vine Whip,Frenzy Plant,40,0,1.152160685,1.15372109,1.202922904,1.150076861,1.129640705,1.115363751,1.206852273,1.12223932,1.153448008,1.122245773,1.142148191,1.192500223,1.153877466,1.127097854,1.165309904,1.126472569,1.163705873,1.085577348,1.149941843,1.104521917,1.152047116,1.178919224,1.14513462,1.16245997,1.18976964,1.137866069,1.086001509,1.164391323
Shadow Mewtwo,Confusion or Psycho Cut,Thunderbolt,40,0,1.178473943,1.178375434,1.128510939,1,1.113129972,1.112866181,1.119860142,1.125656851,1.152723434,1.52887042,1.281915078,1.19782949,1.110617799,1.118341239,1.107471199,1.533581565,1.114222171,1.09214395,1.139609594,1.119465323,1.124211043,1,1.518999825,1.208294056,1.210530875,1.238282787,1.12660408,1.102139047
Shadow Torterra,Razor Leaf,Frenzy Plant,40,0,1.172886304,1.173866977,1.114073133,1.195692269,1.147441901,1.117134263,1.225531642,1.141763334,1.367579291,1.150045662,1.129046172,1.145525655,1.137496705,1.146614178,1.229991116,1.125597596,1.235502845,1.102484608,1.206673769,1.129521337,1.149161544,1.24695838,1.144265285,1.139581234,1.20960308,1.155823422,1.143108922,1.174882542
Raikou,Thunder Shock or Volt Switch,Wild Charge,40,0,1.192327395,1.192537801,1.165738922,1.270666011,1.162643689,1.201015184,1.176995297,1.172952799,1.204241064,1.175452998,1.194473147,1.200950569,1.184393052,1.193742474,1.18514321,1.183866766,1.203207969,1.167792659,1.173667099,1.1699638,1.197676132,1.283961027,1.205005852,1.173675189,1.176662729,1.203935823,1.170625193,1.184842605
Electivire,Thunder Shock,Wild Charge,40,0,1.209967419,1.211357141,1.195607405,1.261239055,1.194674795,1.210430744,1.254856725,1.188428175,1.18362949,1.20920745,1.237943247,1.179320706,1.184518485,1.183806342,1.154595359,1.218496147,1.168503788,1.190339107,1.194583699,1.1738139,1.212774899,1.315663768,1.226487781,1.177222282,1.184699141,1.239567092,1.21995463,1.188450805
Shadow Victreebel,Acid or Razor Leaf,Leaf Blade,40,10,1.215879231,1.217008543,,,1.189799171,1.184938053,1.221445566,1.194228922,1.296385545,1.231100359,1.197465878,,1.226661439,1.190084241,,1.219627117,,1.197732964,,1.189613843,1.211054058,,1.228430144,,,1.21890973,1.189025471,
Shadow Exeggutor,Bullet Seed or Confusion,Solar Beam or Seed Bomb,40,2,1.215981879,1.222741146,1.291529207,1.222646387,1.145287374,1.144201348,1.277220357,1.183988753,1.270471902,1.229792875,1.283762093,1.1751029,1.159332002,1.180867121,,1.198470712,,1.148081933,1.175226859,1.179345214,1.184940653,1.130606735,1.163834764,1.186002084,1.201099917,1.184316424,1.098702155,1.220079523
Magnezone,Spark,Wild Charge,40,0,1.227874529,1.226089292,1.171997447,1.316872048,1.228025544,1.223507472,1.226939543,1.22483978,1.212237665,1.212275283,1.229558619,1.216336949,1.239097223,1.234613477,1.214282921,1.225873468,1.221776473,1.208776652,1.203513654,1.221256819,1.229437853,1.394920622,1.25285534,1.188992032,1.195693998,1.242160308,1.250739632,1.283863524
Shadow Shiftry,Snarl or Razor Leaf,Leaf Blade,40,8,1.22929237,1.227857524,1.272858423,,1.202146448,1.20184672,1.283910807,1.207016893,,1.250164386,1.227821163,1.178452098,1.250433044,1.275849087,,1.217639115,,1.214061264,,1.259941822,1.300149977,,1.250443285,1.165784698,,1.227582027,1.234985994,
Shadow Manectric,Thunder Fang,Wild Charge,40,4,1.24836019,1.26150837,1.30993399,,1.217168901,1.166639192,1.308991596,1.217227016,1.331645361,,1.274781999,,1.161576626,1.157502737,1.212876059,1.196687693,1.174358816,1.207295533,1.172572968,1.152935255,1.164062828,,1.225977573,1.184287058,1.186407527,1.223080158,1.246755388,1.229230449
Zapdos,Thunder Shock,Thunderbolt,40,7,1.24598238,1.246588113,1.222511322,,1.221410992,1.262076232,1.305641247,1.241979887,1.266592163,1.235069925,1.245950189,1.219045783,1.250014933,1.23461639,1.242184129,,,1.225169817,1.243823308,1.235355715,1.267290647,,1.234832232,,,,1.262632188,1.214368898
Shadow Gallade,Low Kick or Confusion,Leaf Blade,40,17,1.252552156,1.251762866,,1.225515782,,,,,,,1.276760089,,,,,1.246852181,1.235186143,,1.254484467,1.3169491,,1.241439883,1.244462807,,,,,1.24287313
Breloom,Bullet Seed or Counter,Grass Knot or Dynamic Punch,40,18,1.247126676,1.245717461,,,,1.29982524,,,,1.217314672,1.222589033,,,,,1.191731822,,1.313697512,,,,,1.239678718,,,,1.287928058,1.241428965
Roserade,Poison Jab or Razor Leaf,Grass Knot,40,11,1.254861253,1.257931083,,,1.27117802,1.216799357,1.296324279,1.240488807,1.257569257,1.269835966,1.252991712,,1.271678102,1.197096807,,1.232153891,,1.194970473,1.242207098,1.235671223,1.258568295,,,,,,1.211439387,
Hariyama,Counter,Dynamic Punch,40,23,1.259792366,1.259976799,,,,,,,,1.266579558,1.25337404,,,,,,,,,,,,1.256349624,,,,,
Shadow Porygon-Z,Charge Beam or Lock-On or Hidden Power Grass,Solar Beam,40,11,1.275812046,1.291608069,1.316013018,,1.320244809,1.239969066,,1.251819425,1.328166123,,,,1.228800345,1.20273431,,1.238032036,1.187488712,1.234713121,1.204218994,1.171383791,1.192025686,,,,,,1.180892492,1.20876506
Mewtwo,Confusion or Psycho Cut,Thunderbolt,40,18,1.276210162,1.276141422,1.284336877,1.175811717,,,1.317552933,1.302140003,1.29968824,,,,1.311977008,,,,,,,,,1.191219571,,,,,1.328519552,
Shadow Vileplume,Razor Leaf,Solar Beam,40,16,1.275949298,1.278921011,,,1.318961871,1.243118976,,1.293461866,1.2610356,,,,1.27178382,1.249246283,,,,1.255065249,,1.244315115,1.277919641,,,,,,1.250384033,
Luxray,Spark,Wild Charge,40,13,1.276352707,1.277474761,1.270824217,,1.296540973,1.28236226,1.324532824,1.256618481,1.236041477,,,,1.270143722,1.261383144,,,1.236595816,1.271165423,,1.252503323,1.284470518,,,,,,1.297865432,
Shadow Cacturne,Poison Jab or Sucker Punch,Grass Knot,40,17,1.280645151,1.288053873,,,1.258714582,1.239668539,1.353777608,1.300054764,,,,,,1.231778802,,,,1.288317433,,,,,,1.129897103,,1.201183482,1.288627683,
Shadow Magneton,Thunder Shock or Spark,Discharge,40,14,1.29257576,1.296568675,1.245893892,,1.291724427,1.293979208,1.357243167,1.253712793,1.334939996,,,,1.273462864,1.270327318,1.240965979,,1.241400743,,,1.23441076,1.280156792,,,,,,,
Tangrowth,Vine Whip,Power Whip,40,15,1.293833321,1.29374085,1.287569253,,1.289967785,1.276451975,1.287875314,1.299999917,1.340582436,1.274704774,1.291497249,,1.306768415,,,,,1.284312277,,,,,,,,,1.297118311,
Shadow Arcanine,Snarl or Thunder Fang,Wild Charge,40,15,1.300104146,1.308309047,1.253806069,,1.310716462,,1.383199736,1.288114435,1.30583237,,,,1.255129451,1.238668914,1.212787511,,,,,1.238470052,1.281426085,,,,1.205833952,,,
Exeggutor (Alola),Bullet Seed,Solar Beam,40,24,1.311688697,1.312892619,,,,1.312892619,,,,,,,,,,,,1.300987161,,,,,,,,,,
Shadow Tangela,Vine Whip,Power Whip,40,17,1.318978633,1.320409152,,,1.315575448,1.301494895,1.344337471,1.270340597,1.367921721,,,,,,,,,1.28201978,,1.306094752,1.334037207,,,,,,1.289548404,
Sceptile,Bullet Seed or Fury Cutter,Frenzy Plant,40,14,1.318110279,1.321423295,1.363204349,,1.303430952,1.269921347,1.384958161,1.296657341,1.360177197,1.27214018,,,1.28892834,,,,,1.232995575,,1.29723268,1.312973124,,,,,,1.249333521,
Shadow Ho-Oh,Hidden Power Flying or Hidden Power Grass,Solar Beam,40,19,1.318851846,1.321757702,1.337744587,1.305770816,,,,,,,,,1.308955649,1.295296767,,,,,,1.272196648,1.339714555,1.326435963,,,,,,
Heracross,Counter,Close Combat,40,25,1.320549371,1.320549371,,,,,,,,1.320549371,,,,,,,,,,,,,,,,,,
Shadow Absol,Snarl,Thunder,40,23,1.323526932,1.328685693,,,,,,,,,,1.328685693,,,,,,,,,,,,1.312392148,1.286513286,,,
Venusaur,Vine Whip,Frenzy Plant,40,20,1.325797561,1.327895714,1.325924676,,1.319062622,,1.340590479,,1.326095111,,,,,,,,,1.257363846,,,,,,,,,1.318697751,
Torterra,Razor Leaf,Frenzy Plant,40,25,1.329091225,1.329091225,1.329091225,,,,,,,,,,,,,,,,,,,,,,,,,
Latios,Zen Headbutt,Solar Beam,40,24,1.355446799,1.354254291,,1.354254291,,,,,,,,,,,,,,,,,,1.366046874,,,,,,
Jolteon,Thunder Shock,Thunderbolt,40,25,1.358097275,1.358097275,,,,,,,1.358097275,,,,,,,,,,,,,,,,,,,
Golem (Alola),Volt Switch,Wild Charge,40,25,1.358317703,1.358317703,1.358317703,,,,,,,,,,,,,,,,,,,,,,,,,
Leafeon,Razor Leaf,Leaf Blade,40,24,1.366550604,1.366550604,1.373229281,,,,1.359871927,,,,,,,,,,,,,,,,,,,,,
Shadow Pinsir,Bug Bite,Superpower,40,23,1.405175402,1.415295962,,,,,,,,1.415295962,,,,,,1.353655679,,,,,,,1.36223656,,,,,
Shadow Banette,Shadow Claw,Thunder,40,22,1.429272245,1.435120055,,,,,,,,,,1.435120055,,,,,,,,,,,,1.41547975,1.400933961,1.416823465,,
Shadow Machamp(Unscaled),Karate Chop or Counter,Dynamic Punch,40,18,1.615052618,1.930671,,,,,,,,2.399991,1.461351,,,,0.94428325,0.5441807,0.6486406,,0.6548069,,,,0.34233052,,,,,0.6645306
Shadow Alakazam,Confusion or Counter,Focus Blast,40,22,1.49786299,1.575310497,,1.575310497,,,,,,,,,,,1.235521383,1.328710404,1.240934891,,,,,,,,,,,
Shadow Hariyama(Unscaled),Counter,Dynamic Punch,40,18,1.669149421,1.98947355,,,,,,,,2.485984,1.4929631,,,,1.0023924,0.56949216,0.6973719,,0.70239186,,,,0.3611533,,,,,0.70271116
Shadow Gallade(Unscaled),Low Kick or Confusion,Leaf Blade,40,17,1.623288597,1.965006761,,2.121828,,,,,,,1.8156532,,,,,0.67481726,0.79808897,,0.807819,0.8233762,,0.7831751,0.4260176,,,,,0.82286173
Shadow Metagross,Zen Headbutt,Earthquake,40,24,1.570263322,1.570939175,,1.570939175,,,,,,,,,,,,,,,,,,1.564255742,,,,,,
Conkeldurr(Unscaled),Counter,Dynamic Punch,40,18,1.770298622,2.11157415,,,,,,,,2.6434948,1.5796535,,,,1.0623299,0.6098575,0.7377038,,0.71555936,,,,0.3858696,,,,,0.73999506
Lucario(Unscaled),Counter,Aura Sphere,40,18,1.777893676,2.13320805,,,,,,,,2.6126163,1.6537998,,,,0.97458214,0.5959259,0.6772175,,0.69290316,,,,0.37239262,,,,,0.72180575
Chandelure,Hex,Energy Ball,40,22,1.65108618,1.653881061,,,,,,,,,,1.653881061,,,,,,,,,,,,1.625212081,1.575531453,1.726429446,,
Machamp(Unscaled),Counter,Dynamic Punch,40,18,1.853005186,2.2107363,,,,,,,,2.7337441,1.6877285,,,,1.1103997,0.6387072,0.7590362,,0.7549851,,,,0.40869716,,,,,0.7685583
Shadow Weavile,Feint Attack or Snarl,Avalanche,40,22,1.712971059,1.706669774,,,,,,,,,,1.706669774,,,,,,,,,,,,1.684446894,1.698366955,1.814911326,,
Alakazam,Confusion,Focus Blast,40,24,1.722870707,1.727090513,,1.727090513,,,,,,,,,,,,,,,,,,1.685361324,,,,,,
Shadow Raikou(Unscaled),Thunder Shock or Volt Switch,Wild Charge,40,0,1.828930191,2.044247671,2.2635365,1.8593205,1.9533294,1.5231128,2.1855931,2.1898255,2.233449,2.3285165,1.4220786,2.4698687,0.49556184,0.5595598,0.9384719,0.54121673,0.6461285,0.45417708,0.643945,0.6252149,0.5256151,0.6782497,0.3463035,0.66984427,0.66960853,0.6799087,0.6048952,0.66206414
Darkrai,Feint Attack or Snarl,Focus Blast,40,22,1.774254885,1.774945517,,,,,,,,,,1.774945517,,,,,,,,,,,,1.748163196,1.739486652,1.828668908,,
Metagross,Zen Headbutt,Earthquake,40,24,1.824399025,1.827237535,,1.827237535,,,,,,,,,,,,,,,,,,1.799167825,,,,,,
Exeggutor (Alola)(Unscaled),Bullet Seed,Solar Beam,40,24,1.852362011,1.9942789,,,,1.9942789,,,,,,,,,,,,0.59087855,,,,,,,,,,
Shadow Electivire(Unscaled),Thunder Shock,Wild Charge,40,0,1.913828836,2.141371219,2.3216195,1.9171584,1.987331,1.5189962,2.4331741,2.1733236,2.3776126,2.580297,1.606892,2.473659,0.51064557,0.56802905,0.94882506,0.55987734,0.64902014,0.46357206,0.66479635,0.6316479,0.54652745,0.69530106,0.3597995,0.68716913,0.679933,0.7058544,0.61707366,0.7026803
Breloom(Unscaled),Bullet Seed or Counter,Grass Knot or Dynamic Punch,40,18,1.950519588,2.185884629,,,,1.9744296,,,,2.8345373,1.7386177,,,,,0.6449852,,0.5966513,,,,,0.42437986,,,,0.7790615,0.8219056
Shadow Magnezone(Unscaled),Charge Beam or Spark,Wild Charge,40,0,1.90367029,2.127395285,2.268833,2.063756,2.0569947,1.5898596,2.380514,2.261712,2.2776623,2.4463425,1.5052036,2.4162798,0.51743925,0.57719254,0.9586871,0.5691122,0.6728508,0.47052628,0.66522336,0.64375925,0.5418222,0.73230004,0.35902613,0.6846168,0.6960774,0.7098508,0.64764714,0.72819376
Shadow Zapdos(Unscaled),Thunder Shock,Thunderbolt,40,0,1.926345004,2.153256364,2.4047558,1.8492969,2.0413191,1.5872513,2.4754674,2.2975357,2.3531213,2.4736989,1.5165313,2.5210187,0.51933324,0.57689196,0.9966949,0.56571364,0.6914839,0.46805486,0.69098955,0.64450973,0.5560109,0.7016031,0.35580784,0.7060446,0.7073928,0.73400956,0.6369257,0.69675714
Shadow Staraptor,Wing Attack,Close Combat,40,24,1.883631271,1.884322494,,1.884322494,,,,,,,,,,,,,,,,,,1.87748707,,,,,,
Zekrom(Unscaled),Charge Beam,Wild Charge,40,0,1.968171925,2.198361142,2.530865,1.9583259,2.1019604,1.6037724,2.2803435,2.324337,2.4890373,2.5218134,1.512868,2.6416903,0.54386055,0.61758316,1.0512451,0.58056027,0.71153635,0.4813461,0.7062338,0.67308855,0.5838792,0.7276777,0.3731127,0.7360609,0.73298764,0.73515284,0.6558143,0.7101226
Yveltal,Snarl,Focus Blast,40,25,1.937587692,1.937587692,,,,,,,,,,1.937587692,,,,,,,,,,,,,,,,
Zarude(Unscaled),Vine Whip,Power Whip,40,0,2.02065039,2.254080426,2.452029,2.0484207,2.1422696,1.7017635,2.4393706,2.4150333,2.498275,2.5426161,1.6043743,2.6811476,0.5755571,0.6408802,1.0916274,0.6178511,0.75035536,0.5077102,0.7498651,0.7134655,0.61548024,0.7785032,0.38027886,0.7601664,0.7605729,0.7790111,0.68558204,0.7591762
Shadow Tangrowth(Unscaled),Vine Whip,Power Whip,40,0,2.027110946,2.264742872,2.5341592,2.042178,2.1738627,1.6382358,2.4738874,2.4223478,2.5225413,2.5935922,1.5717423,2.660416,0.5556938,0.63060814,1.0459981,0.59076977,0.7280729,0.48159194,0.71939474,0.7079269,0.6002577,0.7620919,0.38405156,0.7637499,0.7762247,0.771389,0.65056044,0.7200991
Shadow Mewtwo(Unscaled),Confusion or Psycho Cut,Thunderbolt,40,3,2.034633129,2.262397903,2.5544257,1.7313755,2.1743095,1.6904395,2.4475586,2.4464166,2.574549,,1.822984,2.8942912,0.5503798,0.6257788,1.0393306,,0.7199307,0.49602675,0.7338459,0.6999064,0.5909023,0.63086027,,0.80936885,0.8105818,0.84191924,0.6814774,0.72968674
Thundurus (Therian)(Unscaled),Volt Switch,Thunderbolt,40,0,2.057395424,2.300582868,2.5289369,1.9785271,2.1710026,1.6763896,2.649307,2.4307613,2.4861639,2.6700773,1.6283609,2.768751,0.5470932,0.6057509,1.0727392,0.60484105,0.7234359,0.49856701,0.7284057,0.6819741,0.57996804,0.74544126,0.3774806,0.7445965,0.7475507,0.7843333,0.6696923,0.75746214
Shadow Venusaur(Unscaled),Vine Whip,Frenzy Plant,40,0,2.093333682,2.340320411,2.7228599,1.9912149,2.2065604,1.6942333,2.637688,2.4389892,2.5761673,2.6131678,1.6242245,2.8814142,0.57181764,0.63067865,1.0936106,0.6096658,0.75190353,0.49304435,0.7404993,0.69056356,0.60553336,0.7437333,0.39201453,0.77866715,0.7966799,0.77364504,0.6569171,0.77090174
Shadow Torterra(Unscaled),Razor Leaf,Frenzy Plant,40,0,2.131621139,2.382474489,2.5217452,2.0701923,2.241332,1.6969227,2.6785135,2.4814212,3.0544186,2.6779003,1.6055924,2.7679105,0.56369996,0.6415992,1.1543121,0.60919225,0.7982936,0.50072324,0.77703154,0.70619357,0.60401666,0.7866565,0.39171693,0.76334196,0.80996054,0.7858544,0.6914611,0.7778476
Raikou(Unscaled),Thunder Shock or Volt Switch,Wild Charge,40,2,2.166827489,2.433064348,2.6386926,,2.2710261,1.8243375,2.5724328,2.549206,2.689611,2.7370617,1.6986347,2.9018326,0.58694,0.6679703,1.1122236,0.6407285,0.77742696,0.53038466,0.75577706,0.7314788,0.62951666,,0.41251028,0.7861796,0.7879034,0.81856644,0.70810556,0.7844418
Shadow Manectric(Unscaled),Thunder Fang,Wild Charge,40,4,2.146649914,2.485554818,2.9650834,,2.3775318,1.7721205,2.860923,2.6454282,2.974162,,1.8128402,,0.57563305,0.647692,1.1382501,0.6476674,0.7587867,0.54832596,0.7550725,0.7208323,0.611849,,0.41968954,0.7932879,0.7944286,0.83158284,0.75415635,0.8138294
Shadow Victreebel(Unscaled),Acid or Razor Leaf,Leaf Blade,40,10,2.190836733,2.409398749,,,2.3240697,1.7999164,2.669583,2.5954459,2.895411,2.8666375,1.7028906,,0.6078866,0.6659233,,0.6600826,,0.54398286,,0.7437643,0.6365483,,0.42052913,,,0.82874733,0.7192358,
Shadow Lugia,Extrasensory,Hydro Pump,40,24,2.12767374,2.116271369,,2.116271369,,,,,,,,,,,,,,,,,,2.229028149,,,,,,
Shadow Scizor,Fury Cutter,Iron Head,40,24,2.120394636,2.104560283,,,,,,,,,,2.104560283,,,,,,,,,,,2.268181931,,,,,
Electivire(Unscaled),Thunder Shock,Wild Charge,40,1,2.201904857,2.447095838,2.706301,2.1836784,2.3335934,1.8386397,2.7426062,2.582839,2.6435761,2.8156595,1.7604526,2.8495688,0.58700216,0.66241044,1.0835553,0.6594705,0.7550036,0.54062474,0.7692462,0.73388594,0.6374528,,0.4198642,0.7885556,0.79328465,0.84279245,0.7379447,0.78683066
Shadow Exeggutor(Unscaled),Bullet Seed or Confusion,Solar Beam or Seed Bomb,40,2,2.236470976,2.476915702,2.9234235,2.11686,2.2371235,1.7380375,2.791484,2.5731907,2.8375342,2.863593,1.8256106,2.8393774,0.5745207,0.66076577,,0.6486324,,0.5214325,0.75678146,0.7373442,0.6228227,0.71325487,0.39841616,0.7944367,0.80426675,0.80522704,0.66459966,0.8077709
Magnezone(Unscaled),Spark,Wild Charge,40,3,2.240038615,2.498083529,2.652859,,2.3987384,1.8585032,2.6815906,2.6619732,2.707471,2.822803,1.748529,2.9390104,0.6140493,0.69084007,1.1395704,0.66346323,0.7894246,0.54899865,0.7749966,0.76354796,0.6462111,,0.42889062,0.7964395,0.8006469,0.8445556,0.7565664,
Latios(Unscaled),Zen Headbutt,Solar Beam,40,24,2.194762678,2.3447227,,2.3447227,,,,,,,,,,,,,,,,,,0.8617847,,,,,,
Shadow Ho-Oh(Unscaled),Hidden Power Flying or Hidden Power Grass,Solar Beam,40,19,2.226797758,2.64440665,3.0280337,2.2607796,,,,,,,,,0.64866847,0.724796,,,,,,0.7953963,0.7041742,0.83679575,,,,,,
Shadow Vileplume(Unscaled),Razor Leaf,Solar Beam,40,16,2.26347087,2.526679712,,,2.576367,1.888293,,2.8111112,2.8164587,,,,0.63024753,0.699028,,,,0.57002187,,0.77796435,0.67169386,,,,,,0.7563513,
Shadow Porygon-Z(Unscaled),Charge Beam or Lock-On or Hidden Power Grass,Solar Beam,40,11,2.27628453,2.629018686,2.9788435,,2.578873,1.8835083,,2.7206087,2.9663913,,,,0.60894656,0.67300177,,0.67004365,0.7672703,0.5607784,0.7754508,0.7323666,0.6265467,,,,,,0.7143162,0.80028
Hariyama(Unscaled),Counter,Dynamic Punch,40,23,2.267396591,2.3658239,,,,,,,,2.9492514,1.7823964,,,,,,,,,,,,0.43008682,,,,,
Shadow Shiftry(Unscaled),Snarl or Razor Leaf,Leaf Blade,40,8,2.278137473,2.498660053,2.8811615,,2.348188,1.8256006,2.8061066,2.6232383,,2.9110284,1.7460582,2.84747,0.6196669,0.71391386,,0.65900666,,0.5513988,,0.7877344,0.68337846,,0.4280649,0.7808942,,0.8346437,0.7470371,
Shadow Alakazam(Unscaled),Confusion or Counter,Focus Blast,40,22,2.26467432,2.727454,,2.727454,,,,,,,,,,,1.1595021,0.7191203,0.8018034,,,,,,,,,,,
Roserade(Unscaled),Poison Jab or Razor Leaf,Grass Knot,40,11,2.28589257,2.487459815,,,2.4830294,1.8483136,2.8332374,2.6959836,2.8087168,2.956834,1.7818527,,0.63019514,0.66984725,,0.6668623,,0.5427282,0.79991305,0.77256006,0.6615225,,,,,,0.73279387,
Shadow Cacturne(Unscaled),Poison Jab or Sucker Punch,Grass Knot,40,17,2.30883653,2.531495675,,,2.4586842,1.8830518,2.958807,2.8254397,,,,,,0.6892539,,,,0.58512425,,,,,,0.7568551,,0.8166951,0.7794847,
Zapdos(Unscaled),Thunder Shock,Thunderbolt,40,7,2.361569188,2.561541568,2.767199,,2.385818,1.917089,2.8536005,2.6992242,2.828869,2.8758807,1.7718391,2.9455557,0.6194597,0.6908417,1.1657549,,,0.55644405,0.8009538,0.7723628,0.6661071,,0.42272076,,,,0.76376015,0.8039901
Luxray(Unscaled),Spark,Wild Charge,40,13,2.404248913,2.625062443,2.876557,,2.5325716,1.9479034,2.8948898,2.7310386,2.7606356,,,,0.62943476,0.7058193,,,0.7989998,0.5773342,,0.78308374,0.6751371,,,,,,0.78507257,
Shadow Magneton(Unscaled),Thunder Shock or Spark,Discharge,40,14,2.478108899,2.666205028,2.8201263,,2.5231633,1.9655495,2.9663813,2.7247236,2.9815204,,,,0.6310796,0.7108241,1.1646117,,0.8021044,,,0.771772,0.67286974,,,,,,,
Shadow Tangela(Unscaled),Vine Whip,Power Whip,40,17,2.505037474,2.664098311,,,2.5697522,1.9769658,2.9381747,2.7608612,3.0551834,,,,,,,,,0.582264,,0.8165899,0.7011901,,,,,,0.78004164,
Tangrowth(Unscaled),Vine Whip,Power Whip,40,15,2.524748622,2.601479633,2.91446,,2.519732,1.9389257,2.8147714,2.8253205,2.9941225,2.9681711,1.8366106,,0.64758456,,,,,0.5833052,,,,,,,,,0.78462064,
Shadow Metagross(Unscaled),Zen Headbutt,Earthquake,40,24,2.544632463,2.7198856,,2.7198856,,,,,,,,,,,,,,,,,,0.9868268,,,,,,
Shadow Arcanine(Unscaled),Snarl or Thunder Fang,Wild Charge,40,15,2.587414138,2.828363089,2.8380358,,2.560261,,3.0231118,2.7994895,2.91651,,,,0.62199426,0.69310933,1.138167,,,,,0.77430993,0.6735369,,,,0.8074367,,,
Mewtwo(Unscaled),Confusion or Psycho Cut,Thunderbolt,40,18,2.589056388,2.712959994,2.9071434,2.0357716,,,2.8796346,2.8299716,2.9027874,,,,0.65016574,,,,,,,,,0.7514931,,,,,0.8036151,
Sceptile(Unscaled),Bullet Seed or Fury Cutter,Frenzy Plant,40,14,2.622454482,2.775464731,3.0856628,,2.54603,1.9290057,3.026955,2.818056,3.0378864,2.9621994,,,0.6387437,,,,,0.55999833,,0.8110492,0.6901185,,,,,,0.75571585,
Shadow Pinsir(Unscaled),Bug Bite,Superpower,40,23,2.819764375,3.29554,,,,,,,,3.29554,,,,,,0.7326211,,,,,,,0.46633515,,,,,
Shadow Banette(Unscaled),Shadow Claw,Thunder,40,22,2.855212475,3.4676516,,,,,,,,,,3.4676516,,,,,,,,,,,,0.948151,0.93807733,0.9633106,,
Shadow Absol(Unscaled),Snarl,Thunder,40,23,2.797500444,3.2104764,,,,,,,,,,3.2104764,,,,,,,,,,,,0.87909836,0.86146027,,,
Venusaur(Unscaled),Vine Whip,Frenzy Plant,40,20,2.753605922,2.868563479,3.0012789,,2.5765638,,2.9299853,,2.9617658,,,,,,,,,0.57106584,,,,,,,,,0.79767394,
Alakazam(Unscaled),Confusion,Focus Blast,40,24,2.795375545,2.9902422,,2.9902422,,,,,,,,,,,,,,,,,,1.0632275,,,,,,
Metagross(Unscaled),Zen Headbutt,Earthquake,40,24,2.958493882,3.1636343,,3.1636343,,,,,,,,,,,,,,,,,,1.1350235,,,,,,
Chandelure(Unscaled),Hex,Energy Ball,40,22,3.293163008,3.9962394,,,,,,,,,,3.9962394,,,,,,,,,,,,1.088639,1.0549893,1.1738144,,
Torterra(Unscaled),Razor Leaf,Frenzy Plant,40,25,3.0084465,3.0084465,3.0084465,,,,,,,,,,,,,,,,,,,,,,,,,
Shadow Staraptor(Unscaled),Wing Attack,Close Combat,40,24,3.052331146,3.2624698,,3.2624698,,,,,,,,,,,,,,,,,,1.184432,,,,,,
Jolteon(Unscaled),Thunder Shock,Thunderbolt,40,25,3.033241,3.033241,,,,,,,3.033241,,,,,,,,,,,,,,,,,,,
Leafeon(Unscaled),Razor Leaf,Leaf Blade,40,24,3.04024065,3.04024065,3.1083546,,,,2.9721267,,,,,,,,,,,,,,,,,,,,,
Golem (Alola)(Unscaled),Volt Switch,Wild Charge,40,25,3.0746017,3.0746017,3.0746017,,,,,,,,,,,,,,,,,,,,,,,,,
Heracross(Unscaled),Counter,Close Combat,40,25,3.074921,3.074921,,,,,,,,3.074921,,,,,,,,,,,,,,,,,,
Shadow Weavile(Unscaled),Feint Attack or Snarl,Avalanche,40,22,3.404453078,4.1237917,,,,,,,,,,4.1237917,,,,,,,,,,,,1.1283171,1.137241,1.233974,,
Darkrai(Unscaled),Feint Attack or Snarl,Focus Blast,40,22,3.535749197,4.288765,,,,,,,,,,4.288765,,,,,,,,,,,,1.1709971,1.1647751,1.2433279,,
Shadow Lugia(Unscaled),Extrasensory,Hydro Pump,40,24,3.435737974,3.6640604,,3.6640604,,,,,,,,,,,,,,,,,,1.4062053,,,,,,
Shadow Scizor(Unscaled),Fury Cutter,Iron Head,40,24,4.668231797,5.0852065,,,,,,,,,,5.0852065,,,,,,,,,,,0.7764679,,,,,
Yveltal(Unscaled),Snarl,Focus Blast,40,25,4.681754,4.681754,,,,,,,,,,4.681754,,,,,,,,,,,,,,,,