Attacker,Fast Move,Charged Move,Level,"Arceus (Water), Tier 5","Keldeo, Tier 5","Manaphy, Tier 5","Phione, Tier 5","Kyogre, Tier 5","Suicune, Tier 5","Mega Blastoise, Mega Tier","Mega Gyarados, Mega Tier","Mega Sharpedo, Mega Tier","Mega Slowbro, Mega Tier","Alomomola, Tier 3","Azumarill, Tier 3","Cloyster, Tier 3","Crawdaunt, Tier 3","Dewgong, Tier 3","Floatzel, Tier 3","Lapras, Tier 3","Lumineon, Tier 3","Octillery, Tier 3","Poliwrath, Tier 3","Sharpedo, Tier 3","Slowbro, Tier 3","Slowking, Tier 3","Starmie, Tier 3","Vaporeon, Tier 3","Walrein, Tier 3"
(Battle settings),,,,"Extreme,Best Friend,No Dodging,Realistic Dodging","Extreme,Best Friend,No Dodging,Realistic Dodging","Extreme,Best Friend,No Dodging,Realistic Dodging","Extreme,Best Friend,No Dodging,Realistic Dodging","Extreme,Best Friend,No Dodging,Realistic Dodging","Extreme,Best Friend,No Dodging,Realistic Dodging","Extreme,Best Friend,No Dodging,Realistic Dodging","Extreme,Best Friend,No Dodging,Realistic Dodging","Extreme,Best Friend,No Dodging,Realistic Dodging","Extreme,Best Friend,No Dodging,Realistic Dodging","Extreme,No Friend,No Dodging,Realistic Dodging","Extreme,No Friend,No Dodging,Realistic Dodging","Extreme,No Friend,No Dodging,Realistic Dodging","Extreme,No Friend,No Dodging,Realistic Dodging","Extreme,No Friend,No Dodging,Realistic Dodging","Extreme,No Friend,No Dodging,Realistic Dodging","Extreme,No Friend,No Dodging,Realistic Dodging","Extreme,No Friend,No Dodging,Realistic Dodging","Extreme,No Friend,No Dodging,Realistic Dodging","Extreme,No Friend,No Dodging,Realistic Dodging","Extreme,No Friend,No Dodging,Realistic Dodging","Extreme,No Friend,No Dodging,Realistic Dodging","Extreme,No Friend,No Dodging,Realistic Dodging","Extreme,No Friend,No Dodging,Realistic Dodging","Extreme,No Friend,No Dodging,Realistic Dodging","Extreme,No Friend,No Dodging,Realistic Dodging"
(Boss weights),,,,12.5,12.5,12.5,12.5,12.5,12.5,8.75,8.75,8.75,8.75,1.5625,1.5625,1.5625,1.5625,1.5625,1.5625,1.5625,1.5625,1.5625,1.5625,1.5625,1.5625,1.5625,1.5625,1.5625,1.5625
Shadow Arcanine,Thunder Fang,Wild Charge,40,1.2538060685127013,,1.310716461852261,,,1.2902221167529344,1.3058323695772773,,,,1.2570546985116455,1.2386689143859153,1.212787511272314,,,,,1.261986608412517,1.281426085361703,,,,,,,
Shadow Arcanine(Unscaled),Thunder Fang,Wild Charge,40,2.8380358,,2.560261,,,2.7994895,2.91651,,,,0.62199426,0.69310933,1.138167,,,,,0.77430993,0.6735369,,,,,,,
Chandelure,Hex,Energy Ball,40,,,,,,,,,,1.653881061290998,,,,,,,,,,,,1.6252120810110087,1.5755314526832565,,,
Chandelure(Unscaled),Hex,Energy Ball,40,,,,,,,,,,3.9962394,,,,,,,,,,,,1.088639,1.0549893,,,
Shadow Raikou,Volt Switch or Thunder Shock,Wild Charge,40,1.0,1.0738978921672393,1.0,1.0027100791957215,1.0,1.0092416106327788,1.0,1.0,1.0,1.0221782675996383,1.0015339038258588,1.0,1.0,1.0,1.0028831035387282,1.0157101978447027,1.0,1.018988392903564,1.0,1.0751187422216333,1.011605684471253,1.0,1.0,1.0,1.0,1.0
Shadow Raikou(Unscaled),Volt Switch or Thunder Shock,Wild Charge,40,2.2635365,1.8593205,1.9533294,1.5231128,2.1855931,2.1898255,2.233449,2.3285165,1.4220786,2.4698687,0.49556184,0.5595598,0.9384719,0.54121673,0.6461285,0.45417708,0.643945,0.6252149,0.5256151,0.6782497,0.3463035,0.66984427,0.66960853,0.6799087,0.6048952,0.66206414
Mega Venusaur,Vine Whip,Frenzy Plant,40,1.1116116749166625,1.1278168716145054,1.0871506362418952,1.078450690001726,1.0799437919162538,1.0848041129458086,1.0967196475048233,1.0666167493337495,1.0859532658743334,1.1398914976651298,1.1143824027209541,1.113101691722672,1.1206900281191159,1.0949750204506796,1.1306659775156729,1.0987911208672716,1.123029606565778,1.1040304985149887,1.118006769592426,1.1787059597206844,1.0803647889764545,1.1217606444554642,1.1375185139890616,1.1196561685414528,1.0938893216543957,1.0900454448416432
Mega Venusaur(Unscaled),Vine Whip,Frenzy Plant,40,2.5161736,1.9526745,2.1235633,1.6381625,2.3603177,2.353779,2.4494674,2.4836347,1.5443109,2.7542968,0.5513996,0.62284696,1.0517361,0.5926188,0.7284553,0.4913269,0.7231693,0.6773937,0.58764124,0.74359876,0.36984184,0.75140494,0.7616921,0.76126397,0.6616884,0.72168
Lucario,Counter,Aura Sphere,40,,,,,,,,1.1220089271430973,1.1629454236917707,,,,1.0384776997585117,1.1010855115288103,1.0511376423896155,,1.0760284806932268,,,,1.0878160089261104,,,,,1.090235381121835
Lucario(Unscaled),Counter,Aura Sphere,40,,,,,,,,2.6126163,1.6537998,,,,0.97458214,0.5959259,0.6772175,,0.69290316,,,,0.37239262,,,,,0.72180575
Shadow Torterra,Razor Leaf,Frenzy Plant,40,1.1140731329050801,1.1956922689503229,1.1474419009922237,1.1171342627453578,1.2255316417314825,1.1436315489733422,,1.1500456621200665,1.129046172272053,1.1455256547689554,1.1392415152976276,1.1466141777876109,,1.125597595624954,,1.119804859298141,1.206673768722484,1.1509691323305482,1.1491615442554828,,1.1442652849065285,1.1395812343068934,,1.1558234215858687,1.1431089220083084,1.17488254234703
Shadow Torterra(Unscaled),Razor Leaf,Frenzy Plant,40,2.5217452,2.0701923,2.241332,1.6969227,2.6785135,2.4814212,,2.6779003,1.6055924,2.7679105,0.56369996,0.6415992,,0.60919225,,0.50072324,0.77703154,0.70619357,0.60401666,,0.39171693,0.76334196,,0.7858544,0.6914611,0.7778476
Shadow Magneton,Spark or Thunder Shock,Discharge,40,1.2458938921462057,,1.2917244270218837,1.2939792081112516,1.3572431666260294,1.2557641851339951,1.3349399963912318,,,,1.2754162334469932,,,,,,,1.2578502367233557,1.2801567915381427,,,,,,,
Shadow Magneton(Unscaled),Spark or Thunder Shock,Discharge,40,2.8201263,,2.5231633,1.9655495,2.9663813,2.7247236,2.9815204,,,,0.6310796,,,,,,,0.771772,0.67286974,,,,,,,
Shadow Tangela,Vine Whip,Power Whip,40,,,1.315575447745782,,1.3443374706847306,1.2724191969732506,,,,,,,,,,1.3021605639761653,,,,,,,,,1.2895484044178231,
Shadow Tangela(Unscaled),Vine Whip,Power Whip,40,,,2.5697522,,2.9381747,2.7608612,,,,,,,,,,0.582264,,,,,,,,,0.78004164,
Shadow Shiftry,Snarl or Razor Leaf,Leaf Blade,40,1.2728584230914766,,1.2021464480082058,1.2018467195638805,1.2839108066364229,1.208991879474229,,1.2501643857795295,1.2278211626277198,1.1784520981386346,1.2523510878655792,,,1.2176391147405956,,1.2331344070452248,,1.2838660919483094,1.3001499766654345,,,1.1657846979865931,,,1.234985994268098,
Shadow Shiftry(Unscaled),Snarl or Razor Leaf,Leaf Blade,40,2.8811615,,2.348188,1.8256006,2.8061066,2.6232383,,2.9110284,1.7460582,2.84747,0.6196669,,,0.65900666,,0.5513988,,0.7877344,0.68337846,,,0.7808942,,,0.7470371,
Mega Aerodactyl,Rock Throw,Iron Head,40,,,,,,,,,,,,,1.4538518414882746,,1.4721339312183848,,1.4312285521278991,,,,,,,,,1.4132459583145525
Mega Aerodactyl(Unscaled),Rock Throw,Iron Head,40,,,,,,,,,,,,,1.3643991,,0.9484532,,0.92163247,,,,,,,,,0.93565947
Terrakion,Smack Down,Sacred Sword,40,,,,,,,,,,,,,1.0337240784726747,,1.0660829061062813,,1.0669502830210653,,,,,,,,,1.0713800780691731
Terrakion(Unscaled),Smack Down,Sacred Sword,40,,,,,,,,,,,,,0.970121,,0.6868463,,0.6870573,,,,,,,,,0.70932233
Zarude,Vine Whip,Power Whip,40,1.0832734528469057,1.1831175270760155,1.0967272596214444,1.120321104160761,1.1161137908058,1.113034850230667,1.1185726649679488,1.0919467824256344,1.1281896092100676,1.1096180169200605,1.1632048771908876,1.1453292391626417,1.1631966817546695,1.1415964543446393,1.1646579777764325,1.1354303208998868,1.1644862527079176,1.16282107678038,1.1709713819104512,,1.110852926581013,1.1348404906113476,1.135847089642063,1.1457583937372768,1.1333897838832248,1.1466807430470407
Zarude(Unscaled),Vine Whip,Power Whip,40,2.452029,2.0484207,2.1422696,1.7017635,2.4393706,2.4150333,2.498275,2.5426161,1.6043743,2.6811476,0.5755571,0.6408802,1.0916274,0.6178511,0.75035536,0.5077102,0.7498651,0.7134655,0.61548024,,0.38027886,0.7601664,0.7605729,0.7790111,0.68558204,0.7591762
Zapdos,Thunder Shock,Thunderbolt,40,1.222511322437257,,1.2214109919197447,1.262076231658776,1.305641246762721,1.2440120818151832,1.2665921630625998,1.235069925422474,1.2459501886885858,,1.2519323352334704,1.2346163895261952,,,,1.2444174772425936,,1.2588131349884601,1.2672906467108727,,1.2348322317273959,,,,1.2626321881873093,1.2143688978533107
Zapdos(Unscaled),Thunder Shock,Thunderbolt,40,2.767199,,2.385818,1.917089,2.8536005,2.6992242,2.828869,2.8758807,1.7718391,,0.6194597,0.6908417,,,,0.55644405,,0.7723628,0.6661071,,0.42272076,,,,0.76376015,0.8039901
Shadow Alakazam,Confusion or Counter,Focus Blast,40,,1.5753104973473402,,,,,,,,,,,,1.3287104040556912,,,,,,,,,,,,
Shadow Alakazam(Unscaled),Confusion or Counter,Focus Blast,40,,2.727454,,,,,,,,,,,,0.7191203,,,,,,,,,,,,
Mega Beedrill,Poison Jab,Drill Run,40,,,,,,,,,,,,1.4598236864049203,,,,,,,,,,,,,,
Mega Beedrill(Unscaled),Poison Jab,Drill Run,40,,,,,,,,,,,,0.81685865,,,,,,,,,,,,,,
Sceptile,Bullet Seed or Fury Cutter,Frenzy Plant,40,,,1.3034309523012348,1.269921346742013,,1.2987790014744858,,,,,1.2909054325191247,,,,,1.2523661796341705,,1.321865043321458,1.3129731242500453,,,,,,1.2493335209140362,
Sceptile(Unscaled),Bullet Seed or Fury Cutter,Frenzy Plant,40,,,2.54603,1.9290057,,2.818056,,,,,0.6387437,,,,,0.55999833,,0.8110492,0.6901185,,,,,,0.75571585,
Shadow Vileplume,Razor Leaf,Solar Beam,40,,,,1.2431189755445078,,1.295578298433297,1.2610356000965324,,,,1.2737346142259565,1.249246282524227,,,,1.274782572369146,,1.2679426589845597,1.2779196411975227,,,,,,1.2503840334656318,
Shadow Vileplume(Unscaled),Razor Leaf,Solar Beam,40,,,,1.888293,,2.8111112,2.8164587,,,,0.63024753,0.699028,,,,0.57002187,,0.77796435,0.67169386,,,,,,0.7563513,
Magnezone,Spark,Wild Charge,40,1.1719974473572659,,1.2280255444882977,1.2235074715789283,1.2269395433212156,1.226843928810443,1.212237664706022,1.212275283426164,1.2295586193336994,,1.2409978794382877,1.2346134765220804,1.214282920991028,1.2258734684716783,,1.22776677195594,1.203513654116423,1.2444465233717152,1.229437852907955,,,,,,1.2507396322536533,
Magnezone(Unscaled),Spark,Wild Charge,40,2.652859,,2.3987384,1.8585032,2.6815906,2.6619732,2.707471,2.822803,1.748529,,0.6140493,0.69084007,1.1395704,0.66346323,,0.54899865,0.7749966,0.76354796,0.6462111,,,,,,0.7565664,
Shadow Exeggutor,Confusion or Bullet Seed,Solar Beam or Seed Bomb,40,1.2915292066198183,1.2226463872221824,1.145287374469457,1.1442013482324709,1.2772203572568013,1.18592605964872,1.2704719024253521,1.2297928745619795,,1.175102899920779,1.1611103056275784,1.1808671209046826,,1.198470712463009,,1.166118527464349,1.1752268594367532,1.2017390842328997,1.1849406533411997,1.1306067348321047,1.1638347641337967,,,1.1843164236610004,1.098702155348563,1.220079522808772
Shadow Exeggutor(Unscaled),Confusion or Bullet Seed,Solar Beam or Seed Bomb,40,2.9234235,2.11686,2.2371235,1.7380375,2.791484,2.5731907,2.8375342,2.863593,,2.8393774,0.5745207,0.66076577,,0.6486324,,0.5214325,0.75678146,0.7373442,0.6228227,0.71325487,0.39841616,,,0.80522704,0.66459966,0.8077709
Shadow Tangrowth,Vine Whip,Power Whip,40,1.1195574712402472,1.179511896754921,1.1129012341697206,1.0784989455536491,1.1319066664330153,1.1164059397357318,1.129437609723795,1.1138388755243949,1.1052429169526916,1.1010380503118886,1.1230610106012726,1.1269718446536008,1.1145758333307583,1.0915585887376391,1.1300724384614549,1.0770201011856744,1.1171679879492815,1.1537941500181808,1.142009999332211,1.2080201214763455,1.121873562427329,1.1401902415318115,1.1592216425319433,1.1345479179778108,1.0754928126392804,1.0876576097294741
Shadow Tangrowth(Unscaled),Vine Whip,Power Whip,40,2.5341592,2.042178,2.1738627,1.6382358,2.4738874,2.4223478,2.5225413,2.5935922,1.5717423,2.660416,0.5556938,0.63060814,1.0459981,0.59076977,0.7280729,0.48159194,0.71939474,0.7079269,0.6002577,0.7620919,0.38405156,0.7637499,0.7762247,0.771389,0.65056044,0.7200991
Shadow Electivire,Thunder Shock,Wild Charge,40,1.0256602886677553,1.1073036438369377,1.017406997508971,1.0,1.1132786336120846,1.0016362538888277,1.0645475226880041,1.1081291457457998,1.129960045809001,1.0237469187136359,1.0320182264104132,1.0151355583442556,1.0110319339343032,1.0344789969814865,1.0073713390793626,1.0367208948057802,1.0323806380979743,1.0294730315958738,1.0397864330762188,1.1021474850524349,1.051029572239133,1.0258640116455724,1.0154186655895796,1.0381605647934788,1.0201331734819519,1.0613477721357933
Shadow Electivire(Unscaled),Thunder Shock,Wild Charge,40,2.3216195,1.9171584,1.987331,1.5189962,2.4331741,2.1733236,2.3776126,2.580297,1.606892,2.473659,0.51064557,0.56802905,0.94882506,0.55987734,0.64902014,0.46357206,0.66479635,0.6316479,0.54652745,0.69530106,0.3597995,0.68716913,0.679933,0.7058544,0.61707366,0.7026803
Shadow Lugia,Extrasensory,Hydro Pump,40,,2.116271369209048,,,,,,,,,,,,,,,,,,2.2290281491335637,,,,,,
Shadow Lugia(Unscaled),Extrasensory,Hydro Pump,40,,3.6640604,,,,,,,,,,,,,,,,,,1.4062053,,,,,,
Shadow Absol,Snarl,Thunder,40,,,,,,,,,,1.3286856927744877,,,,,,,,,,,,1.3123921475061657,1.286513285605845,,,
Shadow Absol(Unscaled),Snarl,Thunder,40,,,,,,,,,,3.2104764,,,,,,,,,,,,0.87909836,0.86146027,,,
Raikou,Volt Switch or Thunder Shock,Wild Charge,40,1.1657389222572732,,1.162643689282514,1.2010151835797878,1.1769952970660458,1.1748720476927244,1.2042410639329577,1.175452997648932,1.1944731465616598,,1.1862097967663323,1.1937424739947364,1.185143209935215,1.1838667662767925,1.2066769418459002,1.1861389129156303,1.1736670988981979,1.1921795319577753,1.1976761322115745,,1.2050058522389415,1.1736751887121464,1.1766627285945717,1.2039358225597054,1.1706251925953457,1.1848426045246914
Raikou(Unscaled),Volt Switch or Thunder Shock,Wild Charge,40,2.6386926,,2.2710261,1.8243375,2.5724328,2.549206,2.689611,2.7370617,1.6986347,,0.58694,0.6679703,1.1122236,0.6407285,0.77742696,0.53038466,0.75577706,0.7314788,0.62951666,,0.41251028,0.7861796,0.7879034,0.81856644,0.70810556,0.7844418
Latios,Zen Headbutt,Solar Beam,40,,1.3542542908802857,,,,,,,,,,,,,,,,,,1.3660468743736232,,,,,,
Latios(Unscaled),Zen Headbutt,Solar Beam,40,,2.3447227,,,,,,,,,,,,,,,,,,0.8617847,,,,,,
Mega Absol,Snarl,Thunder,40,,,,,,,,,,1.2146285376387287,,,,,,,,,,,,1.1832691500070607,1.144483703037654,1.2783914957993625,,
Mega Absol(Unscaled),Snarl,Thunder,40,,,,,,,,,,2.9348824,,,,,,,,,,,,0.79260606,0.76635605,0.8691895,,
Shadow Mewtwo,Confusion or Psycho Cut,Thunderbolt,40,1.1285109385247378,1.0,1.1131299718316838,1.1128661809687215,1.1198601423110275,1.127498711501335,1.1527234335773955,,,1.1978294897801158,1.1123213798723797,1.1183412389524765,1.1074711986581591,,1.1174345888608985,1.1093017471924493,1.139609593987064,1.1407221704391863,1.1242110434041945,1.0,,1.2082940561692048,1.2105308754056643,1.2382827870859718,1.1266040795165841,1.1021390465280296
Shadow Mewtwo(Unscaled),Confusion or Psycho Cut,Thunderbolt,40,2.5544257,1.7313755,2.1743095,1.6904395,2.4475586,2.4464166,2.574549,,,2.8942912,0.5503798,0.6257788,1.0393306,,0.7199307,0.49602675,0.7338459,0.6999064,0.5909023,0.63086027,,0.80936885,0.8105818,0.84191924,0.6814774,0.72968674
Tangrowth,Vine Whip,Power Whip,40,1.287569252804185,,1.2899677852593627,1.2764519753242307,1.2878753140280321,,1.3405824355066984,,,,,,,,,1.3044890774669735,,,,,,,,,1.2971183107420923,
Tangrowth(Unscaled),Vine Whip,Power Whip,40,2.91446,,2.519732,1.9389257,2.8147714,,2.9941225,,,,,,,,,0.5833052,,,,,,,,,0.78462064,
Mega Manectric,Thunder Fang,Wild Charge,40,1.0143919923535583,1.0684273862024731,1.0305478942773296,1.0038895423174858,1.030889967579052,1.0,1.0021782453953505,1.0474231984183922,1.059709006239177,1.023638984193801,0.9999999999999999,1.0036235626647945,1.0061143013445581,1.0229409205439748,1.0,0.9999999999999999,1.0331200646017906,1.0,1.0120384098554245,1.0991028171737618,1.012982307274268,1.0038345181335955,1.0038893023062296,1.0387736324009387,1.0262219802703014,1.0170085635509574
Mega Manectric(Unscaled),Thunder Fang,Wild Charge,40,2.2961133,1.849849,2.0129995,1.5249044,2.253106,2.1697733,2.238314,2.4389422,1.5069895,2.4733982,0.49480286,0.5615874,0.94421,0.55363274,0.644271,0.44715223,0.6652725,0.6135643,0.53194267,0.6933803,0.34677476,0.6724128,0.67221284,0.70627123,0.62075675,0.6733249
Shadow Cacturne,Sucker Punch or Poison Jab,Grass Knot,40,,,1.2587145823945514,1.239668538999637,1.3537776084670106,,,,,,,1.2317788018367293,,,,,,,,,,1.1298971027997298,,1.2011834824293321,1.288627682944087,
Shadow Cacturne(Unscaled),Sucker Punch or Poison Jab,Grass Knot,40,,,2.4586842,1.8830518,2.958807,,,,,,,0.6892539,,,,,,,,,,0.7568551,,0.8166951,0.7794847,
Mega Ampharos,Volt Switch,Zap Cannon,40,1.2028464307953506,1.2206591233386401,1.129508622560025,1.1052630019745935,1.1629425440627534,1.135363081479526,1.1869654064185036,1.180271215600147,1.168299065888482,,1.1353703573985,1.1514405788264273,1.2243231789891633,1.128237295990462,1.1648654060170331,1.1055403436096025,1.1549549262747594,1.168697396507587,1.1619474021960177,,1.1409812949193079,1.154198422866258,1.1313301220938747,1.1714775822106704,1.1084768072221436,1.1593564786638346
Mega Ampharos(Unscaled),Volt Switch,Zap Cannon,40,2.7226868,2.1134193,2.2063024,1.6788903,2.5417192,2.4634805,2.6510267,2.748281,1.6614131,,0.5617845,0.64429986,1.1489929,0.6106209,0.750489,0.49434483,0.74372745,0.717071,0.6107371,,0.39059272,0.7731332,0.7575483,0.7964978,0.6705123,0.76756835
Shadow Metagross,Zen Headbutt,Earthquake,40,,1.5709391752395712,,,,,,,,,,,,,,,,,,1.5642557424007697,,,,,,
Shadow Metagross(Unscaled),Zen Headbutt,Earthquake,40,,2.7198856,,,,,,,,,,,,,,,,,,0.9868268,,,,,,
Mega Gengar,Lick,Focus Blast,40,,,,,,,,,,,,,1.2208296273974746,,1.225271042775478,,,,,,,,,,,
Mega Gengar(Unscaled),Lick,Focus Blast,40,,,,,,,,,,,,,1.1457143,,0.7894066,,,,,,,,,,,
Mega Lopunny,Low Kick,Focus Blast,40,,,,,,,,1.2126936613934236,1.2377486026440452,,,,,,1.200922748346581,,,,,,,,,,,1.1915712577334274
Mega Lopunny(Unscaled),Low Kick,Focus Blast,40,,,,,,,,2.8237772,1.7601758,,,,,,0.7737197,,,,,,,,,,,0.7888966
Thundurus (Therian),Volt Switch,Thunderbolt,40,1.117250329296656,1.1427486989390805,1.1114370162042304,1.1036167174085096,1.2121684498363394,1.120283533768251,1.1131500652130406,1.1466860123172844,1.1450568906669436,1.1458735035569971,1.105679138556313,1.0825489965505026,1.1430701334797557,1.1175579328451284,1.122875156572312,1.1149827207615626,1.1311613569481866,1.1114957307653006,1.1034082544432229,1.1816265747722552,1.1026787795607589,1.1115964312122877,1.1163996073944877,1.1535862094425324,1.1071212004988633,1.1440917793856045
Thundurus (Therian)(Unscaled),Volt Switch,Thunderbolt,40,2.5289369,1.9785271,2.1710026,1.6763896,2.649307,2.4307613,2.4861639,2.6700773,1.6283609,2.768751,0.5470932,0.6057509,1.0727392,0.60484105,0.7234359,0.49856701,0.7284057,0.6819741,0.57996804,0.74544126,0.3774806,0.7445965,0.7475507,0.7843333,0.6696923,0.75746214
Rhyperior,Smack Down,Superpower,40,,,,,,,,,,,,,,,1.4441331365217431,,1.4593085279022275,,,,,,,,,1.4608296108591534
Rhyperior(Unscaled),Smack Down,Superpower,40,,,,,,,,,,,,,,,0.9304131,,0.93971443,,,,,,,,,0.9671629
Shadow Pinsir,Bug Bite,Superpower,40,,,,,,,,1.4152959620427854,,,,,,,,,,,,,,,,,,
Shadow Pinsir(Unscaled),Bug Bite,Superpower,40,,,,,,,,3.29554,,,,,,,,,,,,,,,,,,
Shadow Banette,Shadow Claw,Thunder,40,,,,,,,,,,1.4351200552187706,,,,,,,,,,,,,1.4009339606232316,1.41682346467989,,
Shadow Banette(Unscaled),Shadow Claw,Thunder,40,,,,,,,,,,3.4676516,,,,,,,,,,,,,0.93807733,0.9633106,,
Shadow Omastar,Rock Throw,Hydro Pump,40,,,,,,,,,,,,,1.5686846883747931,,1.6360488055492175,,,,,,,,,,,
Shadow Omastar(Unscaled),Rock Throw,Hydro Pump,40,,,,,,,,,,,,,1.4721665,,1.0540588,,,,,,,,,,,
Shadow Granbull,Charm,Close Combat,40,,,,,,,,,,,,,,1.4252534285109775,,,,,,,1.4995916811624042,,,,,
Shadow Granbull(Unscaled),Charm,Close Combat,40,,,,,,,,,,,,,,0.771371,,,,,,,0.513356,,,,,
Shadow Ho-Oh,Hidden Power Flying or Hidden Power Grass,Solar Beam,40,1.3377445868445241,1.305770816324939,,,,,,,,,,,,,,,,1.2963536177055934,,1.3264359633869478,,,,,,
Shadow Ho-Oh(Unscaled),Hidden Power Flying or Hidden Power Grass,Solar Beam,40,3.0280337,2.2607796,,,,,,,,,,,,,,,,0.7953963,,0.83679575,,,,,,
Shadow Weavile,Feint Attack or Snarl,Avalanche,40,,,,,,,,,,1.7066697739227055,,,,,,,,,,,,1.684446893902668,1.698366954793721,1.814911325594157,,
Shadow Weavile(Unscaled),Feint Attack or Snarl,Avalanche,40,,,,,,,,,,4.1237917,,,,,,,,,,,,1.1283171,1.137241,1.233974,,
Shadow Scizor,Fury Cutter,Iron Head,40,,,,,,,,,,,,,,,,,,,,,2.2681819313101266,,,,,
Shadow Scizor(Unscaled),Fury Cutter,Iron Head,40,,,,,,,,,,,,,,,,,,,,,0.7764679,,,,,
Machamp,Counter,Dynamic Punch,40,,,,,,,,1.1740282278437795,1.1868039502176602,,,,1.1831997313931297,1.1801320332429486,1.1781318730782544,,1.172437242311067,,,,1.1938671433677606,,,,,1.1608517265411777
Machamp(Unscaled),Counter,Dynamic Punch,40,,,,,,,,2.7337441,1.6877285,,,,1.1103997,0.6387072,0.7590362,,0.7549851,,,,0.40869716,,,,,0.7685583
Luxray,Spark,Wild Charge,40,1.2708242168836243,,1.296540972556907,1.282362260024087,1.3245328236074683,1.2586746274368847,1.236041476657851,,,,1.2720920004383158,1.2613831443931462,,,,1.291135683254895,,1.2762863484723608,1.2844705184459124,,,,,,,
Luxray(Unscaled),Spark,Wild Charge,40,2.876557,,2.5325716,1.9479034,2.8948898,2.7310386,2.7606356,,,,0.62943476,0.7058193,,,,0.5773342,,0.78308374,0.6751371,,,,,,,
Alakazam,Confusion,Focus Blast,40,,,,,,,,,,,,,,,,,,,,1.68536132414869,,,,,,
Alakazam(Unscaled),Confusion,Focus Blast,40,,,,,,,,,,,,,,,,,,,,1.0632275,,,,,,
Shadow Zapdos,Thunder Shock,Thunderbolt,40,1.0623887885174372,1.0681085067912766,1.0450460122086933,1.0449343454578754,1.1326295823316792,1.0588828335199811,1.0535818368809855,1.0623497407040061,1.0664187619446632,1.0433471736178899,1.0495760675271764,1.0309746339890749,1.0620402166543292,1.045262662150152,1.0732811192805511,1.0467461159703935,1.0730567827997732,1.0504355126267941,1.0578290083370891,1.1121370822733854,1.0393693206203174,1.054042904629161,1.056427402440647,1.0795707717815641,1.0529521477439399,1.052401267345487
Shadow Zapdos(Unscaled),Thunder Shock,Thunderbolt,40,2.4047558,1.8492969,2.0413191,1.5872513,2.4754674,2.2975357,2.3531213,2.4736989,1.5165313,2.5210187,0.51933324,0.57689196,0.9966949,0.56571364,0.6914839,0.46805486,0.69098955,0.64450973,0.5560109,0.7016031,0.35580784,0.7060446,0.7073928,0.73400956,0.6369257,0.69675714
Shadow Magnezone,Charge Beam or Spark,Wild Charge,40,1.0023399225062197,1.1919748200202671,1.0530710795629248,1.0466514662775326,1.0891844415138388,1.0423724911722345,1.0197959747457856,1.0506013163316643,1.0584531684816858,1.0,1.0457483006464432,1.0315118062448374,1.021540549056397,1.0515421428306548,1.044359904450146,1.0522731374950316,1.0330437537367323,1.0492123645394624,1.0308345403318893,1.1607959398045467,1.048770439749281,1.0220536782377792,1.0395288721904423,1.0440384128045428,1.0706766064600943,1.099884008217089
Shadow Magnezone(Unscaled),Charge Beam or Spark,Wild Charge,40,2.268833,2.063756,2.0569947,1.5898596,2.380514,2.261712,2.2776623,2.4463425,1.5052036,2.4162798,0.51743925,0.57719254,0.9586871,0.5691122,0.6728508,0.47052628,0.66522336,0.64375925,0.5418222,0.73230004,0.35902613,0.6846168,0.6960774,0.7098508,0.64764714,0.72819376
Shadow Gallade,Confusion or Low Kick,Leaf Blade,40,,1.225515782105037,,,,,,,,,,,,,,,,,,1.2414398833516653,1.244462807464552,,,,,
Shadow Gallade(Unscaled),Confusion or Low Kick,Leaf Blade,40,,2.121828,,,,,,,,,,,,,,,,,,0.7831751,0.4260176,,,,,
Zekrom,Charge Beam,Wild Charge,40,1.118102137959781,1.1310809815663905,1.0760911088524032,1.0558106728640928,1.0433522598511131,1.0712349534396057,1.1144365955972133,1.0830128968379653,1.0638427439946005,1.0932882441843035,1.0991459305631337,1.103694654262154,1.120166837174347,1.0726946116392224,1.104405366685758,1.0764703107932616,1.0967300002329392,1.0970138745034548,1.1108493648679425,1.1534688973201626,1.089919473145427,1.0988537679063821,1.094650989586408,1.0812522916679843,1.084178383296809,1.072588828025031
Zekrom(Unscaled),Charge Beam,Wild Charge,40,2.530865,1.9583259,2.1019604,1.6037724,2.2803435,2.324337,2.4890373,2.5218134,1.512868,2.6416903,0.54386055,0.61758316,1.0512451,0.58056027,0.71153635,0.4813461,0.7062338,0.67308855,0.5838792,0.7276777,0.3731127,0.7360609,0.73298764,0.73515284,0.6558143,0.7101226
Mewtwo,Confusion or Psycho Cut,Thunderbolt,40,1.2843368772714732,1.1758117173311047,,,1.3175529333433567,,1.2996882400269718,,,,,,,,,,,,,1.1912195706982784,,,,,,
Mewtwo(Unscaled),Confusion or Psycho Cut,Thunderbolt,40,2.9071434,2.0357716,,,2.8796346,,2.9027874,,,,,,,,,,,,,0.7514931,,,,,,
Shadow Porygon-Z,Charge Beam or Hidden Power Grass or Lock-On,Solar Beam,40,1.3160130176827278,,,1.2399690664137277,,1.253867719729061,1.3281661233365976,,,,1.2306852066295655,1.2027343100773142,,,1.1909123645174158,1.2541107085611538,1.204218993858171,1.1936264870690816,1.1920256857156502,,,,,,1.1808924917903134,1.208765060134506
Shadow Porygon-Z(Unscaled),Charge Beam or Hidden Power Grass or Lock-On,Solar Beam,40,2.9788435,,,1.8835083,,2.7206087,2.9663913,,,,0.60894656,0.67300177,,,0.7672703,0.5607784,0.7754508,0.7323666,0.6265467,,,,,,0.7143162,0.80028
Deoxys (Attack),Poison Jab,Zap Cannon,40,,,,,,,,,,,,1.2207765818773972,,,,,,,,,,,,,,
Deoxys (Attack)(Unscaled),Poison Jab,Zap Cannon,40,,,,,,,,,,,,0.6830975,,,,,,,,,,,,,,
Breloom,Bullet Seed or Counter,Grass Knot or Dynamic Punch,40,,,,,,,,1.2173146722387407,1.2225890327018494,,,,,1.1917318224808018,,,,,,,1.2396787175154584,,,,1.2879280576205598,
Breloom(Unscaled),Bullet Seed or Counter,Grass Knot or Dynamic Punch,40,,,,,,,,2.8345373,1.7386177,,,,,0.6449852,,,,,,,0.42437986,,,,0.7790615,
Torterra,Razor Leaf,Frenzy Plant,40,1.3290912251691103,,,,,,,,,,,,,,,,,,,,,,,,,
Torterra(Unscaled),Razor Leaf,Frenzy Plant,40,3.0084465,,,,,,,,,,,,,,,,,,,,,,,,,
Electivire,Thunder Shock,Wild Charge,40,1.1956074046077896,,1.194674794737641,1.21043074367138,1.2548567251607812,1.1903727453923412,1.1836294896368802,1.2092074503229846,1.2379432473001142,1.1793207061533189,1.186335422555965,1.1838063420567382,1.1545953586889495,1.2184961466361173,1.1718727057402862,1.2090395702599985,1.1945836989183858,1.1961027393542942,1.2127748993512555,,1.2264877814575224,,1.18469914055605,,1.2199546301574224,1.1884508047815427
Electivire(Unscaled),Thunder Shock,Wild Charge,40,2.706301,,2.3335934,1.8386397,2.7426062,2.582839,2.6435761,2.8156595,1.7604526,2.8495688,0.58700216,0.66241044,1.0835553,0.6594705,0.7550036,0.54062474,0.7692462,0.73388594,0.6374528,,0.4198642,,0.79328465,,0.7379447,0.78683066
Shadow Staraptor,Wing Attack,Close Combat,40,,,,,,,,,,,,,,,,,,,,1.8774870701558048,,,,,,
Shadow Staraptor(Unscaled),Wing Attack,Close Combat,40,,,,,,,,,,,,,,,,,,,,1.184432,,,,,,
Shadow Manectric,Thunder Fang,Wild Charge,40,1.3099339904613865,,1.2171689014663885,1.166639192382443,1.3089915959196614,1.2192187082401649,1.331645361053689,,,,1.1633583726658328,1.1575027369728847,1.2128760594749828,1.1966876929321826,1.1777446136796472,1.2262623849600391,1.172572968188277,1.1748276423514212,1.1640628284841892,,1.2259775727855058,,1.1864075267977845,,1.2467553883714073,
Shadow Manectric(Unscaled),Thunder Fang,Wild Charge,40,2.9650834,,2.3775318,1.7721205,2.860923,2.6454282,2.974162,,,,0.57563305,0.647692,1.1382501,0.6476674,0.7587867,0.54832596,0.7550725,0.7208323,0.611849,,0.41968954,,0.7944286,,0.75415635,
Deoxys,Charge Beam,Thunderbolt,40,,,,,,,,,,,1.2644057877919297,,,,,,,,1.313549020947077,,,,,,,
Deoxys(Unscaled),Charge Beam,Thunderbolt,40,,,,,,,,,,,0.6256316,,,,,,,,0.6904212,,,,,,,
Shadow Victreebel,Acid or Razor Leaf,Leaf Blade,40,,,1.1897991705853603,1.1849380531695868,1.2214455655080534,1.196182983724613,1.2963855454053352,1.2311003593919132,1.197465878468321,,1.2285430201434162,1.1900842412196158,,1.2196271168483648,,1.2165495853615669,,1.2122026982339098,1.2110540583784597,,1.2284301440607748,,,,1.1890254708584231,
Shadow Victreebel(Unscaled),Acid or Razor Leaf,Leaf Blade,40,,,2.3240697,1.7999164,2.669583,2.5954459,2.895411,2.8666375,1.7028906,,0.6078866,0.6659233,,0.6600826,,0.54398286,,0.7437643,0.6365483,,0.42052913,,,,0.7192358,
Roserade,Poison Jab or Razor Leaf,Grass Knot,40,,,1.2711780204608603,1.216799357365081,1.2963242792082386,1.2425185617317716,1.2575692572339912,,1.2529917122724439,,1.2736287336738512,1.197096807168778,,,,1.213743695295895,,1.2591346334850317,1.2585682945562258,,,,,,1.211439386525137,
Roserade(Unscaled),Poison Jab or Razor Leaf,Grass Knot,40,,,2.4830294,1.8483136,2.8332374,2.6959836,2.8087168,,1.7818527,,0.63019514,0.66984725,,,,0.5427282,,0.77256006,0.6615225,,,,,,0.73279387,
Shadow Aerodactyl,Rock Throw,Iron Head,40,,,,,,,,,,,,,1.6125768922862795,,,,,,,,,,,,,
Shadow Aerodactyl(Unscaled),Rock Throw,Iron Head,40,,,,,,,,,,,,,1.5133581,,,,,,,,,,,,,
Darkrai,Feint Attack or Snarl,Focus Blast,40,,,,,,,,,,1.7749455174851854,,,,,,,,,,,,1.7481631962008124,1.7394866519994898,1.828668908046036,,
Darkrai(Unscaled),Feint Attack or Snarl,Focus Blast,40,,,,,,,,,,4.288765,,,,,,,,,,,,1.1709971,1.1647751,1.2433279,,
Conkeldurr,Counter,Dynamic Punch,40,,,,,,,,1.1352699454781616,1.110806041241321,,,,1.131978378894456,1.1268267704880446,1.145020961676065,,1.111211920272694,,,,1.1271843363542344,,,,,1.1177090183437515
Conkeldurr(Unscaled),Counter,Dynamic Punch,40,,,,,,,,2.6434948,1.5796535,,,,1.0623299,0.6098575,0.7377038,,0.71555936,,,,0.3858696,,,,,0.73999506
Shadow Hariyama,Counter,Dynamic Punch,40,,,,,,,,1.067625674973744,1.0498456976991286,,,,1.0681112561814583,1.0522441906036422,1.0824201306593033,,1.0907637453509227,,,,1.0549842298606622,,,,,1.0613943839338587
Shadow Hariyama(Unscaled),Counter,Dynamic Punch,40,,,,,,,,2.485984,1.4929631,,,,1.0023924,0.56949216,0.6973719,,0.70239186,,,,0.3611533,,,,,0.70271116
Hariyama,Counter,Dynamic Punch,40,,,,,,,,,1.2533740399440652,,,,,,,,,,,,,,,,,
Hariyama(Unscaled),Counter,Dynamic Punch,40,,,,,,,,,1.7823964,,,,,,,,,,,,,,,,,
Shadow Machamp,Counter or Karate Chop,Dynamic Punch,40,,,,,,,,1.0306952946221337,1.0276161950541975,,,,1.0061923537614712,1.0054764936774958,1.0067822391509162,,1.016867744916103,,,,1.0,,,,,1.0037254094444685
Shadow Machamp(Unscaled),Counter or Karate Chop,Dynamic Punch,40,,,,,,,,2.399991,1.461351,,,,0.94428325,0.5441807,0.6486406,,0.6548069,,,,0.34233052,,,,,0.6645306
Shadow Venusaur,Vine Whip,Frenzy Plant,40,1.2029229040485983,1.1500768608542744,1.1296407047372552,1.1153637514037231,1.2068522727309121,1.1240755889106018,1.153448007991228,1.1222457732208466,1.1421481906836937,,1.1556474026847783,1.127097854420564,1.1653099043242532,1.1264725685771022,1.167060957267982,1.1026319828484363,1.1499418428592503,1.1254950133180825,1.1520471158457968,1.1789192240620892,1.1451346201910364,1.1624599699867553,,1.1378660693707847,1.0860015090217283,1.1643913231730085
Shadow Venusaur(Unscaled),Vine Whip,Frenzy Plant,40,2.7228599,1.9912149,2.2065604,1.6942333,2.637688,2.4389892,2.5761673,2.6131678,1.6242245,,0.57181764,0.63067865,1.0936106,0.6096658,0.75190353,0.49304435,0.7404993,0.69056356,0.60553336,0.7437333,0.39201453,0.77866715,,0.77364504,0.6569171,0.77090174
Venusaur,Vine Whip,Frenzy Plant,40,1.3259246758335905,,,,1.3405904786211118,,1.3260951111934949,,,,,,,,,1.277117280618281,,,,,,,,,,
Venusaur(Unscaled),Vine Whip,Frenzy Plant,40,3.0012789,,,,2.9299853,,2.9617658,,,,,,,,,0.57106584,,,,,,,,,,
Mega Gyarados,Bite,Hydro Pump,40,,,,,,,,,,1.3560590954739598,,,,,,,,,,,,1.530648758106119,1.5310589009372386,1.5304743122128015,,
Mega Gyarados(Unscaled),Bite,Hydro Pump,40,,,,,,,,,,3.2766182,,,,,,,,,,,,1.0252963,1.0252101,1.0405828,,
