Attacker,Fast Move,Charged Move,Level,"Mewtwo, Tier 5","Mewtwo, Tier 5","Mewtwo (Armored), Tier 5","Mewtwo (Armored), Tier 5","Arceus (Ghost), Tier 5","Arceus (Ghost), Tier 5","Arceus (Psychic), Tier 5","Arceus (Psychic), Tier 5","Calyrex (Ice Rider), Tier 5","Calyrex (Ice Rider), Tier 5","Calyrex (Shadow Rider), Tier 5","Calyrex (Shadow Rider), Tier 5","Cosmoem, Tier 5","Cosmoem, Tier 5","Cosmog, Tier 5","Cosmog, Tier 5","Hoopa, Tier 5","Hoopa, Tier 5","Jirachi, Tier 5","Jirachi, Tier 5","Lugia (Apex), Tier 5","Lugia (Apex), Tier 5","Lugia, Tier 5","Lugia, Tier 5","Lunala, Tier 5","Lunala, Tier 5","Mew, Tier 5","Mew, Tier 5","Necrozma, Tier 5","Necrozma, Tier 5","Necrozma (Dawn Wings), Tier 5","Necrozma (Dawn Wings), Tier 5","Necrozma (Dusk Mane), Tier 5","Necrozma (Dusk Mane), Tier 5","Necrozma (Ultra), Tier 5","Necrozma (Ultra), Tier 5","Solgaleo, Tier 5","Solgaleo, Tier 5","Spectrier, Tier 5","Spectrier, Tier 5","Victini, Tier 5","Victini, Tier 5","Azelf, Tier 5","Azelf, Tier 5","Cresselia, Tier 5","Cresselia, Tier 5","Deoxys, Tier 5","Deoxys, Tier 5","Deoxys (Attack), Tier 5","Deoxys (Attack), Tier 5","Deoxys (Defense), Tier 5","Deoxys (Defense), Tier 5","Deoxys (Speed), Tier 5","Deoxys (Speed), Tier 5","Giratina, Tier 5","Giratina, Tier 5","Giratina (Origin), Tier 5","Giratina (Origin), Tier 5","Latias, Tier 5","Latias, Tier 5","Latios, Tier 5","Latios, Tier 5","Mesprit, Tier 5","Mesprit, Tier 5","Uxie, Tier 5","Uxie, Tier 5","Blacephalon, Ultra Beast Tier","Blacephalon, Ultra Beast Tier"
(Boss weights),,,,1.0869565217391304,0.0,1.0869565217391304,0.0,1.0869565217391304,0.0,1.0869565217391304,0.0,1.0869565217391304,0.0,1.0869565217391304,0.0,2.1739130434782608,0.0,2.1739130434782608,0.0,2.1739130434782608,0.0,2.1739130434782608,0.0,1.0869565217391304,0.0,1.0869565217391304,0.0,2.1739130434782608,0.0,2.1739130434782608,0.0,0.5434782608695652,0.0,0.5434782608695652,0.0,0.5434782608695652,0.0,0.5434782608695652,0.0,2.1739130434782608,0.0,2.1739130434782608,0.0,2.1739130434782608,0.0,2.1739130434782608,0.0,2.1739130434782608,0.0,0.5434782608695652,0.0,0.5434782608695652,0.0,0.5434782608695652,0.0,0.5434782608695652,0.0,1.0869565217391304,0.0,1.0869565217391304,0.0,2.1739130434782608,0.0,2.1739130434782608,0.0,2.1739130434782608,0.0,2.1739130434782608,0.0,2.1739130434782608,0.0
(Weather),,,,Extreme,Extreme,Extreme,Extreme,Extreme,Extreme,Extreme,Extreme,Extreme,Extreme,Extreme,Extreme,Extreme,Extreme,Extreme,Extreme,Extreme,Extreme,Extreme,Extreme,Extreme,Extreme,Extreme,Extreme,Extreme,Extreme,Extreme,Extreme,Extreme,Extreme,Extreme,Extreme,Extreme,Extreme,Extreme,Extreme,Extreme,Extreme,Extreme,Extreme,Extreme,Extreme,Extreme,Extreme,Extreme,Extreme,Extreme,Extreme,Extreme,Extreme,Extreme,Extreme,Extreme,Extreme,Extreme,Extreme,Extreme,Extreme,Extreme,Extreme,Extreme,Extreme,Extreme,Extreme,Extreme,Extreme,Extreme,Extreme
(Friendship),,,,Best Friend,Best Friend,Best Friend,Best Friend,Best Friend,Best Friend,Best Friend,Best Friend,Best Friend,Best Friend,Best Friend,Best Friend,Best Friend,Best Friend,Best Friend,Best Friend,Best Friend,Best Friend,Best Friend,Best Friend,Best Friend,Best Friend,Best Friend,Best Friend,Best Friend,Best Friend,Best Friend,Best Friend,Best Friend,Best Friend,Best Friend,Best Friend,Best Friend,Best Friend,Best Friend,Best Friend,Best Friend,Best Friend,Best Friend,Best Friend,Best Friend,Best Friend,Best Friend,Best Friend,Best Friend,Best Friend,Best Friend,Best Friend,Best Friend,Best Friend,Best Friend,Best Friend,Best Friend,Best Friend,Best Friend,Best Friend,Best Friend,Best Friend,Best Friend,Best Friend,Best Friend,Best Friend,Best Friend,Best Friend,Best Friend,Best Friend,Best Friend,Best Friend
(Attack Strategy),,,,No Dodging,Dodge Specials PRO,No Dodging,Dodge Specials PRO,No Dodging,Dodge Specials PRO,No Dodging,Dodge Specials PRO,No Dodging,Dodge Specials PRO,No Dodging,Dodge Specials PRO,No Dodging,Dodge Specials PRO,No Dodging,Dodge Specials PRO,No Dodging,Dodge Specials PRO,No Dodging,Dodge Specials PRO,No Dodging,Dodge Specials PRO,No Dodging,Dodge Specials PRO,No Dodging,Dodge Specials PRO,No Dodging,Dodge Specials PRO,No Dodging,Dodge Specials PRO,No Dodging,Dodge Specials PRO,No Dodging,Dodge Specials PRO,No Dodging,Dodge Specials PRO,No Dodging,Dodge Specials PRO,No Dodging,Dodge Specials PRO,No Dodging,Dodge Specials PRO,No Dodging,Dodge Specials PRO,No Dodging,Dodge Specials PRO,No Dodging,Dodge Specials PRO,No Dodging,Dodge Specials PRO,No Dodging,Dodge Specials PRO,No Dodging,Dodge Specials PRO,No Dodging,Dodge Specials PRO,No Dodging,Dodge Specials PRO,No Dodging,Dodge Specials PRO,No Dodging,Dodge Specials PRO,No Dodging,Dodge Specials PRO,No Dodging,Dodge Specials PRO,No Dodging,Dodge Specials PRO
(Dodge Strategy),,,,Realistic Dodging,Realistic Dodging,Realistic Dodging,Realistic Dodging,Realistic Dodging,Realistic Dodging,Realistic Dodging,Realistic Dodging,Realistic Dodging,Realistic Dodging,Realistic Dodging,Realistic Dodging,Realistic Dodging,Realistic Dodging,Realistic Dodging,Realistic Dodging,Realistic Dodging,Realistic Dodging,Realistic Dodging,Realistic Dodging,Realistic Dodging,Realistic Dodging,Realistic Dodging,Realistic Dodging,Realistic Dodging,Realistic Dodging,Realistic Dodging,Realistic Dodging,Realistic Dodging,Realistic Dodging,Realistic Dodging,Realistic Dodging,Realistic Dodging,Realistic Dodging,Realistic Dodging,Realistic Dodging,Realistic Dodging,Realistic Dodging,Realistic Dodging,Realistic Dodging,Realistic Dodging,Realistic Dodging,Realistic Dodging,Realistic Dodging,Realistic Dodging,Realistic Dodging,Realistic Dodging,Realistic Dodging,Realistic Dodging,Realistic Dodging,Realistic Dodging,Realistic Dodging,Realistic Dodging,Realistic Dodging,Realistic Dodging,Realistic Dodging,Realistic Dodging,Realistic Dodging,Realistic Dodging,Realistic Dodging,Realistic Dodging,Realistic Dodging,Realistic Dodging,Realistic Dodging,Realistic Dodging,Realistic Dodging,Realistic Dodging,Realistic Dodging
Shadow Shiftry,Snarl or Feint Attack,Foul Play,40,1.6313684911085784,2.224861,1.4522404142071323,3.094366,1.5016909025697898,2.690624,1.3881541675215947,2.6835084,1.5266818488653462,2.8000727000000003,1.2260224223064096,1.3964953,1.4757422372614502,2.5605743,1.449263881694832,0.7286421,1.2183817190024464,1.3366716000000003,1.5055432535729363,2.3849108,1.4877741478148307,2.9629138,1.433864358761176,3.466631,1.6762845340761658,1.3988605,1.5769738878811494,2.4119444000000003,1.6678169627604056,2.2466004,1.6195839324619818,1.6198157,1.647822280958861,2.5749607,1.6309006533615658,2.3429635,1.6701565353209717,2.2157936,1.3400656260046184,1.7327214000000004,1.8930619280984589,2.4924507,1.420835260691015,1.7824562,1.515456464620704,2.7845085000000003,1.487233699908749,1.3929207,1.2907483593203402,0.6800565,1.4769653536600122,3.5936134,1.422916299404572,2.4216676,1.4745968288662887,2.4777431,1.4176861524161073,2.200371,1.411411586700799,2.7766607,1.3981858375743998,2.4076705000000005,1.3872594698129328,2.3984168,1.4648292235491402,2.9091198,1.35180053066343,2.7584023
Shadow Weavile,Snarl,Foul Play,40,1.2279272158227437,1.8381398,1.4773625451755596,2.751906,1.2097507391792963,2.254529,1.1134979071502968,2.2542024,1.0917762564647415,2.3030818000000006,1.0367756198840443,1.1688102,1.2594355509244497,2.1723418,1.2147998578585306,0.6184358,1.006845746029429,1.1155461000000002,1.2636738825651008,2.0266633,1.1001299024475997,2.3598359,1.1906457182149215,2.8678255,1.3776433593451882,1.173991,1.3505046594479937,2.0512567000000006,1.3722063259289352,1.9007902,1.4026725825996473,1.3956604,1.413452907463624,2.2006352,1.389391940899147,1.9924845,1.368710992244521,1.8717765,1.1418882894926232,1.4614316000000003,1.4086869271412117,2.0457942,1.1810140670067728,1.4995385,1.212174226036183,2.3031971000000007,1.2636797852034496,1.178271,1.1055326692034042,0.5669402,1.2802057766374124,3.0424933,1.22763949980447,2.0533464,1.2647386269222782,2.1100364,1.1848040093530778,1.8127323,1.2268638248813917,2.3773785,1.24977484064673,2.0266032000000003,1.0434769556833157,1.9443605,1.2155023158439502,2.4165404,1.121080652869051,2.27905
Shadow Cacturne,Sucker Punch,Dark Pulse,40,1.7974038602716433,2.3098044,1.5115137168591797,3.2611823,1.6092952087824606,2.8181884,1.4826335715386498,2.8171067,1.5079565494586267,2.9484384000000006,1.282729806698357,1.4618841,1.5231915981027384,2.633597,1.5138183688778746,0.74427545,1.264410456466184,1.3887107000000003,1.7381887976158488,2.5220296,1.6056919645405128,3.0277605,1.7880800273722175,3.6944082,1.696442727810425,1.4461925,1.7095521675660716,2.5548510000000006,1.699612892317844,2.3491125,1.706828265491032,1.7284033,1.705875510310897,2.7018225,1.7499921035083819,2.496699,1.7052557496424094,2.3251815,1.370192127089178,1.8003076000000005,1.8061846923904032,2.5885246,1.4352317593000128,1.8324192,1.6054398698827896,2.8733132000000006,1.5048573806520311,1.46461,1.3126420026735792,0.7091739,1.4991097725267375,3.608147,1.4786529649989522,2.497574,1.527480630572587,2.554545,1.4722771968427162,2.2804918,1.6549908389241383,2.9199612,1.577484708478132,2.5497286000000003,1.4151730224972625,2.5123746,1.4938532570765364,2.9927042,1.3543785689314933,2.938639
Shiftry,Snarl or Feint Attack,Foul Play,40,1.742062012594708,,1.7253912617651386,,1.670246368174003,,1.5265485309615292,,1.83800192206394,,1.4409717380941645,,1.7522972030799226,,1.7267726019241252,,1.4243197707613315,,1.7521267624662429,,1.5610099059177527,,1.6834762964199586,,1.9183700774631764,,1.8695419723117894,,1.9240462615401415,,1.871513966418001,,1.887001923479535,,1.9796293913267275,,1.9344146041431185,,1.5450441378809014,,2.0132243458234527,,1.6567556482750023,,1.746592748984668,,1.7637341152708774,,1.431827850854724,,1.669891064600329,,1.6462866297907806,,1.759445570875228,,1.635676191666772,,1.7138191826245817,,1.6372965058395426,,1.6442840362966133,,1.728800975655594,,1.5877997810818623,
Hoopa (Unbound),Astonish,Shadow Ball or Dark Pulse,40,1.2577603611683095,2.0121036,1.3252657985881484,2.8668962,1.3251526437064882,2.552265,1.2198019553318293,2.5565958,1.2147052042667352,2.5980280000000002,1.1868848910061807,1.3249981,1.4479964483554575,2.4843566,1.3991474190752067,0.7152472,1.154071328767804,1.2710754000000002,1.4121460282865597,2.2933028,1.2489336356019458,2.7737339,1.3268530792918265,3.2409644,1.5222937972220103,1.3287976,1.4336814435407406,2.3012156000000004,1.5087626115268151,2.1651735,1.460496194566677,1.5699134,1.4755918297916883,2.4960318,1.6055356599712218,2.3050272,1.509592185197087,2.1303551,1.303952045454043,1.6990979000000004,1.3832978544370533,2.2634282,1.2187040864042402,1.6512605,1.4037864722084918,2.6707294000000004,1.3067684943249422,1.3556217,1.2584504193675539,0.6542064,1.4029147014002508,3.430886,1.352374714723476,2.3201356,1.409748072433052,2.387547,1.366093520297746,2.1247911,1.3589241465378554,2.6387246,1.3033164357475566,2.3206370000000005,1.224114777298022,2.2302399,1.3514728449602413,2.7252169,1.2907140772426393,2.5632987
Shadow Alakazam,Counter or Psycho Cut or Confusion,Shadow Ball,40,1.483375601449052,2.221329,1.4841536909030775,3.1447005,1.5217407648745829,2.6027539,1.5347785650169878,2.8347278,1.3767515820280665,2.8238866000000002,1.6985375689995867,1.5746595,1.5382932273128789,2.662642,1.493039084278761,0.7447182,1.6813463840472076,1.5243335000000005,1.5601708610530036,2.4636583,1.4105441519927127,3.0277796,1.4816775979226207,3.4696167,1.8194046687781422,1.5032203,1.636358925831718,2.4270500000000004,1.725461018596902,2.3061767,1.928867945092742,1.7620146,1.6327982047524336,2.612588,1.7710562142464408,2.4397101,1.7119028879426639,2.2684393,1.639531076495526,1.7568628000000004,1.6182849574850566,2.4328818,1.5086437582832444,1.8453691,1.5113095672353896,2.8631244000000002,1.6065608327338854,1.4899219,1.941132356970153,0.75147283,1.4839211299833452,3.4818146,1.5277344850672618,2.4673464,1.5394103058720352,2.4748049,1.8470341250829092,2.21609,1.5547174928375924,2.890076,1.5897302272494207,2.4612103000000003,1.3553516215497565,2.4285161,1.5066389169836572,3.0048788,1.5689282862118685,2.733366
Banette,Shadow Claw,Shadow Ball,40,1.539409750534028,2.3318713,1.594710764994601,3.3273783,1.5537625379819928,2.837251,1.5068544101844852,2.8514273,1.5077091114488541,3.0965087000000007,1.68966189273928,1.6126348,1.5288614141586738,2.636433,1.5488290459173495,0.78730726,1.6102473062836606,1.5355624000000005,1.6491070814385476,2.564694,1.5832729481006618,3.158756,1.5401335222060422,3.5815594,1.665521254674502,1.4076598,1.6574769239328895,2.4952896000000004,1.598259908700354,2.2006323,1.6011233439140846,1.6369456,1.627038495760494,2.6197062,1.651576519928405,2.3905675,1.6263114196398338,2.1903472,1.7818187179726908,1.8775582000000004,1.678075255122436,2.522607,1.6836863519907004,1.9500563,1.59402276168144,2.9825544000000006,1.5524983262834067,1.5287263,1.9241746060965388,0.7690285,1.6174289939106228,3.7617424,1.6161170485479703,2.6201987,1.647821883005485,2.7024136,1.992065120287367,2.4134364,1.6172776066325452,3.010596,1.627310743130484,2.6095092000000006,1.4360866191016974,2.5688462,1.5504667554632376,3.0444648,1.7077689364418058,2.9476001
Bisharp,Snarl,Dark Pulse,40,1.5708313279520143,2.4121566,1.57978033057649,3.451624,1.4879063757610544,2.8835714,1.371098746211277,2.8823671,1.3516892156326443,2.9840720000000003,1.301532490989387,1.5048001,1.6672358655073987,2.8810751,1.6144477732966207,0.8194193,1.2972297415477432,1.4533609000000003,1.5555089952525814,2.5890276,1.3818125158382817,3.0835068,1.4822300836538604,3.6394544,1.7551061779745096,1.4789487,1.690059382719708,2.6534840000000006,1.7624120730162345,2.4201896,1.7296094391952241,1.7307919,1.7739260572594995,2.8007963,1.7941511856435932,2.527093,1.7665359809555223,2.3835998,1.4503410264786138,1.9154228000000004,1.7949095773660593,2.7179766,1.5125390691398928,1.9151524,1.575119624870199,3.077740000000001,1.5151246923730322,1.5489482,1.377463929672095,0.73733604,1.5832158326315395,3.930945,1.5510921760938392,2.6706939,1.6172483825554471,2.7354858,1.481404858584739,2.3338144,1.5296521415065407,3.0075808,1.4772007329261725,2.5861316000000003,1.3406292993834525,2.525741,1.5494002106529121,3.1604433,1.4252929255719569,3.0034182
Calyrex (Shadow Rider),Confusion,Shadow Ball,40,,,,,,,,,,,,1.4723619,,,,,,,,,,,,,,,,,,,,,,,,,,,,,,,,,,,,,,,,,,,,,,,,,,,,,,,,
Shadow Banette,Hex or Shadow Claw,Shadow Ball,40,1.470835944974415,2.011555,1.4481250377708457,2.8032153,1.4775931786392176,2.519796,1.3629445721298328,2.5302124,1.3944362313089305,2.6648266000000005,1.6115755860893863,1.3957794,1.3183362803236145,2.2812948,1.2935941928022745,0.66128355,1.3935373012439483,1.2996907000000002,1.3754508390009883,2.1960707,1.4106669771540634,2.6876485,1.4268884102791273,3.1788752,1.397855214454705,1.1728258,1.4333353362112538,2.1260087000000003,1.378401134905325,1.873249,1.3998060405247976,1.3809595,1.421352258452842,2.2010562,1.431994024988009,1.940775,1.3895706485732806,1.8555276,1.637585597604223,1.5941119000000004,1.4273120458321953,2.1391807,1.4140475951959985,1.6557513,1.3478129762734983,2.5069647000000006,1.4285780633492482,1.2768294,1.6589006021321475,0.65372777,1.330562005821781,3.099391,1.3696440713563125,2.2330039,1.4182177794851871,2.2732038,1.7466775878793968,2.090354,1.4597479976417762,2.5770822,1.4986769229425023,2.2600963000000003,1.3748545281736657,2.2002747,1.3681977585958673,2.6836207,1.5437817489717307,2.5146902
Chandelure,Hex or Fire Spin,Shadow Ball,40,1.216502510419322,1.9252456,1.3620587777863742,2.8040497,1.2849348675628238,2.4380953,1.1714787770360098,2.4393516,1.1569139761552905,2.4447227000000002,1.373065640248954,1.3433008,1.3123167920472454,2.235372,1.2946933007303993,0.6540633,1.3613550329146555,1.2930443000000003,1.2551028689889576,2.047178,1.3188660817632032,2.746166,1.3371493554470877,3.1668746,1.324394580439594,1.157369,1.3338745280731952,2.0909905000000006,1.3162818436282218,1.868752,1.2751587629433359,1.366526,1.2691258636030565,2.1134005,1.3790409564698587,1.9821855,1.271591038940975,1.7811428,1.5991008979819124,1.6212047000000005,1.3000610371387984,2.1047688,1.2039702986538658,1.6035264,1.3047782984643401,2.4781299000000003,1.2830451438072097,1.2830485,1.6498624034969023,0.69189817,1.3320422843392745,3.1762528,1.2890014525760298,2.17104,1.3655772675957196,2.2615256,1.4142416372002273,2.0707924,1.3255439247861118,2.4744124,1.298353560311436,2.2280488000000003,1.1526310739287875,2.1341047,1.2733497706591619,2.5941315,1.3658776816670033,2.4599614
Gengar,Shadow Claw or Lick,Shadow Ball,40,1.4373061582827396,2.0465608,1.4646177604366981,2.8130887,1.4380160049199577,2.4553258,1.3082067044192254,2.4489202,1.4831419458556638,2.6702578000000003,1.5840319895119075,1.3726051,1.337520286938705,2.2955046,1.3047626663785716,0.6657151,1.6050075704890887,1.3434014000000003,1.4127140309906037,2.2076337,1.3383079806675935,2.6655931,1.4176159889453268,3.141859,1.3630343480500648,1.1670029,1.3353705463038539,2.0875450000000004,1.3400078196456269,1.8705944,1.400174898554016,1.3862454,1.4152663430336019,2.2112157,1.4089200377861746,1.9487484,1.3558398948078352,1.8545734,1.4788858925425414,1.5568906000000005,1.4613698870828247,2.1899123,1.3592122672253795,1.6843344,1.3912914313923328,2.5254750000000006,1.4701054159093239,1.3080814,1.7197795425228386,0.6618297,1.3706242103513127,3.196533,1.3809340843140319,2.2343528,1.3536001123171961,2.2515054,1.6837700476281958,2.0206447,1.4514490140722653,2.5563176,1.5549506661313888,2.2587206000000006,1.2769826844444288,2.2414925,1.4756204818858918,2.7309983,1.6408495379947592,2.5479538
Weavile,Snarl or Feint Attack,Foul Play,40,1.4228118573449675,2.1450548,1.4978951840014163,3.16203,1.4071156957785846,2.6689408,1.2912071355419066,2.661033,1.2478429209878423,2.6702158000000003,1.2210764116915005,1.3819727,1.4834489397700281,2.5620506,1.4475435170118427,0.7379911,1.1890027793950926,1.3085321000000003,1.5138594020716818,2.3759909,1.2966872364566997,2.8327672,1.4030042496359463,3.3671856,1.6100308612531482,1.4013531,1.561202446033979,2.3999774000000005,1.59823547230777,2.2622607,1.582427167480785,1.6356492,1.5856496650266931,2.6152651,1.6881858249201576,2.3573842,1.5967461611817255,2.233129,1.2918560464488797,1.7066011000000005,1.6703367776054292,2.3972197,1.3979354666809642,1.7560843,1.4244037994023537,2.7467096000000004,1.5026827174692394,1.4002101,1.287480293849167,0.66150177,1.5049721746333329,3.6387055,1.4185453855170993,2.4211907,1.4551335233173575,2.4746926,1.403704597045725,2.162721,1.4236012601245365,2.720596,1.4334668194324305,2.3930538000000006,1.2410206102125279,2.2886918,1.4521524214370174,2.893719,1.3232833963559156,2.7243133
Incineroar,Snarl or Fire Fang,Fire Blast or Dark Pulse,40,1.6121703702681895,,1.6323120809994887,,1.5894353556713468,,1.4648829467481255,,1.4161528720556187,,1.3729256930453324,,1.8003615720603963,,1.7166863256352733,,1.361629314127703,,1.6307228344757725,,1.494296711801489,,1.601792169496176,,1.8556026053193924,,1.7110690499786128,,1.8424248210346121,,1.8471991577409177,,1.781520857322307,,1.8305910085282109,,1.8098679332394458,,1.545783864853985,,1.6531588327503368,,1.4882621967860103,,1.6289703168011784,,1.5683765319034335,,1.3551187431733418,,1.714342637490478,,1.6231131241693542,,1.72271956665564,,1.546566560662901,,1.6294097799045888,,1.568026521093126,,1.4523447386418389,,1.665051003700058,,1.3738703013125466,
Hydreigon,Bite,Brutal Swing,40,1.2055270986146223,1.858169,1.2061906456892062,2.655834,1.1934216256377408,2.3266387,1.0957561850126838,2.3291001,1.129510668948868,2.5200036000000003,1.0518280646666658,1.2523868,1.4346934036746095,2.535694,1.3881623464200412,0.72038245,1.0409094888377375,1.1869962000000003,1.2966215035851847,2.184981,1.1280677410443791,2.5677457,1.2018208888367303,3.0292935,1.426070604060139,1.2462726,1.3138729203407415,2.1710618000000004,1.402931237018625,1.9875089,1.3546712681611548,1.4535145,1.3801457657280436,2.3410637,1.3809885383886478,2.0654051,1.4088806095448543,1.966709,1.1215229384320546,1.5246370000000005,1.2807236040718135,2.159082,1.145752945283488,1.5769099,1.2879915005843794,2.5556860000000006,1.1737475556337944,1.248284,1.0,0.5904392,1.2471501455864054,3.1488988,1.2661444061092773,2.2344644,1.299065930578741,2.2813134,1.215915213349035,1.9654307,1.2499252805515424,2.4997377,1.2190310180720703,2.2003527000000003,1.1476664252863837,2.1815705,1.2404277326601454,2.6085281,1.0263279529321423,2.2573454
Shadow Sharpedo,Bite,Crunch,40,1.5135582043700715,2.137798,1.614689408154632,3.0061922,1.6078362864398326,2.5851421,1.4726484028898386,2.584088,1.4616121943464335,2.8109043000000002,1.456092169573854,1.4303485,1.5192698380248708,2.5233822,1.4467564606338805,0.70482945,1.2376439225598754,1.3206753000000002,1.577148091951361,2.3619692,1.4402049216818371,2.875087,1.4263789828973228,3.3857768,1.7200722162863464,1.4317529,1.6507616648163541,2.4018216000000003,1.7068892134681068,2.3095574,1.7570959950295995,1.6730424,1.77499869151052,2.6512198,2.420093719657,2.4910765,1.7108621845281646,2.2811446,1.482606624732041,1.7255683000000004,1.5369902643833806,2.3163424,1.364427104888086,1.7191123,1.5047189249183246,2.7168756000000003,1.5854453254526826,1.4761174,1.3119213968460173,0.72821695,1.5863012677512605,3.6235735,1.704525211483571,2.5154326,1.5162811853310665,2.4859414,1.5454255470225058,2.1312776,1.6568586713918603,2.9048388,1.481823138908778,2.4797760000000006,1.2613087780280046,2.2975695,1.5112672848219937,2.8594174,1.4035062640002456,2.6510267
Shadow Absol,Snarl,Dark Pulse or Payback,40,1.343891386469151,2.067408,1.4459914007851125,2.929782,1.4079939889490447,2.5077958,1.2928137832559186,2.502223,1.2898836271155127,2.6170242000000004,1.2000788023698419,1.3139217,1.3130659937663147,2.2657256,1.3150824057822503,0.63805985,1.118162967449718,1.2334266000000003,1.5490116060112529,2.2992148,1.2585259610840576,2.7549894,1.3321466942592726,3.2339706,1.5110976493932686,1.3143513,1.5177189221275427,2.2797660000000004,1.5194463784825898,2.1416597,1.4588742269907478,1.5422349,1.4889687794410131,2.4757104,1.5951759016623575,2.316129,1.4975257315427664,2.0823646,1.2355364441641385,1.6166780000000005,1.4761242354199318,2.2549126,1.2765808831910967,1.6175424,1.4129644050966217,2.5307372000000004,1.4061560055755502,1.3496573,1.159245036805192,0.6407576,1.3382820846013426,3.1982431,1.3494312525747942,2.2558815,1.3700783696120442,2.2907355,1.3299019839052717,2.0396926,1.5354670877741352,2.6939287,1.3864741597308157,2.3171854000000005,1.2264401629673893,2.1966867,1.3237985676044635,2.6490269,1.2082091552499803,2.533696
Shadow Honchkrow,Snarl,Dark Pulse,40,1.5913923207390661,2.0617166,1.2772877176118282,2.76473,1.3128249906237377,2.4104726,1.2109157020447003,2.408779,1.3293837438748886,2.5987082000000004,1.0860455878879671,1.2613115,1.3288783180339023,2.3010778,1.2932007274003257,0.6402174,1.0842589338414421,1.1986206000000001,1.4043180206435764,2.2264435,1.1857641985201623,2.6457098,1.2581876980394815,3.116738,1.449713329008624,1.255851,1.4472330116218504,2.2281713000000005,1.4524927908972751,2.0404153,1.4840106625575589,1.4960061,1.498304066785303,2.3664083,1.5947353797920005,2.1994805,1.4515889293768278,2.0128796,1.1699300223464904,1.5458937000000004,1.391422722834721,2.147278,1.2639436793967946,1.6005069,1.3445855909402358,2.4993430000000005,1.5106620323184061,1.3340067,1.1271871093747983,0.614415,1.4120482644165717,3.3270698,1.345804029579903,2.2717714,1.3377467276077206,2.2524118,1.2295418037410522,1.944614,1.3998582585387214,2.6298912,1.2519443490233246,2.1811824000000004,1.2010443898123528,2.1749377,1.2906003608002072,2.6117208,1.1679815500302169,2.4331045
Gardevoir,Charm or Confusion or Charge Beam,Shadow Ball or Dazzling Gleam,40,1.7776164864358746,2.8290393,1.864586208550524,4.06695,1.790441164984778,3.4528599,1.679059877978365,3.537104,1.7104669989935912,3.687747700000001,2.3851923246042563,2.0609698,1.969365784298619,3.386482,1.9079421975046884,0.9724113,1.805731094116313,1.9431795000000005,1.9513419264929528,3.1687424,1.5925546492063165,3.5280924,1.7300139836328685,4.109123,2.2227278581240935,1.9263409,1.9261634773185352,3.081384200000001,2.0844584836697386,2.970848,2.037019854588082,2.3031945,1.9813273971527268,3.4700103,1.7839517699839729,2.5049686,2.1008728470638993,2.913901,1.7531502592892387,2.3080475000000003,1.871313396331731,3.092237,1.7386668583566058,2.3787649,1.9040550092539894,3.626023500000001,1.9453261342423918,1.8973327,1.7947093925003752,0.92512155,1.8671046333454635,4.5721674,1.9201376003367963,3.236657,1.5336674521497975,2.6006913,1.566396729669435,2.3204126,1.503084047797488,2.991141,1.4949265280370243,2.6270432000000006,1.655048248290956,3.0891612,1.883733184514063,3.715743,2.1075585404418957,3.6285267
Absol,Snarl,Dark Pulse or Payback,40,1.5543114580323687,2.3732777,1.581242222229769,3.4250147,1.6050593865796456,2.927928,1.4783297011290393,2.9261613,1.403192279748505,3.0242226000000008,1.326928243539925,1.5362577,1.564067853497714,2.7000952,1.5339029568234297,0.7667255,1.322715871781996,1.4485899000000002,1.734407391681105,2.6469393,1.4384485675344334,3.1928666,1.560823596306073,3.7743027,1.804685830534992,1.510189,1.7325518893143246,2.6378634000000005,1.8009627204852408,2.4350388,1.8812600655078284,1.8062029,1.9117306081859098,2.885787,1.7790556527181478,2.648369,1.8044135329731879,2.4120612,1.4571640705739763,1.8910986000000005,1.7224894379651492,2.6067681,1.5234155671785734,1.9358184,1.6099636337030654,3.020392400000001,1.588284801718622,1.5635884,1.3758856467242286,0.7412534,1.575723482565855,3.7680585,1.621131334350501,2.6781569,1.5950270311334036,2.6840558,1.5098075532508182,2.3402536,1.5657934467456347,3.052551,1.6056193957336873,2.6598120000000005,1.3589017939956671,2.5587432,1.5304057830250857,3.0600655,1.402996905914226,2.9328952
Shadow Mewtwo,Psycho Cut or Confusion,Shadow Ball,40,1.1541309469437357,1.8578691,1.2408439399140805,2.6690772,1.1368624442526598,2.2112005,1.112081213935763,2.3507075,1.1228136499481995,2.3842940000000006,1.4247051217393816,1.3265393,1.3311630873066849,2.3246465,1.3073009368013568,0.67876345,1.1545243386810586,1.2452030000000003,1.306617782060171,2.1618192,1.105743012321327,2.4759977,1.2214506614126115,2.987611,1.469593318324048,1.2820807,1.2874077394335606,2.0907989000000002,1.3920258547307096,1.996185,1.346135500547184,1.496447,1.3416303124672877,2.3275788,1.458446613867409,2.0958052,1.4430852703407944,2.02518,1.144989306038109,1.4405473000000002,1.2659346416792803,2.1016831,1.151259402157596,1.5750004,1.306557402382132,2.5056329000000006,1.2689441545326272,1.2384828,1.4110654417268782,0.6193983,1.2551539011419517,3.1076016,1.2549053544793936,2.135801,1.226292645435383,2.0899732,1.2276223469179977,1.825106,1.2098467523586336,2.4006324,1.2279216797244146,2.1442268000000007,1.1126609655629596,2.0908942,1.2875878571443662,2.577742,1.329923012108308,2.2000387
Mismagius,Hex or Sucker Punch,Shadow Ball,40,1.5938214540118427,2.4602716,1.6101220144283583,3.4535737,1.6474210400406732,3.1097867,1.504209385148585,3.1329556,1.5829934134535104,3.245444000000001,1.753045795389932,1.6875552,1.6593755025012547,2.8360353,1.6300995339799964,0.8304496,1.6568499048387975,1.6401225000000004,1.6874596979131251,2.705611,1.495199590887195,3.2779953,1.6232077478582396,3.8974972,1.6716059776387084,1.4613963,1.6714230944689428,2.6641161000000007,1.6763732225276242,2.3862748,1.6636750638614386,1.7463783,1.669538234062598,2.7622688,1.6954770650787894,2.4933038,1.6479411562705826,2.311295,1.9477361710564522,1.9935566000000005,1.668861973789012,2.690678,1.5280568944848623,2.0348077,1.6418395434123851,3.117181800000001,1.6001339168006095,1.6051505,2.0807119166096832,0.8369309,1.6494675930482017,3.9183428,1.6303847354548766,2.7485256,1.6858707756040896,2.836093,1.772397785233278,2.568313,1.6745832725191503,3.1724396,1.7505886793303138,2.8296060000000005,1.4884174244687776,2.727845,1.628259332669522,3.3112335,1.829152675011947,3.1510077
Tyranitar,Smack Down or Bite,Crunch,40,1.4677894660460833,2.264894,1.4993290222967437,3.165381,1.43790082144918,2.8472517,1.316058937998786,2.851062,1.3100668760030276,2.8710568000000003,1.2589076827040981,1.4794575,1.681524277961954,2.9022605,1.639443855909035,0.82917655,1.2524684854162293,1.4398695000000001,1.524642916705639,2.5700736,1.3311052666424668,2.9836445,1.4247451210179292,3.54237,1.6324129016255817,1.4553074,1.5833639665052814,2.5663347000000005,1.6132102110952085,2.3381395,1.580418963284353,1.7026718,1.6219044410132943,2.736032,1.6911110363706554,2.4561672,1.6152182557152281,2.3055232,1.357299710045009,1.8433571000000004,1.5380359151763272,2.4835312,1.33565415788325,1.8563914,1.5140376176827202,2.9942834000000005,1.3925463236849107,1.4562659,1.1889535691659852,0.7025185,1.4948786165752832,3.7141657,1.474101310644574,2.6157,1.536687900033849,2.6717594,1.4177655306125656,2.304099,1.4663417071046818,2.9486196,1.5151243049778553,2.5764716000000005,1.3204663471388862,2.5348704,1.4703651253429095,3.0573504,1.2184629362612833,2.6925454
Krookodile,Mud-Slap or Snarl,Outrage or Earthquake or Crunch,40,1.6080173176762733,2.480502,1.6113527799086595,3.4859943,1.5697241809131308,3.08569,1.4354434198219816,3.0983477,1.5013101501595636,3.276195000000001,1.3801346153879381,1.6317407,1.746469088640077,2.9982626,1.6913893047774002,0.85684776,1.3578215009898331,1.5126425000000003,1.5624672448887182,2.7558887,1.5035650802130491,3.4022088,1.6100414798187748,3.991243,1.8093835858200413,1.5955871,1.718271703902548,2.7643280000000003,1.811202816481371,2.5879138,1.7568566023638565,1.8814043,1.6445812179420076,2.7679281,1.7712734408815995,2.6989052,1.7061107488401495,2.3993318,1.4551179345615939,1.9525363000000004,1.6572747808914976,2.7638366,1.4650741995268002,1.9943383,1.676536958035055,3.219607400000001,1.5146117698009731,1.595963,1.2529984259187352,0.7402655,1.610182002898746,4.0503407,1.5868842529259404,2.800387,1.649089658548031,2.8763087,1.5280504139745505,2.4605231,1.5885959467415351,3.1498282,1.6654739026686183,2.7901502000000002,1.4389301213817567,2.7179651,1.5965961515650622,3.2761657,1.4681297252618608,2.8592584
Shadow Tyranitar,Smack Down or Bite,Crunch,40,1.231964559408512,1.8786932,1.274821999582875,2.715559,1.1796385328606558,2.3591945,1.0827820209331358,2.3658998,1.1111859657874847,2.4241717000000005,1.0469587658522603,1.2362444,1.3630693653876373,2.3546026,1.3589528981520875,0.69170487,1.0440463413306844,1.1907697000000002,1.2994205036232906,2.1295323,1.1179897767458638,2.5324514,1.1995320607015287,2.9785373,1.3786277474624131,1.2092627,1.3294888519794064,2.1300013000000004,1.3567812383688642,1.933547,1.390710353209379,1.4435394,1.3825777242750965,2.2498977,1.3858682046302686,2.0341675,1.3629047744829743,1.9128058,1.1406611260293447,1.5077225000000005,1.3079202043711855,2.0635793,1.1320496642294766,1.5526516,1.3083996853033864,2.5477376000000005,1.1809299321283093,1.2267385,1.0077924857723959,0.58856374,1.2674076574303506,3.133088,1.2138001137542367,2.15755,1.3120934752171338,2.2835274,1.1923227606944222,1.905623,1.2130155129464513,2.4014482,1.29061594217894,2.1382800000000004,1.086734310840542,2.0912833,1.264640493107702,2.6101754,1.0317491320935914,2.2662942
Golurk,Astonish or Mud-Slap,Shadow Punch or Earth Power,40,1.9301947155186687,3.0958807,2.0155706836919687,4.3286004,1.9913170407875989,3.83342,1.818884944597151,3.8292234,1.937492648891867,4.0635295000000005,2.160980577228655,2.100068,2.1894188453798873,3.776644,2.1860468922438696,1.1087596,1.9460033659965188,2.0308874000000006,1.6497979390075703,2.677559,1.972128961853427,4.275148,2.0109819452456477,4.9212265,2.174356421239411,1.9343784,2.139937070369372,3.389578600000001,2.217532179720348,3.2098641,2.1371495389835067,2.25879,1.851258636030566,3.1049857,2.2157360992501256,3.3192508,1.8946446270846284,2.7019897,1.944632868580889,2.4931660000000004,1.8541983081507403,2.662516,1.8940874966053876,2.5780418,2.110392641212431,4.097467000000001,1.9309848463900106,1.9996283,1.8307438166812664,1.0026473,2.0170733719469878,4.9846888,2.053779049738731,3.5627875,2.1560357390817684,3.6916952,2.0997369143253612,3.2197473,1.996321015249737,3.8819642,2.1885670782880853,3.473703000000001,1.8734716939248972,3.4380012,2.057521988117598,4.222544,1.9262688477840837,3.136321
Hoopa,Astonish,Shadow Ball,40,1.2707255017673496,2.0012345,1.3043649303623075,2.8452988,1.3403175284095754,2.5640717,1.234723832444013,2.5510798,1.248482557290622,2.6220899000000006,1.539199125347255,1.3945167,1.419983797910205,2.41979,1.3988241286462757,0.7104866,1.4256039055315075,1.3399498000000003,1.3740602159573254,2.255421,1.224140029815922,2.7096953,1.3267999795038952,3.230629,1.4274047450965428,1.2524209,1.401051429456478,2.2558900000000004,1.402729655125449,2.0105588,1.39263937684197,1.4771097,1.4059453836491151,2.329299,1.4093329950515319,2.0998728,1.4174390189215686,1.998632,1.7955709495166818,1.7908108000000005,1.3532467279455933,2.228199,1.2270316082699257,1.6526883,1.386768613680262,2.6341724000000006,1.296076668098592,1.3063408,1.935478338344644,0.6975052,1.3452850985100477,3.2802918,1.3423387186825415,2.2997625,1.4521723953565302,2.4136622,1.8308624473000996,2.258728,1.3493931632832115,2.6055956,1.326044654324922,2.3101750000000005,1.1863419182354762,2.2391605,1.3515184203587016,2.724888,1.62301371193617,2.6697004
Mewtwo,Psycho Cut,Shadow Ball,40,1.3533594947805914,2.1905205,1.4502924039182956,3.1181736,1.3233530876314719,2.5928435,1.2927874501457295,2.8159907,1.3042819859793169,2.8731754000000005,1.3843562696433611,1.5247416,1.622646005696667,2.835933,1.569133409404706,0.817049,1.3396651585143384,1.4865466000000003,1.5735150273893355,2.6118848,1.3415493777695588,2.980419,1.3861351701589935,3.4044492,1.7163915229336792,1.4836302,1.4918208334432408,2.4232042000000003,1.6289894428913434,2.282513,1.79072099836778,1.7797368,1.8068920757877105,2.82753,1.561390542927668,2.4005897,1.6775113310858132,2.329421,1.3200312776192737,1.7405145000000004,1.4760513314801846,2.4092515,1.327040437789721,1.8139305,1.5083119810727899,2.9218345000000006,1.3879276837592827,1.4622247,1.2946028867283133,0.7197167,1.5455642525384965,3.8205152,1.5000443090332933,2.5894012,1.4552144796867428,2.4688299,1.4074275111535313,2.1541967,1.4462833787868103,2.8499568,1.4306486773713067,2.5813580000000003,1.344977335711221,2.5080206,1.498192326772991,3.0419123,1.310496478661896,2.6326644
Shadow Houndoom,Snarl or Fire Fang,Foul Play,40,1.2913981093387747,1.9266642,1.4707054321582573,2.880681,1.3324600592736497,2.393156,1.2185567084699325,2.410399,1.1481037818020827,2.4379158000000003,1.1169952575175406,1.2657588,1.3566619423284936,2.3413012,1.3222279258427385,0.6655606,1.1181485890715954,1.2064000000000001,1.327354025408316,2.1452653,1.2811385298878364,2.6400254,1.405295350524717,3.1904006,1.523991881630161,1.2686917,1.4247570873526905,2.1946816000000005,1.5141308393438542,2.0415986,1.4847847811089818,1.4979885,1.4833543782057992,2.3056335,1.4701353955849839,2.1089914,1.5002400076158842,1.9911145,1.2821047259242224,1.5977727000000004,1.4124241423785762,2.1707618,1.190575939402612,1.6080964,1.335535277536637,2.5048210000000006,1.362301320395897,1.2798966,1.1897624619932818,0.61862254,1.3711460851641735,3.2011642,1.3435286478688662,2.2052007,1.4087652368661963,2.3125296,1.2668264839919998,1.9846796,1.3115942444910549,2.530776,1.2937873723138955,2.2210417000000002,1.1631150518527684,2.1541839,1.3040677401333034,2.5986564,1.191009144803489,2.3798645
Crawdaunt,Snarl,Night Slash or Crabhammer,40,1.804637909230851,2.67556,1.8107932200942247,3.9100738,1.790740570307217,3.3503788,1.614375591587143,3.3587463,1.6821752719463432,3.4322690000000007,1.743458634457386,1.7832236,1.8567973258923738,3.2066495,1.8390719390165462,0.9211509,1.5246684737315221,1.6773119000000005,1.8391448757025493,2.9744883,1.6699779234328949,3.5902402,1.7712386754888074,4.2796636,2.101768559680989,1.7735945,1.9603063012272837,3.023769000000001,2.0770182258797396,2.827194,2.0070291362983066,2.1040206,2.013652255835863,3.3023593,2.1510214258139233,2.989538,2.0681634292455016,2.7736878,1.7414574221520795,2.2069820000000004,1.892588358809176,2.9804904,1.6183347614778374,2.1959846,1.8307388243070755,3.472722000000001,2.1222853952600036,1.8504261,1.6236315902491343,0.87112206,1.8474650628222191,4.4269466,1.889605350250435,3.112877,1.8573652746578555,3.160446,1.7556111501184855,2.7514985,1.8781036757458824,3.582923,1.896558562585448,3.150806700000001,1.602854774385881,2.9849176,1.811269960993294,3.5763319,1.5903711757480123,3.347908
Giratina (Origin),Dragon Tail or Shadow Claw,Shadow Ball,40,1.2223578144489873,1.9854275,1.3112010172901265,2.8566887,1.289957973141714,2.536788,1.1718994976701522,2.5642047,1.2209456252073678,2.6250750000000003,1.1677952285605635,1.3566306,1.484702633678683,2.58465,1.5036067487436888,0.76460874,1.192956287364445,1.3144546000000001,1.366296790630071,2.2821653,1.2305582152453878,2.7677982,1.2918091614283143,3.1976275,1.4992498139738992,1.3222543,1.3879984714637201,2.2835293000000005,1.469987560188376,2.132318,1.4477734204359296,1.5564334,1.458750392546844,2.465461,1.4760524268550903,2.2165995,1.4817043728910877,2.1186876,1.3019267876030354,1.6896889000000004,1.355182419441606,2.2751582,1.2132649833943392,1.6750727,1.414353081695182,2.7437232000000003,1.2515556119843951,1.3168733,1.1188795558339075,0.63851345,1.4001211928830377,3.5674715,1.3299412174744372,2.3467429,1.394672818469255,2.4332476,1.3483603545150407,2.1346924,1.3207523479741086,2.6040564,1.2871359454347546,2.3060634000000007,1.207216679081849,2.3036017,1.3636446958033306,2.8059378,1.1505615218155267,2.51069
Shadow Dusknoir,Hex,Shadow Ball,40,1.5959961156543323,2.426474,1.6219797454755587,3.4419227,1.595070075749137,3.0298727,1.4645501280974613,3.050266,1.599790246061395,3.241790000000001,1.7684870687919985,1.700954,1.5849962546016527,2.7292843,1.5783508178126056,0.8048486,1.6843850449579123,1.6183566000000005,1.7110694831484696,2.7071493,1.5103595489713963,3.267196,1.5935092224207552,3.8445323,1.6179324391360757,1.4152212,1.6902638892952775,2.6373625000000005,1.6112674811935175,2.2951143,1.5854390110318783,1.6773016,1.6178085418193235,2.7107773,1.712590736537944,2.400562,1.611753192317313,2.2682106,1.878988424126285,1.9974258000000005,1.6954947019359183,2.6695745,1.539296969722173,2.0093393,1.638471187956589,3.072787800000001,1.6089175697985583,1.5985043,2.005875467975342,0.8532213,1.6454764777344717,3.8897223,1.605346508519451,2.6738913,1.6938647813468832,2.8130677,2.0018070363338674,2.6285257,1.6836878219393518,3.149512,1.728978784780998,2.7710931000000003,1.4585631656573335,2.657792,1.5957600995535723,3.1910818,1.8067821553768961,3.1697137
Honchkrow,Snarl,Dark Pulse,40,1.7069597927895463,2.4126937,1.5420385616899155,3.261064,1.4908115190231213,2.8464258,1.3740227991318321,2.8487558,1.5468644017899609,3.0209140000000008,1.2707149937187896,1.479944,1.5704525753236986,2.7156677,1.5247950908577539,0.77026427,1.2561746488809162,1.4059377000000002,1.5455995069969126,2.565939,1.3651374249179833,3.0828419,1.4716895071513225,3.6256561,1.7112946462642142,1.4800321,1.6085749782570788,2.5776565000000002,1.7188438929859187,2.3844771,1.7498332863511514,1.7544272,1.774594433685753,2.7903073,1.6648945379675015,2.5327816,1.7087760848128215,2.3593624,1.3691655158913667,1.8146099000000004,1.621157801557804,2.5340152,1.4021451945839771,1.8759347,1.5587580500667846,2.9854548000000003,1.7889440454830294,1.5558454,1.3334052555819962,0.7272538,1.588856787618057,3.9093359,1.5924136757871208,2.6851416,1.5900125443306743,2.6895652,1.4718236162788958,2.323262,1.5363922662398468,3.0171714,1.4283790343014782,2.5517010000000004,1.4358453289669968,2.544334,1.558349790277711,3.1328504,1.3803840093541915,2.8743768
Shadow Gardevoir,Charm or Confusion or Charge Beam,Shadow Ball,40,1.5246720638587736,2.3737168,1.5791972115241333,3.4295566,1.5690748206525755,2.9552789,1.464880744512932,2.9986758,1.4846224909319512,3.1383710000000007,2.0045050905363384,1.7588595,1.637737992985197,2.8303232,1.593362422844417,0.8129994,1.812961052249752,1.6593419000000005,1.6938509964729644,2.7373993,1.3511324799495914,2.9411309,1.46225038967393,3.5565658,1.8732535011066167,1.6496984,1.662978677119392,2.6435604000000006,1.773736983401452,2.5358589,1.9145069559456926,1.9481635,1.8545600858369098,2.9314752,1.6415012546647791,2.2145252,1.7755567513725201,2.4871404,1.8685693072283163,1.9806802000000003,1.6498891829483935,2.6488519,1.4870874028149461,1.9987987,1.6076281130376442,3.064981700000001,1.7270436965632632,1.597309,1.5390147776973988,0.8044093,1.5800380999602583,3.819484,1.5991149122110946,2.74328,1.3816967204917339,2.3415504,1.3629195428480563,2.0595014,1.3046894602324441,2.5420349,1.4062384603675853,2.2226067000000005,1.4113030229797345,2.6378183,1.6223872494321434,3.2730553,1.8085655730381558,3.0771766
Trevenant,Shadow Claw,Shadow Ball,40,1.5367556240277402,2.4181855,1.5457322538202694,3.314026,1.5326153853875555,2.9487753,1.4071476026584822,2.952079,1.488544334669443,3.079733800000001,1.6942012789792218,1.6031955,1.6717676907140055,2.8823383,1.6823007981466604,0.8558955,1.5673395868964561,1.5308337000000005,1.6361544917866637,2.6477838,1.4896459302179577,3.2666037,1.574604168973856,3.8026311,1.6768770749065098,1.4851391,1.66423096661875,2.5979760000000005,1.6443486329122545,2.3652287,1.638181904429738,1.7541237,1.6189861823510936,2.717788,1.6392075431967337,2.44954,1.6532395739335937,2.3437316,1.6000256328959357,1.9136881000000003,1.7669496911966776,2.6510336,1.6016976144182122,1.9969909,1.6500660593773304,3.1543200000000007,1.516514393183777,1.535679,1.5358344654055995,0.78065974,1.5742670741047993,3.803636,1.528998064657452,2.6223664,1.6714593398287547,2.8470755,1.628494829616171,2.4568148,1.5662231604461272,3.0095506,1.5692103752878153,2.6698666000000006,1.4327385224108284,2.6656377,1.596302929713379,3.2439206,1.8043405629467535,3.0336192
Shadow Skuntank,Bite,Crunch,40,1.6695660055632284,,1.785771811381131,,1.647930121276569,,1.5251800057848501,,1.5137698811661906,,1.4521422893323777,,1.7944430188368363,,1.8038670407573856,,1.4452212004271288,,1.7123336015602693,,1.5980761196380995,,1.6977208827209573,,1.9076071558040144,,1.7321407458863571,,1.9170472530852964,,1.9000367593196834,,1.9217428425625458,,1.9447938723225044,,1.9151762283108573,,1.5699658809696395,,1.7799803208373737,,1.606763337903049,,1.7605044817145665,,1.7492635257526468,,1.5328076522976577,,1.7355786960165063,,1.724957140216589,,1.7566096938971758,,1.6482506694419636,,1.648703694441119,,1.656269788385847,,1.5529879842813619,,1.7343758127235445,,1.5557572308734136,
Mega Gyarados,Waterfall or Dragon Tail or Bite,Crunch,40,1.1892498585761317,1.9190007,1.2981707675356864,2.8619854,1.1984659856143065,2.3854542,1.0935373627708767,2.3827798,1.1445164642319379,2.5691510000000006,1.1072045684296041,1.2845657,1.4621108180224602,2.5324538,1.4032001755023122,0.71809244,1.0687574951846084,1.2243081000000002,1.2752953589316847,2.1329176,1.1542221948262754,2.6030982,1.2106474785658679,3.035621,1.4824724061283674,1.2666966,1.313902493595542,2.1459260000000002,1.4746560119102832,2.0488293,1.4723875727770928,1.5148834,1.4938527164241597,2.4104218,1.5099022736046608,2.1580935,1.480744118956773,2.0221078,1.1817820364147136,1.5836313000000004,1.281557527120419,2.1124291,1.1659628918080844,1.6027808,1.3268482696837285,2.6210406000000006,1.2484978417916226,1.2984334,1.117293196700577,0.61145705,1.3694109833248809,3.4324632,1.3267500167495272,2.3055098,1.3273268555416227,2.335247,1.2005691455033018,1.9527156,1.283237855065999,2.5664015,1.259597870108633,2.2540772000000002,1.1421223233346218,2.2239249,1.2951122749438029,2.6713302,1.0476293566564996,2.328825
Darkrai,Snarl or Feint Attack,Shadow Ball or Dark Pulse,40,1.270906718321888,1.904499,1.2901650928484734,2.717708,1.2476000071906443,2.3842182,1.1428039411388453,2.398253,1.150733222433965,2.4304345000000005,1.0995467783894566,1.2368182,1.347314526500791,2.3089583,1.2984822888351242,0.66068053,1.0752990202136334,1.1729215000000002,1.351131205036728,2.1430235,1.169977512493693,2.5630097,1.25148927342961,3.0248356,1.4470380113332824,1.254724,1.3501140669259046,2.1578884000000005,1.441862299680287,2.0420666,1.430879270237372,1.448829,1.4201809640950487,2.3384202,1.3836260397047297,2.1537132,1.422494002416762,1.9865015,1.1701232596357096,1.5389970000000004,1.3192473323743912,2.1422913,1.1690144599909507,1.562733,1.304033921553333,2.4740458000000003,1.2451622872218409,1.263971,1.1223198558616145,0.59630513,1.2961084688866376,3.132541,1.257601315633795,2.1421647,1.3201950020770987,2.2289534,1.2311827338489976,1.9311507,1.2916539913509932,2.4791634,1.2416938789306027,2.1652520000000006,1.1501281147305653,2.0807853,1.294525428808662,2.5986958,1.1721300899726972,2.3703477
Zarude,Bite,Dark Pulse,40,1.4239362566202778,2.2618873,1.4968200378948295,3.3085482,1.4321520446397664,2.8509119,1.3207900888920523,2.849642,1.3441600105934832,2.9742737000000004,1.2327399744674103,1.4720474,1.6722212271786243,2.932049,1.657088016557024,0.8497636,1.2583294035466543,1.4396290000000003,1.5078285643870843,2.5414138,1.3344917252825779,3.000011,1.4185856695862595,3.5267446,1.690729341563001,1.44727,1.5604961966100153,2.5479302000000006,1.6573803482677605,2.301989,1.666108169473184,1.751534,1.6398042499738301,2.7209427,1.6945831529813644,2.4484348,1.671355083595204,2.2834356,1.363574283317107,1.8402076000000005,1.5426065633517776,2.5507648,1.360831953148444,1.8520535,1.5139250308063341,2.9651500000000004,1.404853544442969,1.4623529,1.1940166658716764,0.71172696,1.58328463702229,3.9969769,1.4627445371594796,2.59563,1.5110232885090278,2.6491132,1.4043877480456792,2.290962,1.455064297674083,2.9291315,1.424177228520016,2.5360103000000005,1.3365631197900316,2.5238025,1.560948040725693,3.2632275,1.3872323716605017,2.8023434
Haunter,Shadow Claw or Lick,Shadow Ball or Shadow Punch,40,1.9781228093945131,2.6716719,1.7694091669720513,3.4115357,1.9524411085453894,3.0599484,1.7582193625859828,3.0254648,2.215871777279994,3.411852800000001,2.082175788546341,1.817196,1.5191975236127915,2.6266806,1.5253929489786087,0.77699226,2.043082170974932,1.7634194000000005,2.0623320797930598,2.8575015,1.7752276717326338,3.4698608,1.746336982411367,3.8592706,1.6582863895672746,1.4069599,1.986930501034218,2.5965111000000003,1.633595372671865,2.215467,1.635237107278157,1.6146234,1.6264573301580654,2.5378437,1.5885737035130612,2.3364484,1.6436648194572134,2.2414799,2.3962290230673964,1.9766104000000004,1.9929844967627892,2.8127072,1.7162395810366866,2.252171,1.7739242907394717,3.1584578000000008,2.0693162083922236,1.6219659,2.0204055416063897,0.87676626,1.749442550427588,3.9067602,1.9645205810114053,2.6959743,1.7606659866411773,2.7903385,2.160720012649382,2.5490787,2.1482689584457373,3.1212246,1.9622539342242677,2.8788320000000005,1.6494188483023364,2.8862257,1.7707386423943965,3.3160882,1.8123382225661622,3.2005036
Shadow Mismagius,Hex or Sucker Punch,Shadow Ball,40,1.3605565067797476,2.095692,1.3752229206820845,2.9148872,1.3972102245842088,2.6585388,1.2945556107259724,2.6673183,1.3695729567004826,2.7944884000000005,1.5577706375908211,1.4511671,1.3849271745050504,2.3734026,1.3596556315457702,0.6901234,1.4582597503149137,1.3919302000000002,1.4696009678934339,2.3184927,1.3221043739912013,2.8424578,1.3716071921493307,3.2705429,1.406545614553919,1.2129395,1.458753110125851,2.2566040000000003,1.4027723637755505,1.9700017,1.3918869558216773,1.4432143,1.4124152753061865,2.306334,1.4889502491781799,2.0727227,1.3994648917723571,1.9410881,1.6835132855589188,1.7151572000000004,1.4957739914153467,2.28538,1.4270019636584688,1.7675595,1.4413785574456925,2.6878595000000005,1.364729815990488,1.3631345,1.7606289230415295,0.71573603,1.406444161447011,3.339198,1.4378261109213095,2.348819,1.4550591780842996,2.4153028,1.8305260166832262,2.1953661,1.4331036470470546,2.7166378,1.4793858765705972,2.4135923000000004,1.258276722192786,2.335437,1.3974390046735408,2.7737184,1.5478955589124834,2.729564
Yveltal,Snarl,Dark Pulse,40,1.355709704055163,2.1437435,1.3904601741643645,3.0853393,1.3512432619078019,2.6451063,1.2428816144426895,2.6515732,1.2702642473697126,2.7787828000000006,1.1676436190899735,1.3768914,1.5286060252856342,2.6598997,1.4948185943461072,0.764117,1.1674444034529219,1.3171730000000001,1.4175592511816584,2.38613,1.2672523463486909,2.8885088,1.3625987408118772,3.37127,1.585344839922155,1.3483766,1.459778462487736,2.3814542000000003,1.5973704386868164,2.2034464,1.5964418187849554,1.608247,1.6206793677378832,2.570028,1.5486745592587827,2.3393562,1.5754691359293784,2.1346712,1.2594555783208792,1.7074978000000005,1.4146396869811146,2.3433855,1.2709825666366978,1.7053344,1.456436710512124,2.8377228000000003,1.3659345219479841,1.4093468,1.2398088613146758,0.6669011,1.448219189096493,3.5741034,1.404447094539084,2.4577482,1.455528809168468,2.5152192,1.3201155853911908,2.1315877,1.3966925215774189,2.7642052,1.3310717378278292,2.3664925000000006,1.2517247836393928,2.367308,1.4109986414909372,2.896797,1.1722405570362386,2.6146295
Blacephalon,Astonish,Shadow Ball,40,,,,,,,,,,,,,,,,,,,,,,,,,,,,,,,,,,,,,,,,,,,,,,,,,,,,,,,,,,,,,,,,,,,,2.3605475
Mega Gengar,Shadow Claw or Lick,Shadow Ball,40,1.0,1.475587,1.0,2.1001155,1.0,1.8310688,1.0,1.8337916,0.9999999999999999,1.9724442000000004,1.1828982962205445,1.020889,1.0,1.7199776,1.0,0.5095883,1.0060451069742231,0.9734426000000003,1.0,1.6250832,1.0,1.9793952,1.0,2.3236032,1.0,0.88686186,0.9999999999999999,1.5641250000000004,1.0,1.4334636,1.0,1.06171,1.0,1.6686624,1.0,1.4900064,1.0,1.4138716,0.9999999999999999,1.1780987000000003,1.0,1.6102972,1.0,1.2490993,0.9999999999999999,1.9073428000000003,1.0,0.9552858,1.1922198609759582,0.48574948,1.0,2.3754904,1.0,1.6594182,1.0,1.6762258,1.0,1.5197448,1.0,1.9149933,0.9999999999999999,1.6925060000000005,1.0,1.6848898,1.0,2.0023232,1.1205273553745134,1.8643297
Mega Houndoom,Snarl or Fire Fang,Foul Play,40,1.1691212785964857,1.753885,1.1957229748115739,2.5943933,1.1563201539166656,2.222238,1.0603126152512847,2.2199755,1.0253937839284812,2.2162383000000005,1.0,1.1517763,1.2724901635617747,2.2054012,1.2391785765120786,0.6326935,0.9999999999999999,1.1041715000000003,1.1942774005939594,1.9400655,1.0994662812970153,2.429238,1.1657619179064882,2.8332257,1.3317563248874302,1.1521125,1.2499743270314523,1.9937389000000005,1.3254407209807197,1.8698704,1.310702301060196,1.3520644,1.301429263058725,2.0839791,1.3584537792023959,1.9661182,1.3095826355458282,1.8083165,1.1098520462236396,1.4409546000000002,1.213623675621823,1.9676584,1.0686318796458478,1.4345872,1.18777893109536,2.3140943000000003,1.1636135375728442,1.185353,1.0593758055736702,0.5535135,1.228083833313302,2.9936187,1.1703904469249056,2.0142257,1.2444293363284584,2.1035268,1.145947551336027,1.8035983,1.190321197282303,2.2918632,1.1566346879453464,2.0130286000000006,1.063269129207108,1.9473413,1.1783816568377736,2.3864863,1.0,2.173189
Greninja,Bubble or Feint Attack,Night Slash or Surf,40,1.7588355353002856,,1.9001481431305582,,1.7975963683353315,,1.6355376192609927,,1.6065002563695336,,1.6314456701631008,,1.905517589641647,,1.88891898248089,,1.5374141779180508,,1.871396937758979,,1.652866962999491,,1.7375705173448288,,2.0658502585285814,,1.9727106525808584,,2.0530901542912363,,2.160465438573379,,2.156213166021145,,2.168763014588037,,2.0779714872144175,,1.6712429462865104,,1.7211108796019616,,1.6654737779970594,,1.8485882068242991,,1.9453696567157612,,1.6026928309819697,,1.872444825620862,,1.8773173149248503,,1.9151496713183422,,1.7516911326629518,,1.8198131788297767,,1.902231175712359,,1.6164910475464347,,1.8313784706848069,,1.5540313605501086,
Deoxys (Attack),Zen Headbutt or Poison Jab,Dark Pulse,40,2.120197973889321,2.5908937,1.780243299376364,3.3218472,1.8002722201795807,3.2949374,1.618609318463029,3.1429594,1.8563170209373012,3.205746400000001,2.733079130468286,2.7364533,1.5234108602821483,2.592595,1.4851205093484972,0.72388643,2.118367813836768,2.1004567000000005,3.332200049785295,3.4969938,1.684232217176802,3.2496789,1.9451941592712643,3.9037344,2.6143830372815384,2.098873,2.1330828420173544,2.7219982000000003,2.0909689844205888,2.691334,2.3157041784107983,2.6297789,2.3503748822359465,4.0943246,1.9533504521472607,3.077419,2.5988867132767117,3.342214,2.074968448450105,2.2294020000000003,2.0443949460048305,2.722946,1.6736534481057042,2.0621758,1.7503871159405142,2.9162780000000006,1.9458940684418644,1.8188704,1.5618163117249166,0.88565934,1.585749534429206,3.6994436,2.306414189914456,2.6907167,2.087271206602097,2.9688842,2.3477546004522125,2.9920423,2.001467535065868,3.2521603,2.1391673346145055,3.074201000000001,1.628149563752196,2.7056873,1.7629274919556401,3.173545,1.7683881842852698,4.1892548
Mega Absol,Snarl,Dark Pulse or Payback,40,1.2253730513157788,1.857867,1.246722118649142,2.715837,1.2552488759368516,2.314252,1.1538166165017796,2.3130856,1.104392161546166,2.4143045000000005,1.0372707911008092,1.2109935,1.264106573746207,2.177526,1.2072243722013596,0.6118464,1.0427905083047873,1.1343249000000002,1.2965936663801292,2.078946,1.115007819259807,2.4583433,1.2150036033474767,2.9469619,1.4300540668167594,1.2040858,1.3361504782440152,2.0782878000000005,1.4324849624457412,1.9450426,1.5023956696581529,1.4318554,1.5209338689416936,2.2720804,1.4239310490050419,2.069442,1.40861445584791,1.8928094,1.1643758218394864,1.4819800000000003,1.375557477741784,2.055525,1.1865898085063549,1.517893,1.2629488048235538,2.3975554000000003,1.2499823768060854,1.218114,1.088470048458835,0.57853174,1.2619908715878905,3.0451078,1.2577713055175557,2.0969484,1.2524463007446782,2.1158822,1.189599615610125,1.8707532,1.2394021378166915,2.427878,1.2651080374014,2.0979133000000005,1.0786203959343397,2.0161424,1.2182403107256217,2.4419165,1.1250806968542775,2.315461
Houndoom,Snarl or Fire Fang,Foul Play,40,1.5144350606980974,2.2627943,1.6888393181349886,3.3549604,1.5118999275353078,2.8522513,1.3808651907348874,2.8508606,1.318777872444198,2.8307374000000003,1.3055852583416743,1.4806604,1.60122220510137,2.769992,1.5719204420491704,0.7987217,1.2816633271821782,1.4201796000000002,1.5155556776268548,2.4630058,1.5322569009248415,3.148408,1.5746107806206022,3.7493448,1.7609482322750514,1.5129815,1.6264654816521449,2.5370715000000006,1.7437777459460537,2.4295437,1.8048739585789193,1.7877394,1.7567901444572382,2.78793,1.7794642230437174,2.5210412,1.7023898114010916,2.369606,1.430681799218989,1.8956554000000005,1.6376777730407235,2.5093358,1.3786776082412615,1.8653047,1.5451305177293317,2.9548676000000005,1.6260243359755793,1.5150664,1.4045601862654222,0.7236003,1.5610240505475663,3.7999265,1.5434040836535543,2.611014,1.6177249853833786,2.7077096,1.532054922553851,2.3388326,1.5253119562597064,2.9514709,1.509257113242106,2.6256423000000004,1.3584234326526292,2.5222824,1.540192521348754,3.0530112,1.3334974073916257,2.8166518
