Attacker,Fast Move,Charged Move,Level,"Mega Alakazam, Mega Tier","Mega Alakazam, Mega Tier","Mega Banette, Mega Tier","Mega Banette, Mega Tier","Mega Gengar, Mega Tier","Mega Gengar, Mega Tier","Mega Metagross, Mega Tier","Mega Metagross, Mega Tier","Mega Slowbro, Mega Tier","Mega Slowbro, Mega Tier","Mega Latias, Mega Legendary Tier","Mega Latias, Mega Legendary Tier","Mega Latios, Mega Legendary Tier","Mega Latios, Mega Legendary Tier","Mega Mewtwo Y, Mega Legendary Tier","Mega Mewtwo Y, Mega Legendary Tier"
(Boss weights),,,,4.375,0.0,4.375,0.0,4.375,0.0,4.375,0.0,4.375,0.0,4.375,0.0,4.375,0.0,4.375,0.0
(Weather),,,,Extreme,Extreme,Extreme,Extreme,Extreme,Extreme,Extreme,Extreme,Extreme,Extreme,Extreme,Extreme,Extreme,Extreme,Extreme,Extreme
(Friendship),,,,Best Friend,Best Friend,Best Friend,Best Friend,Best Friend,Best Friend,Best Friend,Best Friend,Best Friend,Best Friend,Best Friend,Best Friend,Best Friend,Best Friend,Best Friend,Best Friend
(Attack Strategy),,,,No Dodging,Dodge Specials PRO,No Dodging,Dodge Specials PRO,No Dodging,Dodge Specials PRO,No Dodging,Dodge Specials PRO,No Dodging,Dodge Specials PRO,No Dodging,Dodge Specials PRO,No Dodging,Dodge Specials PRO,No Dodging,Dodge Specials PRO
(Dodge Strategy),,,,Realistic Dodging,Realistic Dodging,Realistic Dodging,Realistic Dodging,Realistic Dodging,Realistic Dodging,Realistic Dodging,Realistic Dodging,Realistic Dodging,Realistic Dodging,Realistic Dodging,Realistic Dodging,Realistic Dodging,Realistic Dodging,Realistic Dodging,Realistic Dodging
Gardevoir,Confusion or Charge Beam or Charm,Dazzling Gleam or Psychic or Shadow Ball,35,1.9025155184184817,2.0352926000000005,2.063084171827823,1.6784048,1.5661278708504396,1.6198884,1.7746988006931614,2.811187,1.7539777422394738,2.2375114,1.4356188254156468,5.6481366,1.375085517380717,4.729155000000001,1.80214130506338,5.744727
Shadow Tyranitar,Bite,Crunch,30,1.074372902339158,1.3872955,1.0536871573427726,1.0927289,1.1148505633846055,1.3429695,1.1350457674132737,1.8781682,1.2054260476187368,1.6339242,1.0288933836471785,4.743891,1.0907483055771647,3.9979389000000007,1.0879890217638677,3.8106606
Trevenant,Shadow Claw,Shadow Ball,35,1.566129422604656,,1.6974677772350577,,1.708526020407425,,1.3329959222423662,,1.642499794433474,,1.5105705939354646,,1.3522142969727184,,1.7755717198987917,
Shadow Shiftry,Snarl,Foul Play,35,1.3203943235435451,1.5732934000000005,1.5034450570764415,1.2403519,1.6954440606005443,1.6160774,1.2867409394284277,2.0740025,1.4782262097999574,1.8175282,1.5844617861167491,5.395083,1.3588820313382586,4.431644400000001,1.769440263049765,4.5553575
Mega Banette,Shadow Claw,Shadow Ball,45,,,1.1359340200587886,0.85633445,,,,,,,,,,,,
Chandelure,Fire Spin or Hex,Shadow Ball,40,1.3262541544461184,1.3640265,1.3572015315777755,1.0896512,1.3982935290117213,1.3444552,1.1622393963229822,1.7051271000000003,1.3326355269601775,1.5969547,1.2621306435082797,4.56197,1.11838457729897,3.8238935,1.2484706263347902,3.845313
Yveltal,Sucker Punch or Snarl,Dark Pulse,35,1.1262611929944104,1.4648398000000002,1.2133374214637835,1.2003663,1.221406143581838,1.4702073,1.1021032765039949,1.9594063,1.407549201918429,1.7919605,1.3385668594128834,5.2969885,1.1629465196737327,4.213933500000001,1.2907623678394449,4.2880206
Shadow Gardevoir,Confusion or Charge Beam or Charm,Psychic or Shadow Ball,40,1.608920034459312,1.6664375,1.758162232867001,1.3766127,1.4398985736033758,1.4682082,1.6056745896879618,2.2717430000000003,1.48950548424048,1.808622,1.232916635201467,4.5857973,1.2024437158943446,3.8026962,1.4810725609103437,4.646428
Giratina (Origin),Shadow Claw,Shadow Ball,40,1.1183234069659354,1.3820642,1.1661391075527556,1.1001536,1.1595189455734316,1.313234,1.1471238928987217,1.8608027000000005,1.3500646807922803,1.6820254,1.2789386428609955,4.7808547,1.0975705849358102,3.8851032,1.1957993662550686,3.799625
Absol,Snarl,Dark Pulse or Payback,45,1.3386950582225647,,1.5569896099427674,,1.480030638395219,,1.5193154309167243,,1.5749025097991802,,1.7480648613384469,,1.5558608210766396,,1.5426699356481108,
Hydreigon,Bite,Brutal Swing,30,1.0492793566411245,1.3665478,1.210273870897792,1.1161268,1.1509526217397952,1.3657721,1.0,1.8486779,1.1901087892091828,1.6403632,1.1661910801936204,4.8262296,1.0356657270850353,3.974438000000001,1.2116726971805354,3.914988
Hoopa,Astonish or Confusion,Shadow Ball,40,1.3440258234130442,1.403609,1.4547767788175419,1.2116932,1.3572175088899763,1.3705249,1.1596572291068037,1.8157326000000005,1.3482140070843047,1.6476467,1.3098503155510004,4.778425,1.24999073255235,3.9021454,1.26471974874152,3.888151
Honchkrow,Snarl,Dark Pulse,40,1.3121298885907422,1.5391155,1.6435551290072117,1.2890118,1.438105763570814,1.5442245,1.2945043066695994,2.0509620000000006,1.516583289678826,1.8714573,1.5893565726306704,5.640773,1.3074716132286326,4.4086514,1.6806801024265878,4.5412083
Mega Gyarados,Bite,Crunch,40,1.0334513043400742,1.2859044,1.1062413508542062,1.04074,1.1026481556459096,1.2751386,1.0985287276583653,1.7507615000000005,1.2483197349023714,1.582291,1.2032427045687468,4.526937,1.1597057226257552,3.840456,1.1773917442051638,3.5801668
Shadow Cacturne,Sucker Punch,Dark Pulse or Grass Knot,45,1.355609589928464,1.4661131000000003,1.4584850080010279,1.1782978,1.6752171140871845,1.5033053,1.4146000572321167,1.969356,1.5565624779197915,1.7585148,1.617956740767031,5.1056824,1.4693399379228622,4.294554,1.655305593156903,4.2390065
Espeon,Zen Headbutt or Confusion,Shadow Ball,45,,1.9296433000000004,,1.4321678,,1.4800012,,2.7242956,,2.2984357,,6.6387935,,5.4038305,,5.3324766
Chandelure,Fire Spin or Hex,Shadow Ball,30,1.351627884942154,1.5358305,1.4225223202088038,1.2306426,1.4168530724061237,1.5066942,1.1019975101338308,1.8704348,1.3183060631245378,1.7656856,1.1509530799790981,5.1470156,1.1811702583361054,4.328946000000001,1.3977690917567922,4.4384513
Hydreigon,Bite,Brutal Swing,45,1.036444355961908,1.2051117000000002,1.2316864427215164,0.98141867,1.1527608495832582,1.2020481,1.0691842898656951,1.5957527,1.25194532851761,1.5217583,1.2340502045168207,4.389114,1.1029347930496074,3.4625375,1.1312556614988403,3.379001
Shadow Mewtwo,Confusion or Psycho Cut,Shadow Ball,30,1.2439993711314046,1.3889606,1.2379521463064898,1.089718,1.123739902238189,1.1986208,1.1580433983750937,1.9766791,1.228132835080657,1.7002568,1.0584543120280243,4.8094826,1.1778012603951007,4.080531000000001,1.1294880726885022,3.8199375
Alakazam,Counter or Psycho Cut,Shadow Ball,45,,1.7602189000000004,,1.3527108,,1.4775174,,2.295502,,2.0125177,,5.700912,,4.8021,,4.806883
Mega Houndoom,Snarl or Fire Fang,Foul Play,40,1.0178436347928834,1.1852834,1.0350699298456274,0.9506089,1.1468203360980291,1.1973562,1.0491894060221065,1.5774102000000005,1.2363086220390695,1.4564186,1.1505066616322346,4.2175407,1.0,3.439101,1.1107420561630126,3.326293
Hoopa,Astonish or Confusion,Shadow Ball,30,1.333209641894604,1.5401123,1.5092670598959956,1.3716236,1.373044688227752,1.5328724,1.1970779367148572,2.0420501,1.3083053935825317,1.7920833,1.1506776035823258,5.1726747,1.2542794289027699,4.357442400000001,1.1957237147965432,4.249864
Chandelure,Fire Spin or Hex,Shadow Ball,50,1.359657073372794,1.2612303,1.4575072894943355,1.007175,1.3861510820608858,1.2273403,1.2632250342443079,1.568493,1.3481220624128976,1.4691112,1.3476073061825984,4.2878094,1.238274122195879,3.4945228,1.194231809103523,3.485086
Honchkrow,Snarl,Dark Pulse,30,1.3239702949256222,1.6747005,1.6198280035228054,1.4259801,1.456294607544275,1.726713,1.3043976453014796,2.2601545,1.5142617214034981,2.085699,1.5291770733417984,6.197241,1.3672144526312355,4.956409500000001,1.6550235021788662,5.1624823
Shadow Mewtwo,Confusion or Psycho Cut,Shadow Ball,50,1.1602635142888245,1.1899201,1.2846285986891077,0.90137964,1.1104261247208254,1.0020126,1.1941683742483984,1.6807694,1.2310836679842698,1.3861684,1.2613340065596623,4.1394067,1.2495550237157305,3.3663108,1.119940133015851,3.2496827
Weavile,Snarl,Foul Play,30,1.2812324120787006,1.5920296,1.4660609439164505,1.2746402,1.3723126119289388,1.5971134,1.3382577069708879,2.1809611,1.3577014600929131,1.8675869,1.2137058870770714,5.4771976,1.2775239667564566,4.516757000000001,1.575076964322559,4.6835976
Gardevoir,Confusion or Charge Beam or Charm,Dazzling Gleam or Psychic or Shadow Ball,30,1.9408718557691071,2.186648,2.0597215353978804,1.7819322,1.6550249701244477,1.731138,1.841353515248864,2.9584365,1.7017665568828004,2.3417668,1.3027114971392442,5.7003565,1.4079173839113124,4.9095070000000005,1.6964854988722673,6.0572796
Krookodile,Mud-Slap or Snarl,Crunch or Outrage or Earthquake,50,1.4630800590048632,1.535195,1.4621542465928652,1.2189559,1.448424408792386,1.3942968,1.4944265312944625,2.0789852,1.6965749739394091,1.8927338,1.5877948995129947,5.248383,1.6069601152807167,4.4584484,1.4908882473145184,4.3536263
Shadow Cacturne,Sucker Punch,Dark Pulse or Grass Knot,40,1.476839970857082,1.5839779,1.4300123663263637,1.2203441,1.6560617350543112,1.5554558,1.3489036270185257,2.0023084000000004,1.606171242449573,1.866368,1.5350658072172174,5.208265,1.3415874628114703,4.418505,1.6967658551116904,4.5873456
Mega Alakazam,Psycho Cut,Shadow Ball,35,1.2941983278223248,1.3978456000000001,,,,,,,,,,,,,,
Houndoom,Snarl or Fire Fang,Foul Play,30,1.3510202376728755,1.6978965,1.3656957453879033,1.3864115,1.4891870620764118,1.7470255,1.3302592156849482,2.2553415,1.5195199361815734,2.0742576,1.3905241284014689,6.002379,1.404322754148077,4.932016400000001,1.3961112815771786,4.7091703
Chandelure,Fire Spin or Hex,Shadow Ball,45,1.3287357707493075,1.3218503000000001,1.3664165727871036,1.0510423,1.3847026190912761,1.269971,1.1930471010517152,1.6266748,1.3514693516545984,1.5597767,1.311918138597206,4.409922,1.215942496208296,3.6869028,1.2501965840572853,3.6540134
Krookodile,Mud-Slap or Snarl,Crunch,30,1.4018016009248913,,1.4565209457662902,,1.5124048956936418,,1.3414164799950936,,1.6407162794115393,,1.3653416581092492,,1.4143469725758424,,1.6113647070595976,
Hoopa,Astonish or Confusion,Shadow Ball,50,1.458458907761711,1.3053898,1.5227801666075795,1.1089609,1.336875231146699,1.248004,1.2535458205005403,1.715684,1.3436210661542534,1.5191251,1.3633512008255408,4.39839,1.3527551419092738,3.6259108,1.2193784543380863,3.5591877
Darkrai,Snarl,Dark Pulse or Shadow Ball,30,1.128720868125598,1.4238378,1.19196837430561,1.1391501,1.2138270403932743,1.4150212,1.0637113955544062,1.8976107,1.2356022985017734,1.6883358,1.10992445653845,5.0747986,1.135717514835489,4.115925000000001,1.1747836464595747,4.020359
Chandelure,Fire Spin or Hex,Shadow Ball,35,1.3453568741273352,1.4563059000000003,1.3703874976384596,1.1471542,1.416219917039652,1.4020535,1.0716778285511663,1.7523208,1.3460771793827442,1.6535263,1.284938864917322,4.924533,1.1776010249458202,4.121163000000001,1.3044084353692886,4.0457973
Honchkrow,Snarl,Dark Pulse,50,1.3597565321879117,1.4143431,1.7929668654679076,1.1986911,1.4333953649001627,1.425594,1.392273067156551,1.9355971,1.5245751643926333,1.7298466,1.6468977497634916,5.182757,1.400964698781514,4.099344,1.7269272482626388,4.277212
Weavile,Snarl,Foul Play,50,1.3185526790060675,1.3475789,1.3322611624375593,1.0768381,1.3562348358888807,1.3444412,1.4713161988188541,1.8751086,1.420964355918696,1.5614985,1.4526666879350563,4.702949,1.4319938998687827,3.8094459,1.367510715402742,3.8336654
Gardevoir,Confusion or Charge Beam or Charm,Dazzling Gleam or Psychic or Shadow Ball,50,1.6870998969864532,1.7863029,2.02108416606754,1.443906,1.445950963915606,1.4161072,1.8313603255343192,2.405824,1.737114173811378,1.9515437,1.5340390450820327,4.849617,1.4794579201577407,4.1465163,1.6955365541723861,4.888231
Yveltal,Snarl,Dark Pulse,40,1.1328167408071357,1.4122872,1.1900258147983038,1.1399997,1.1987112446933799,1.3894757,1.177554808247023,1.8933951000000004,1.4021840429635246,1.746558,1.3159208695183124,4.978421,1.1620134039729084,4.0743814,1.2602851131904633,4.0651054
Shadow Mewtwo,Confusion or Psycho Cut,Shadow Ball,35,1.2286407110035558,1.3152580000000003,1.2664857375610952,1.0222377,1.1429401837279571,1.1434153,1.0603164408553567,1.8711517,1.254548573911694,1.612025,1.1682792821526207,4.5801272,1.1624824314491096,3.7578723000000007,1.1766183588120374,3.6554654
Mega Absol,Snarl,Dark Pulse or Payback,30,1.0844734316468556,1.3862854,1.3053549577925656,1.1494651,1.4047849874811376,1.4520804,1.122531946914869,1.8843813,1.2253290454289019,1.651243,1.2408863044571212,5.1094236,1.1107959553449436,4.143230400000001,1.3514032346047,4.2019243
Houndoom,Snarl or Fire Fang,Foul Play,50,1.376728534347273,1.4189454,1.4277159641485162,1.140553,1.4766393965732638,1.4428818,1.4651605824025318,1.8726071,1.5625659661536377,1.7210054,1.5679282707204218,5.0705996,1.43682001952154,4.0922475,1.462941790424458,4.0485888
Darkrai,Snarl,Dark Pulse or Shadow Ball,50,1.161471754709513,1.1856884,1.1949905951673554,0.9539753,1.2101843212131327,1.1958224,1.2073688285953725,1.6271228,1.2835444793367303,1.4192653,1.3073479627132412,4.186697,1.2289311256534605,3.4630933,1.2123584610660298,3.361984
Honchkrow,Snarl,Dark Pulse,35,1.3465985494790778,1.6377453000000004,1.6636266692158612,1.3635632,1.4548105192093044,1.6160289,1.2700725760790617,2.1754045,1.5217101824431885,1.954946,1.5820842499302332,5.9213657,1.4131976318506638,4.764009500000001,1.7195866451733055,4.8055153
Shadow Houndoom,Snarl or Fire Fang,Foul Play,45,1.130751955383459,1.2766786000000003,1.1403089408446403,1.0118039,1.254718752303978,1.290602,1.2299897243573845,1.696881,1.3092781543682985,1.5233436,1.3345095977792418,4.449421,1.28295187214426,3.6412868,1.2285566083932804,3.539882
Mewtwo,Confusion or Psycho Cut,Shadow Ball,45,1.207956775391806,1.4403642000000003,1.2563212587588373,1.1019688,1.2177668523735667,1.2246801,1.3411735252179355,2.004407,1.4673718841988257,1.7285565,1.4097539375055346,4.93133,1.3625171060500876,4.2010784,1.3434129749105126,4.045969
Weavile,Snarl,Foul Play,35,1.2729612691549501,1.5403290000000005,1.4901146674039296,1.2286084,1.393177249175731,1.5033989,1.3038758714562686,2.086443,1.3818888259470423,1.7428468,1.3614595011451307,5.2734785,1.3216911312895296,4.3594040000000005,1.4469627575391748,4.3540893
Honchkrow,Snarl,Dark Pulse or Psychic,45,1.3089505031916238,1.4915968000000002,1.6588540251637063,1.2371125,1.4394850125752086,1.4822198,1.342298427641533,1.9915959,1.541584388837561,1.841027,1.6108347783368722,5.359399,1.4041295136384178,4.31933,1.7219610261348144,4.4272175
Hydreigon,Bite,Brutal Swing,40,1.0368775422049583,1.2355763,1.2003745548769271,0.99556845,1.152019142298087,1.2384719,1.079146240033811,1.7528412000000004,1.2476747161555517,1.5534065,1.1853472409515076,4.4907503,1.0091518941620408,3.5651517,1.11296770912842,3.4647684
Espeon,Zen Headbutt or Confusion,Shadow Ball,40,,2.0503676,,1.4972614,,1.543401,,2.9234676000000004,,2.3803656,,6.8864555,,5.620963,,5.734053
Houndoom,Snarl or Fire Fang,Foul Play,35,1.3535799452349115,1.6319222000000004,1.3696534880675872,1.3111594,1.4832887697689,1.6243318,1.2713590428421913,2.0998113,1.5430765553714711,1.9389697,1.4788696706649305,5.715725,1.3763304801984138,4.718297500000001,1.5014644942285331,4.575133
Shadow Mismagius,Sucker Punch or Hex,Shadow Ball,30,1.487712627974311,1.6465226,1.6223414105163194,1.3197879,1.4834916595791927,1.6193863,1.3680554196232972,2.1598501,1.4063322833575105,1.8495313,1.4583148660712746,5.57247,1.4229880154608172,4.681796000000001,1.6616919908399947,4.768252
Krookodile,Snarl,Crunch or Earthquake,35,1.3792649688769785,1.7226874000000005,1.4012577555155206,1.3938386,1.511894312362049,1.5968846,1.3070623559487793,2.334474,1.6903828507734056,2.1241338,1.5240673471315234,6.0683913,1.4385060694227503,5.001217400000001,1.721879226855705,5.08383
Shadow Weavile,Snarl,Foul Play,45,1.0510725700747503,1.1865048000000002,1.2547663011245278,0.9461237,1.16736323884089,1.186557,1.227978227835556,1.6452736,1.1842191404845663,1.3856807,1.2106046299459792,4.1494837,1.1880852586150308,3.358419,1.3694227126060783,3.390636
Darkrai,Snarl,Dark Pulse or Shadow Ball,35,1.1035255365303884,1.3514673000000001,1.1428378949765223,1.0968586,1.2380123472421094,1.3558449,1.0398666293015195,1.8296069,1.29422974562411,1.6229843,1.2327025430996141,4.747249,1.1845380516829391,3.946178000000001,1.2490896238408917,3.82267
Mega Houndoom,Snarl or Fire Fang,Foul Play,45,1.0210363061297887,1.1479880000000002,1.0404921267601552,0.92807394,1.143273416889105,1.1435766,1.116659310715121,1.5364623,1.203000149529225,1.3857737,1.17127399763359,4.00668,1.0718778715936155,3.274052,1.112049779970289,3.1720977
Shadow Shiftry,Snarl,Foul Play,45,1.2833671562274223,1.4446448000000003,1.479201674120802,1.1241199,1.6772043706854802,1.4738485,1.3398985995012476,1.8996825,1.4508103766190603,1.7047677,1.5014745609779137,4.912447,1.4320966704155205,4.0469623,1.744841807788508,4.127084
Alakazam,Counter or Psycho Cut,Shadow Ball,40,,1.8293878,,1.4187032,,1.5568373,,2.3867998000000004,,2.0912995,,6.312285,,5.050844,,5.0057316
Shadow Sharpedo,Bite,Crunch,40,1.329068034449587,1.4582971,1.5314226575623413,1.2097689,1.578797346349252,1.5049025,1.3524965583397115,1.9398323000000004,1.4270760578711053,1.6917049,1.559242326986353,5.261888,1.307532604618479,4.387106,1.5009703890964141,4.266839
Shadow Absol,Snarl,Dark Pulse,35,1.1380797031035594,1.4278913000000002,1.443634302507048,1.1997584,1.5542637424521997,1.4961467,1.1658783764462313,1.9209552,1.3443169385938225,1.7060475,1.5376342866483597,5.3508654,1.2370712039020728,4.287289600000001,1.6350386408181834,4.3607926
Mega Absol,Snarl,Dark Pulse or Payback,35,1.0966240359682105,1.3383598000000003,1.2423627529201484,1.0732226,1.2370953337294854,1.3592715,1.1150562478910615,1.7977741,1.2569777349677331,1.5510314,1.3487117834847622,4.76272,1.1333608037483782,3.886653200000001,1.3008843986243532,3.8745527
Gengar,Shadow Claw or Lick,Shadow Ball,35,1.3945622197602319,1.5345578000000004,1.365579683905465,1.1187963,1.3524118689987021,1.3456357,1.4254209012244712,1.974889,1.660418962559084,1.7030011,1.5751745592286341,4.9346037,1.4229540826347065,4.166890600000001,1.4425033521175914,4.193218
Trevenant,Shadow Claw,Shadow Ball,45,1.542192580572603,,1.6680908982610951,,1.6921326400592451,,1.4267646728089998,,1.5896245225161696,,1.53827609200306,,1.469286846367163,,1.6375512976724171,
Yveltal,Snarl,Dark Pulse,45,1.1191160294506783,1.3518776000000001,1.2184631956790333,1.1090063,1.2105385628001681,1.350064,1.23608990016508,1.8494725,1.3838603741240239,1.660353,1.3877555577010923,4.8778095,1.2460041804028776,3.8722596,1.2894660095728177,3.9589753
Shadow Sharpedo,Bite,Crunch,30,1.3718013707781143,1.6571069,1.5465060910511201,1.3681264,1.545120713456668,1.7533798,1.2757258121800714,2.1128905,1.4102420273350609,1.8984157,1.3698949715586624,5.7259507,1.460537453426378,5.035829500000001,1.4997377700558863,4.814369
Banette,Shadow Claw,Shadow Ball,40,,1.6236349,,1.2787648,,1.5993218,,2.1420890000000004,,1.8696179,,5.4664598,,4.468216,,4.6297626
Shadow Mismagius,Sucker Punch or Hex,Shadow Ball,35,1.4328049199289437,1.5647790000000004,1.5494948166367528,1.2673111,1.5135442555233887,1.5149084,1.304027429068178,2.0546615,1.4808358059250624,1.7757888,1.4502974552220176,5.2626805,1.4532509119411126,4.439049200000001,1.6679428961659704,4.5486226
Mega Alakazam,Psycho Cut,Shadow Ball,50,1.23405467987799,1.2420785,,,,,,,,,,,,,,
Darkrai,Snarl,Dark Pulse or Shadow Ball,40,1.123300557005768,1.3091105,1.1099595567809355,1.0492576,1.2270562122568913,1.282098,1.0822945940164757,1.7239815000000005,1.2935642507659129,1.5427812,1.2427916014887535,4.59201,1.1498301856061248,3.7401197,1.2189482330293884,3.6318622
Shadow Mewtwo,Confusion or Psycho Cut,Shadow Ball,40,1.2495165403887938,1.2838103,1.256908300624458,0.9770326,1.1181348480472386,1.0831333,1.1162871084486905,1.8061807000000005,1.2627625459724607,1.5637331,1.190109310103026,4.3953953,1.1512917489828398,3.631665,1.161295894931566,3.4907107
Mega Gengar,Shadow Claw or Lick,Shadow Ball,30,1.0,1.1485615,1.0,0.8668707,1.0,1.0599526,1.030255905253112,1.4959378,1.0,1.3236531,1.0,3.8403459,0.9999999999999999,3.174046500000001,1.0,3.2906263
Shadow Sharpedo,Bite,Crunch,50,1.3271711537019955,1.3466668,1.57862265213957,1.0966233,1.5439635181130247,1.3496964,1.389705489746077,1.7478181,1.4499378673511396,1.6046771,1.6866715297657247,4.9540815,1.4650900175469799,4.121591,1.4739807431320657,4.021638
Mewtwo,Confusion or Psycho Cut,Shadow Ball,40,1.2383953890004125,1.4827918,1.2723567963316842,1.1319498,1.2565948039193706,1.2658539,1.2906134984447675,2.0977328000000006,1.4638650944664116,1.7988174,1.3769119963320566,5.1286187,1.2758012693159673,4.332103,1.356145049540437,4.172306
Mega Alakazam,Psycho Cut,Shadow Ball,30,1.3091250058657538,1.4789062,,,,,,,,,,,,,,
Weavile,Snarl,Foul Play,40,1.2552434154916166,1.4609213,1.3117652991354296,1.1655897,1.3964808486899456,1.447948,1.3461753897947812,1.9605086000000005,1.411880960712608,1.7029853,1.3948659582501752,5.133011,1.2780220104198547,4.1366262,1.3502870466399794,4.054329
Gardevoir,Confusion or Charge Beam or Charm,Dazzling Gleam or Psychic or Shadow Ball,40,1.916318656248911,1.9425507,2.0325293591142684,1.5806301,1.5124528245484234,1.5171554,1.850116852853916,2.6628218000000006,1.7634432234127408,2.1530838,1.4818978909326284,5.477164,1.3530241882700524,4.5121107,1.7403904775393841,5.3843327
Mega Gengar,Shadow Claw or Lick,Shadow Ball,50,1.0,0.9452092,1.0,0.731335,1.0,0.89562273,1.0,1.2556641,1.0,1.1063757,1.0,3.194469,1.0,2.6394773,1.0,2.6860757
Shadow Weavile,Snarl or Feint Attack,Foul Play,40,1.0844472773334393,1.2462178,1.245601088749924,0.9985978,1.1511282323839116,1.2278631,1.1899288985167746,1.6904743000000004,1.201083824559228,1.4574788,1.1767383623712173,4.280591,1.0935028415152925,3.4819598,1.3651994562185028,3.592662
Shadow Shiftry,Snarl or Feint Attack,Foul Play,40,1.291838605289326,1.484476,1.4719926738008349,1.1742674,1.6896332041324926,1.5465169,1.3244817556543182,1.9560099000000004,1.4444483741591392,1.7597302,1.6012790603592424,5.2117,1.3217613224462446,4.188815,1.7133114901032833,4.2700114
Trevenant,Shadow Claw,Shadow Ball,40,1.5846568534887622,1.6465892,1.6297392113293594,1.2748257,1.662110479687245,1.5689354,1.3501564121675749,2.1045656000000004,1.628361102315485,1.9606681,1.5487483952748258,5.6052046,1.3339958013828421,4.581586,1.7271426525600024,4.6552753
Shadow Sharpedo,Bite,Crunch,45,1.260815280978461,1.3861537000000002,1.4575304218091354,1.1369208,1.609720235529009,1.4419979,1.4023332025507773,1.8686001,1.4216184493291812,1.6423801,1.6287238246530702,5.070277,1.4185595035244762,4.2683144,1.4935473999561426,4.1172113
Houndoom,Snarl or Fire Fang,Foul Play,40,1.3167753312818749,1.5378255,1.3382809155267066,1.2281458,1.4974905846920523,1.5679985,1.3661789744044621,2.0480620000000003,1.5515357163215704,1.875453,1.4562017908193536,5.3435388,1.3036498336608988,4.414772,1.492600694676742,4.400913
Incineroar,Snarl or Fire Fang,Dark Pulse,45,1.3864123505168973,,1.4052608031812293,,1.552578751392208,,1.4891350190578592,,1.645235383993904,,1.5960364053435754,,1.4802620507426147,,1.5383587053118752,
Shadow Absol,Snarl,Dark Pulse or Payback,30,1.2060017646578838,1.5479627,1.4627283359726053,1.274026,1.6636272841695123,1.6219794,1.2016052433691413,2.0668082,1.3142049166676872,1.7779926,1.3492536629409686,5.5786853,1.2013069802011487,4.484088000000001,1.5401358204996736,4.676665
Shadow Sharpedo,Bite,Crunch,35,1.3873766215172119,1.5919908000000005,1.531051575595952,1.2557857,1.560034030822723,1.6070818,1.275039319191769,2.0269623,1.4119780917624998,1.7391281,1.5350258730682425,5.5167403,1.4220607445119489,4.764970300000001,1.527682776980111,4.4246364
Shadow Alakazam,Confusion or Counter or Psycho Cut,Shadow Ball,30,1.6513595397781804,1.7173202,1.7350786191544918,1.3832301,1.566488990701796,1.5443555,1.4188910097709864,2.2419221,1.5135528722215383,1.9841609,1.6852593524019708,5.89628,1.4296417929533658,5.013658000000001,1.9857359750703338,5.00224
Gengar,Shadow Claw or Lick,Shadow Ball,30,1.3647980342476336,1.5793234,1.4051092071621623,1.1767938,1.3273386318531846,1.4611847,1.419304286964867,2.0493565,1.5807294957160678,1.7951182,1.4845293909445796,5.1601763,1.4134500860824755,4.418471000000001,1.4860686606326108,4.6517186
Shadow Skuntank,Bite,Crunch,30,1.5381127545849271,,1.4603059727617855,,1.586734936526082,,1.5934556810531453,,1.6634444071498873,,1.5539893701915182,,1.5567820190117896,,1.6254861880422258,
Shadow Banette,Shadow Claw,Shadow Ball,30,1.4038040273294814,1.6262505,1.60760525501238,1.2875776,1.4221823969887926,1.5209537,1.4311902898879172,2.0487063,1.3763458215995426,1.787894,1.4705841442816687,5.244138,1.380816116072985,4.403371000000001,1.7162162266871048,4.609592
Mega Gengar,Shadow Claw or Lick,Shadow Ball,35,0.9999999999999999,1.0835139000000003,1.0,0.8392857,1.0,0.9955016,1.0352880452499558,1.4462994,1.0,1.2460334,1.0,3.5876424,1.0386703169115157,3.049912700000001,1.0,3.061509
Shadow Absol,Snarl,Dark Pulse or Payback,50,1.214413497813656,1.2645242,1.4274728485214767,1.0312222,1.3316968910149976,1.2935703,1.359001276239823,1.7091669,1.3398687574520256,1.4816252,1.5356556471868672,4.512771,1.3306868739348225,3.699717,1.4008702994740565,3.7378802
Mega Alakazam,Psycho Cut,Shadow Ball,45,1.2890465178592714,1.2911266000000001,,,,,,,,,,,,,,
Shadow Alakazam,Confusion or Counter or Psycho Cut,Shadow Ball,50,1.583835953367077,1.4139242,1.6384026814137247,1.1048464,1.3637774832140077,1.228234,1.5587661340789027,1.8672906,1.56133037370471,1.6974484,1.5718866452101339,4.8196898,1.5784478134894682,3.9621513,1.4909592031845373,3.9568107
Shadow Weavile,Snarl,Foul Play,30,1.088755058372097,1.3931055,1.2816513276075836,1.1060023,1.1677750272669591,1.4093791,1.140117825865851,1.8574266,1.198594739130521,1.6121405,1.203739630602969,4.8046556,1.1226775696860603,3.933351500000001,1.2971728866856702,4.0700355
Shadow Shiftry,Razor Leaf or Snarl,Leaf Blade or Foul Play,30,1.3746003441441543,1.646178,1.4631204131746434,1.2886853,1.6796855626918967,1.7097167,1.3194055462542464,2.157472,1.5643179431317569,1.9930389,1.3895798269947468,5.6068907,1.3070004030676377,4.600967400000001,1.6978498915658702,4.889381
Gengar,Shadow Claw or Lick,Shadow Ball,50,1.3589196967684911,1.2899828,1.4097545131395557,0.9902052,1.3142706491206662,1.1971282,1.5383152176114467,1.7071424,1.4118182562088295,1.506417,1.5835342787132463,4.288955,1.5244092773529125,3.6134129,1.409455181127553,3.7082217
Shadow Skuntank,Bite,Crunch,50,1.54129336611545,,1.5536334718855977,,1.559075816864725,,1.6917310426759307,,1.686240623527925,,1.6884939648899793,,1.6014033382674,,1.65998322855099,
Shadow Banette,Shadow Claw,Shadow Ball,50,1.3831440883798398,1.278379,1.7081198785057778,1.0414089,1.3618002971011798,1.2591034,1.4841754436846384,1.6901655,1.396220463004099,1.4975076,1.6474745116757326,4.3330264,1.5687406085847164,3.6403642,1.475689472874055,3.561035
Shadow Mewtwo,Confusion or Psycho Cut,Shadow Ball,45,1.1636963045924602,1.2374302000000001,1.2765714705999447,0.93261737,1.1232693842711272,1.0379648,1.1452322815275584,1.7289616,1.226012688622815,1.4492517,1.2309592126454252,4.2358904,1.2529547826757796,3.4792514,1.1510680632933725,3.3593931
Krookodile,Mud-Slap or Snarl,Crunch,45,1.362413018804595,,1.346072057733725,,1.4839710744167849,,1.420553613178961,,1.6675015742080508,,1.57889467379389,,1.542880394524006,,1.5518780430298647,
Shadow Alakazam,Confusion or Counter or Psycho Cut,Shadow Ball,35,1.6243182024466563,1.6077229000000004,1.6348315452118352,1.3045211,1.4586307276838548,1.4430056,1.4199508724571204,2.1658564,1.5768843178671392,1.891991,1.8346801647506905,5.5502124,1.4682378751913006,4.769455000000001,1.8698529791447995,4.783716
Mega Absol,Snarl,Dark Pulse,50,1.1403921955772875,1.171313,1.3158252986757413,0.94379914,1.1387218444866503,1.1732683,1.2065461108931552,1.5647479,1.2539290934679974,1.4023879,1.281254716367621,4.1429334,1.2204427216444027,3.3705008,1.1521226824284387,3.339076
Shadow Skuntank,Bite,Crunch,35,1.4921804035025616,,1.476285886253671,,1.5751306105666694,,1.4789669490022934,,1.751471229036909,,1.6634651362929347,,1.5899788004837228,,1.6960491387768117,
Bisharp,Snarl,Dark Pulse,35,1.3536652754757548,1.6897321000000005,1.3555610147446495,1.3192129,1.4665569769785334,1.6539545,1.3206246461272741,2.2071476,1.5477405382063267,1.9595128,1.4473733049177064,5.6566634,1.2844138400832872,4.653194400000001,1.740886694142733,4.9351106
Shadow Banette,Shadow Claw,Shadow Ball,35,1.2887022528192946,1.4455479000000002,1.5922797138763316,1.1986445,1.4091157443897633,1.4377408,1.4518153742329183,1.9791929,1.421884760164795,1.7202022,1.6942499754983624,5.061644,1.4320718307664588,4.226797000000001,1.8721167750756627,4.4114876
Shadow Mismagius,Sucker Punch or Hex,Shadow Ball,50,1.5145568105989207,1.3515859,1.584385519749537,1.0997663,1.490085196538467,1.3140624,1.3972383168894127,1.781485,1.4479773034792471,1.5773741,1.4379805786883375,4.5632367,1.4335527872810303,3.8320713,1.3764182837704662,3.8238442
Shadow Tyranitar,Bite,Crunch,50,1.1086683330315803,1.1544869,1.1351288751291857,0.94927096,1.1205326666466082,1.140442,1.1967456731463573,1.6025702,1.2453642200668904,1.417771,1.2311995617075737,4.029161,1.2543721808249182,3.4450085,1.1384806039454916,3.2580097
Weavile,Snarl,Foul Play,45,1.254620530805178,1.4141307000000003,1.2441201617032696,1.1082513,1.3624760785996894,1.3844094,1.3960732015651434,1.9212701,1.4242341297299645,1.6410581,1.417532109832972,4.84445,1.4056149957033528,4.000013,1.3628818038973867,3.922153
Gardevoir,Confusion or Charge Beam or Charm,Psychic or Dazzling Gleam or Shadow Ball,45,1.6854719289987672,1.8757521000000004,1.920275294074719,1.516873,1.4706196737855075,1.473005,1.8768152205846118,2.5952094,1.771878075824376,2.0790777,1.5050151985278193,5.2343864,1.4411687391545338,4.313506,1.7605832724658663,5.1974616
Shadow Banette,Shadow Claw,Shadow Ball,45,1.3242756006460779,1.3468246000000001,1.5637687674671392,1.0754502,1.3689675520428355,1.2926841,1.411607146989882,1.7459298,1.3595673667211596,1.5274698,1.6406536105415688,4.474668,1.5005889066111997,3.7563317,1.624402935488179,3.7784467
Espeon,Zen Headbutt or Confusion,Shadow Ball,30,2.070064375341297,,1.9538171481688804,,1.6140349802836467,,1.9466674459397333,,1.884846108373257,,1.6787099797297544,,1.8430049845480243,,1.7959442303656297,
Houndoom,Snarl or Fire Fang,Foul Play,45,1.3144232758869359,1.4951272000000002,1.3494534386087298,1.1979778,1.482511328833502,1.4712727,1.447570943183647,2.0051703,1.573532012615804,1.815929,1.5148469371591278,5.170726,1.4188815595231554,4.3232307,1.4621509656080949,4.155813
Shadow Weavile,Snarl,Foul Play,35,1.0917982575704577,1.3209815000000003,1.2672705867378498,1.044968,1.176916087814304,1.3089616,1.1067813738554542,1.7520124,1.2036686013493314,1.5076365,1.205372752683597,4.548847,1.1328860892704493,3.661945600000001,1.3727334509154296,3.7867289
Mega Alakazam,Psycho Cut,Shadow Ball,40,1.2835708016490548,1.3394989,,,,,,,,,,,,,,
Incineroar,Snarl or Fire Fang,Dark Pulse,40,1.4152604830625024,,1.3936386035505521,,1.547811037066442,,1.4753264305325529,,1.654033281169838,,1.5759851394357838,,1.3690752917566285,,1.5218213541085266,
Darkrai,Snarl,Dark Pulse or Shadow Ball,45,1.1013983186428424,1.2447820000000003,1.1173242659639329,1.0047154,1.2157993294744818,1.2278208,1.141588771178538,1.6804389,1.3009001936096452,1.5040202,1.2710887066624184,4.337125,1.226142924368752,3.5404677,1.2363182079738306,3.5355954
Tyranitar,Bite,Crunch,35,1.2578039319150085,1.5558499000000003,1.26494819678962,1.2483052,1.3821951396240348,1.5426724,1.2418249252220463,2.127233,1.4548047309787435,1.8547863,1.3720922201464139,5.4121776,1.3294420952062689,4.555701000000001,1.4039479734708558,4.432829
Hoopa (Unbound),Astonish or Confusion,Dark Pulse or Shadow Ball,30,1.198730471522923,1.4906976,1.4430874018382926,1.2902402,1.1337254865782302,1.3663945,1.1248812444961298,2.0152667,1.2891496721187528,1.7871991,1.1488357417030013,5.271103,1.2249226299298879,4.382403000000001,1.2390586243875399,4.245007
Shadow Tyranitar,Bite,Crunch,35,1.039315345552924,1.2901137000000003,1.0750165335911057,1.0554966,1.143455397169451,1.2865403,1.122460838084998,1.8085341,1.2730145609822188,1.5909389,1.1573417358226556,4.597573,1.1423258946177828,3.8887088000000007,1.1592712879350933,3.666181
Mega Absol,Snarl,Dark Pulse,45,1.0604046708774792,1.2128426000000003,1.2150665194172074,0.98120147,1.1522705219737026,1.2144848,1.2065852738115692,1.6432599,1.2402851623507725,1.4336373,1.2383708804512406,4.250952,1.1996156302457612,3.5042553,1.206812034116559,3.5393069
Giratina (Origin),Shadow Claw or Dragon Tail,Shadow Ball,30,1.1361218803529676,1.5154893,1.1900378213058669,1.1930419,1.1866488370365553,1.4340745,1.0876355038213863,1.9915236,1.2636939490489534,1.7844335,1.1079346901990705,5.0849113,1.1296648100228592,4.284555000000001,1.1300369955643401,4.0491524
Shadow Mismagius,Sucker Punch or Hex,Shadow Ball,45,1.4128501486556628,1.4028945000000002,1.4850589269632515,1.1309302,1.5004420439982924,1.3602653,1.3735474491547643,1.857703,1.4361611826455811,1.6385907,1.4508237866762979,4.825926,1.4000998645608196,3.9575348,1.5156652250832223,4.016032
Bisharp,Snarl,Dark Pulse,40,1.3695637233886502,1.6284066,1.361506662136168,1.2773114,1.4417075612165364,1.5770253,1.420398559927506,2.1409173000000004,1.5541018107709226,1.9035894,1.4731449916392467,5.4998736,1.2764978338499549,4.5153995,1.4696735754067485,4.565934
Shadow Gardevoir,Confusion or Charge Beam or Charm,Psychic or Shadow Ball,50,1.7206900857795446,1.5338489,1.8508478290618318,1.2511722,1.3129288536301083,1.3423934,1.7299213907265407,2.1103995,1.4890131843598073,1.6844659,1.322494512142001,4.3192058,1.3576699767393985,3.54182,1.478395850273229,4.2477856
Hoopa (Unbound),Astonish or Confusion,Dark Pulse or Shadow Ball,50,1.187925036785948,1.2794261,1.2857322800442548,1.0491815,1.06804052446637,1.1356312,1.2593460134426078,1.7268373,1.3576068864409976,1.5255374,1.3577017132914757,4.4435472,1.3061832798148114,3.7128265,1.2443415148001722,3.5819614
Incineroar,Snarl or Fire Fang,Dark Pulse,30,1.4148255920824726,,1.4041758877058452,,1.5316894793995082,,1.360865849269107,,1.597642361460722,,1.3437732992652536,,1.3622116704072136,,1.4667714866943486,
Espeon,Zen Headbutt or Confusion,Shadow Ball,35,2.0182787624832352,,2.0384339049290796,,1.617716309396102,,1.8669804004552448,,1.9163147263863594,,1.8398784535675023,,1.8735479802677522,,1.8395373918652995,
Krookodile,Snarl,Crunch or Outrage or Earthquake,40,1.3910438205425153,1.6558229,1.356884144274719,1.3220346,1.4754823930334415,1.5051777,1.367169060493724,2.2375734000000005,1.719335541648064,2.0627728,1.5167918981606343,5.695186,1.4449897050240919,4.838988,1.6694672904659864,4.804053
Incineroar,Snarl or Fire Fang,Dark Pulse,50,1.5001974441663077,,1.4649671971226264,,1.5091258912521477,,1.5231199434916447,,1.6700148053846846,,1.652420117769617,,1.5254900340716695,,1.4881114895461793,
Shadow Gardevoir,Confusion or Charge Beam or Charm,Shadow Ball or Synchronoise,35,1.590198296143764,1.7435535000000004,1.767085471361652,1.4613162,1.4404407386616218,1.5464418,1.5167233816220669,2.3727999,1.5416178920629107,1.9269919,1.247147498231483,4.8695707,1.2328012539993607,3.9679306000000008,1.5524072291208775,4.9402585
Hoopa (Unbound),Astonish or Confusion,Dark Pulse or Shadow Ball,35,1.1518171730875406,1.4373049000000002,1.2289194544040503,1.1952714,1.1306963930035532,1.2862076,1.1017781997243368,1.9312348,1.3503428146448389,1.7202849,1.2958202876204912,5.0622334,1.236615430650196,4.0911436000000005,1.330582851205135,4.0203624
Bisharp,Snarl,Dark Pulse,30,1.3863617411171565,1.7845639,1.3563332005490818,1.4084016,1.4198780069010022,1.7120175,1.3623355257412137,2.3611872,1.4676635778022111,2.0306392,1.3271883182036863,6.0774913,1.2943598787160742,4.973407700000001,1.6203144523345883,5.137055
Zarude,Bite or Vine Whip,Dark Pulse,40,1.2440318205652072,1.5257362,1.275803992622901,1.2157382,1.35290213926523,1.5177641,1.2728867020626382,2.0331664000000003,1.4148712146965412,1.7779416,1.383629483790927,5.2174006,1.2334138751762842,4.348202,1.4262154680553532,4.343174
Mega Gyarados,Bite,Crunch,30,1.1041813933205427,1.4192578,1.0959058875687486,1.1474581,1.1807324198696563,1.4046298,1.02607278369777,1.8472204,1.2249815875948313,1.7515563,1.047165313157857,4.8252397,1.1117870300059625,4.111708600000001,1.1362472459767794,3.9489594
Giratina (Origin),Shadow Claw or Dragon Tail,Shadow Ball,35,1.1028851326846423,1.4229858000000002,1.1762625878302686,1.1286862,1.1962210528762593,1.388099,1.079834201691726,1.9216777,1.318080576804089,1.7246231,1.238407368627864,4.9287834,1.1448068569944196,4.122816000000001,1.2020341278486268,3.9249744
Gengar,Shadow Claw or Lick,Shadow Ball,40,1.3439989983135037,1.4864736,1.3539696075891952,1.0810155,1.303680355625424,1.2842586,1.410644777726146,1.8115168000000004,1.4143796489969587,1.6139203,1.6069453584335722,4.7813444,1.410039176976509,3.9709954,1.4390933049647505,3.9370408
Shadow Houndoom,Snarl or Fire Fang,Foul Play,30,1.1529675782969795,1.4664638,1.3340860777932917,1.1758083,1.5153900650446412,1.5371149,1.1345264676788456,1.9043527,1.33283021126067,1.7814575,1.3096448007991006,5.1711473,1.209168911156709,4.223211000000001,1.3453289972964524,4.159433
Shadow Honchkrow,Snarl,Dark Pulse,45,1.1000508218788188,1.2453033000000002,1.389670512499115,1.0525095,1.238685030335538,1.2721933,1.2177108215259194,1.701579,1.3275319626285906,1.5613211,1.5199972871251906,4.5922575,1.2651176320432054,3.6896656,1.4594360842130951,3.779865
Bisharp,Snarl,Dark Pulse,50,1.4612050761569042,,1.472837270652874,,1.4220619584346144,,1.5119152663367206,,1.5693929538824396,,1.5296875632683462,,1.4358656486710926,,1.4591452789955357,
Incineroar,Snarl or Fire Fang,Dark Pulse,35,1.3971958883402165,,1.436427431066752,,1.5752010256246953,,1.3637490777862293,,1.6761741884037786,,1.5408517445700076,,1.379211012248434,,1.5720198701832966,
Mega Gyarados,Bite,Crunch,50,1.1017089787182082,1.2267718,1.1886554030430299,0.9659187,1.080181157341593,1.164906,1.1471755875184646,1.6014906,1.2921810442557533,1.5166309,1.3092074232405417,4.371531,1.2214641015120091,3.5006058,1.1777802370095323,3.428016
Mega Banette,Shadow Claw,Shadow Ball,30,,,1.1746868547646019,0.999207,,,,,,,,,,,,
Zarude,Bite or Vine Whip,Dark Pulse,30,1.2487471198027553,1.6152989,1.2208776234463905,1.2751595,1.3708237254118198,1.614607,1.1786214751872044,2.135389,1.4034171722637714,1.9757429,1.1918382690768814,5.4584894,1.1802534322863552,4.578665000000001,1.3159108710417557,4.585175
Mega Absol,Snarl,Dark Pulse,40,1.0937787650567015,1.2769773,1.2305893423699323,1.030139,1.1634937067892646,1.274672,1.153595607485114,1.6942009000000005,1.2677788129108603,1.5016941,1.2544500782134957,4.5290833,1.1009041437770364,3.6320002,1.2165315626747932,3.7183654
Shadow Mismagius,Sucker Punch or Hex,Shadow Ball,40,1.4492825704118342,1.5023422,1.4863661751370059,1.1968913,1.4764123401529747,1.4187175,1.3587637623069655,1.9693193000000004,1.4540952781981415,1.7082262,1.4115206861211498,5.0289497,1.3425285721203202,4.254289,1.5350459034633408,4.197866
Absol,Snarl,Dark Pulse,30,1.3623349406744376,,1.6506266766586333,,1.7721504973903728,,1.4215211118215634,,1.542385125695328,,1.5387716591011378,,1.4052915542257154,,1.6821685630463215,
Mega Banette,Shadow Claw,Shadow Ball,50,,,1.2305582401950599,0.83840996,,,,,,,,,,,,
Mega Gengar,Shadow Claw or Lick,Shadow Ball,45,0.9999999999999999,0.9949810000000002,1.0,0.7605438,1.0,0.9243437,1.0,1.312209,1.0,1.161794,1.0,3.34941,1.0,2.7535825,1.0,2.7379596
Tyranitar,Bite,Crunch,50,1.3377840539155188,1.4012562,1.359040446589221,1.1218303,1.338891942293824,1.3686551,1.364051368045279,1.8818551,1.527714836487217,1.7442942,1.4087692535163399,4.729786,1.4596257017741634,4.0167327,1.3616612231620677,3.9040203
Shadow Cacturne,Sucker Punch,Dark Pulse,30,1.4850061616568895,1.7217546,1.5052283074912525,1.3611909,1.8062404394652831,1.7679543,1.342686754241359,2.270567,1.6519476448951602,2.0307639,1.4409118535638215,5.958487,1.3812011069287309,5.001283000000001,1.5833526768043058,5.0168095
Mega Gyarados,Bite,Crunch,35,1.0911281162522428,1.3711118000000002,1.1037410130022192,1.0782392,1.1240725242742502,1.3125093,1.0275182298070928,1.790725,1.2299891874804272,1.6186253,1.1857432154113292,4.7027936,1.1563267866593336,3.952655000000001,1.1742117353849753,3.6957803
Zarude,Bite or Vine Whip,Dark Pulse,50,1.2672668330821386,1.3882259,1.3697714089418858,1.1180161,1.2993699915100603,1.3793935,1.4059236558331245,1.9511323,1.469115076834841,1.6973109,1.4801789857677665,4.9944496,1.3367162850817063,3.9237094,1.3876371651274781,3.9280443
Mega Gyarados,Bite,Crunch,45,1.0217827107903283,1.2496138000000003,1.1340455349607756,1.0176872,1.107723797278997,1.2368106,1.146692966575845,1.7252713,1.263785552432652,1.5470749,1.2666986450742528,4.439301,1.231156045356837,3.5807495,1.1924554128627936,3.507227
Absol,Snarl,Dark Pulse or Payback,50,1.4341381884460906,1.4855162,1.6216942297582086,1.1792778,1.4487923747145184,1.489965,1.5565856486246414,1.9734644,1.598817252889657,1.7505995,1.6229724067186844,5.2425275,1.567956175962738,4.260329,1.478963564939364,4.2527094
Mewtwo,Confusion or Psycho Cut,Shadow Ball,35,1.3252392798935164,1.6171386000000005,1.4587961430420702,1.213866,1.3519953388126522,1.3302579,1.231068395376635,2.2076702,1.474097858616098,1.875645,1.3642678185903323,5.3295174,1.3678780144453908,4.493191700000001,1.3836413541306973,4.373097
Shadow Honchkrow,Snarl,Dark Pulse,40,1.1084150580386556,1.3023708,1.3767012900668605,1.0986348,1.306561107953259,1.326393,1.1616211993034786,1.7721754000000005,1.3501410744459483,1.6433088,1.4675759210313393,4.7926774,1.1478562192566906,3.8087485,1.4592030042414792,3.9597645
Shadow Cacturne,Sucker Punch,Dark Pulse,50,1.4089748319468345,1.4208776,1.5306546426340917,1.116658,1.6620229267624476,1.4516063,1.4720930340460485,1.9107388,1.559697490760665,1.6852993,1.6657906748746292,4.879727,1.4827711554539176,3.9935532,1.6707492245887683,4.072481
Mega Banette,Shadow Claw,Shadow Ball,35,,,1.1728617448769347,0.9561179,,,,,,,,,,,,
Shadow Absol,Snarl,Dark Pulse or Payback,45,1.1256386707811044,1.3008350000000002,1.4132840588595534,1.0854071,1.4575764294849607,1.3435103,1.2834104051908606,1.7577404,1.3353772741695746,1.5493165,1.5462614077283454,4.787654,1.3030829119354963,3.8794162,1.507642063019675,3.9706495
Alakazam,Counter or Psycho Cut,Shadow Ball,30,,2.021197,,1.5556947,,1.7856989,,2.562602,,2.2911308,,6.9719996,,5.594589700000001,,5.6779585
Shadow Alakazam,Confusion or Counter or Psycho Cut,Shadow Ball,45,1.4769367379323464,1.4647713000000002,1.4878249711252807,1.1619728,1.4012186290140378,1.2850968,1.5105510483524258,1.9094403,1.560542861138375,1.757516,1.6195685092689212,5.0293846,1.5645945130794816,4.285549,1.5721645350687297,4.1495724
Zarude,Bite or Vine Whip,Dark Pulse,35,1.2680437161032605,1.5672003000000005,1.2639445739674717,1.2382979,1.4344408137596643,1.5672673,1.196358785480209,2.083586,1.4756613628505288,1.9189304,1.3336998958038295,5.315367,1.2402162366444625,4.459408800000001,1.421043039011821,4.4775386
Espeon,Zen Headbutt or Confusion,Shadow Ball,50,,1.8822577,,1.3569245,,1.4146073,,2.6518393,,2.1762114,,6.2575316,,5.2644415,,5.099504
Shadow Skuntank,Bite,Crunch,45,1.445096864200038,,1.4522403087053617,,1.5735131000243658,,1.6103424724110977,,1.7381529655433297,,1.6332657759548823,,1.5524103287720805,,1.6614368459495243,
Tyranitar,Bite,Crunch,45,1.2379312627419434,1.4283011000000003,1.2436047401790247,1.1450162,1.3417137603175957,1.4026746,1.3589629251873863,2.036971,1.4894832697207125,1.7759188,1.4558892289892797,5.1635065,1.3999736246394896,4.131018,1.3609185024459654,4.022237
Gengar,Shadow Claw or Lick,Shadow Ball,45,1.2918553103777841,1.3298038000000003,1.3381495975541642,1.0203474,1.3168877617535877,1.2198566,1.446914080761541,1.7657818,1.3993253628807925,1.565943,1.5578729926304675,4.411505,1.4781302936910157,3.7138736,1.4268948028800894,3.8115084
Yveltal,Snarl,Dark Pulse,50,1.2003599672375296,1.311754,1.3025193651747138,1.0651599,1.1858418523953949,1.2838243,1.2692336499862389,1.7744772,1.4177055600392927,1.6299138,1.4192051716543086,4.7311745,1.292498911190996,3.7755194,1.2610993549075513,3.743952
Zarude,Bite or Vine Whip,Dark Pulse,45,1.23789791505243,1.4900350000000002,1.2590211696296472,1.1383549,1.2972112537266773,1.408907,1.3263943929951376,1.9833395,1.43712417161112,1.7386638,1.4283672183019198,5.0758758,1.35801055060302,4.252346,1.3841868793373224,3.9960241
Absol,Snarl,Dark Pulse,35,1.3371968495671334,,1.6578453484915123,,1.7815581856142633,,1.4145083528261206,,1.5831409718098572,,1.7480494433131282,,1.4226605500035965,,1.7793084836534863,
Hydreigon,Bite,Brutal Swing,50,1.1207552497217457,1.1786305,1.3422778197713416,0.9590339,1.1531776352218701,1.1752561,1.1418004887109596,1.5595474,1.2839271961773213,1.4951135,1.205370738704338,4.0284986,1.1571375106255155,3.3975136,1.1432670445495547,3.3165805
Alakazam,Confusion or Counter or Psycho Cut,Shadow Ball,50,,1.6744274,,1.2987387,,1.4167627,,2.2156527,,1.9514456,,5.5292535,,4.697929,,4.635561
Shadow Cacturne,Sucker Punch,Dark Pulse or Grass Knot,35,1.4645886876635996,1.6421169000000004,1.4368436420570783,1.2690942,1.760996477799631,1.6825435,1.3363543817307306,2.1731308,1.5938223603160473,1.9613904,1.593926386043786,5.6741514,1.3600526667555097,4.586107000000001,1.7058930704467183,4.733968
Shadow Houndoom,Snarl or Fire Fang,Foul Play,40,1.1346778840426317,1.3168527,1.1546989673975512,1.0696764,1.2692969302601205,1.3477298,1.1682026082416896,1.7442840000000004,1.3336670909371577,1.6149825,1.3169480554506714,4.5762773,1.2207641856241964,3.852645,1.2476996684513095,3.7312615
Shadow Tyranitar,Bite,Crunch,45,1.0675110635128422,1.2268076000000003,1.0561335414474282,0.96768904,1.1247686886125503,1.1739651,1.1760366786531014,1.6431432,1.2747090558236962,1.5128196,1.2427144339593081,4.347243,1.2005119926778225,3.5185592,1.1748801749025983,3.4604037
Shadow Honchkrow,Snarl,Dark Pulse,50,1.1858992080683939,1.2091955,1.5125339680102392,1.0190251,1.2047790158135645,1.2137822,1.2050099685752917,1.6103435,1.3099144662258724,1.5087935,1.4484098402294043,4.440241,1.2798902578551792,3.5118854,1.4549927695088272,3.6340818
Shadow Gardevoir,Confusion or Charge Beam or Charm,Psychic or Shadow Ball,30,1.6807824601853547,1.8715369,1.799225094794632,1.5476351,1.423672715051091,1.66673,1.5481644819942175,2.5213087,1.5125566259834953,2.0007823,1.1357353688887177,5.178737,1.207898840123876,4.228155600000001,1.5474606588668478,5.349697
Mega Gengar,Shadow Claw or Lick,Shadow Ball,40,1.0,1.0263429,1.0,0.80058473,1.0,0.96466285,0.9999999999999999,1.3802502000000003,1.0,1.195047,1.0,3.4744422,1.0037990163994437,2.8718116,1.0,2.886434
Shadow Honchkrow,Snarl,Dark Pulse,30,1.1216911543833545,1.4341849,1.3903053722396983,1.2300572,1.4358643900432535,1.5264878,1.1213252196515886,1.9428777,1.4616701868344868,1.8363322,1.287702970173707,5.2911134,1.1682499505249757,4.3006150000000005,1.4460511978229933,4.5042324
Alakazam,Counter or Psycho Cut,Shadow Ball,35,1.7854428161992044,1.9060032000000005,1.8408593543129128,1.4907739,1.6475332975099208,1.6220047,1.6154199861596443,2.4636965,1.7948244701597713,2.171528,1.862467259734296,6.573484,1.6877524228421263,5.295030000000001,1.7899381042101716,5.320483
Shadow Alakazam,Confusion or Counter or Psycho Cut,Shadow Ball,40,1.541729076219752,1.5310638,1.6184724878947452,1.2180185,1.4262537515062075,1.3780141,1.5059029745893033,2.0655603000000005,1.5710046972110905,1.807917,1.8488756944819027,5.293529,1.4305983145292958,4.458038,1.657051317436522,4.3708935
Giratina (Origin),Shadow Claw or Dragon Tail,Shadow Ball,50,1.1790189603496384,1.2797076,1.253548564853478,1.0169907,1.1538496542447179,1.2424351,1.228005631687159,1.6973797,1.3409738206473745,1.5487612,1.3221280618811975,4.356425,1.251699032185334,3.6360252,1.16800142805459,3.500579
Shadow Skuntank,Bite,Crunch,40,1.4483899672506866,,1.4235913204142607,,1.5489037271299346,,1.5529151998987283,,1.727130523716776,,1.5895806138410915,,1.4439975957923934,,1.649551596665383,
Shadow Banette,Shadow Claw,Shadow Ball,40,1.2835895224889153,1.3904899,1.6190257597971245,1.1534297,1.419311371388454,1.3663821,1.4541289426845119,1.8355400000000004,1.3326718097847954,1.5777131,1.7788641782188899,4.89065,1.4216417028657033,4.0232854,1.60781711222031,3.9684844
Mewtwo,Confusion or Psycho Cut,Shadow Ball,30,1.5115786245651497,1.6797174,1.5225596452633,1.2799622,1.3328220861335285,1.4094849,1.247556033494916,2.2966719,1.422338957363961,1.9576572,1.2176861792417608,5.514084,1.3586209236102214,4.725513500000001,1.308155771892492,4.530348
Hydreigon,Bite,Brutal Swing,35,1.0632016015065329,1.3313806000000001,1.2396990842521096,1.0651269,1.1448329609225378,1.2663054,1.0,1.7999561,1.2599916718587696,1.5961,1.1771086450169672,4.6080775,1.0827833613054654,3.852622700000001,1.1408562075540174,3.5830576
Shadow Absol,Snarl,Dark Pulse,40,1.1441820735396733,1.3787701,1.4069752853304491,1.1359578,1.4798626488238502,1.4139982,1.2476923681163405,1.8509016000000005,1.3260196534740596,1.6063923,1.501570850639193,4.9534774,1.1829187386169677,4.009839,1.5101733194220588,4.1045966
Shadow Houndoom,Snarl or Fire Fang,Foul Play,50,1.1975559653831753,1.2181693,1.216045288968237,0.9731724,1.2441460434132512,1.2393444,1.2583838807721424,1.6114202,1.3269069853246014,1.477958,1.354686182868067,4.3335567,1.257606958854923,3.5190573,1.2303688957089876,3.4298835
Mega Houndoom,Snarl or Fire Fang,Foul Play,30,1.0360818587251484,1.310621,1.0481988488899128,1.0438224,1.1340327916101274,1.3009658,1.012422215248936,1.7264136,1.1762946636035425,1.5859401,1.0200621463467328,4.6683397,1.0019421390279797,3.784765000000001,1.0644575371239673,3.6325958
Mega Banette,Shadow Claw,Shadow Ball,40,,,1.1426653823943853,0.90181184,,,,,,,,,,,,
Hoopa (Unbound),Astonish or Confusion,Dark Pulse or Shadow Ball,45,1.1178652409862444,1.3183118000000003,1.2013450168961206,1.0870636,1.0910046947018581,1.1778935,1.197971867501388,1.765303,1.3403149384711888,1.5790633,1.3603488905274508,4.6969085,1.3299826007173847,3.8176339,1.2853004654506364,3.691853
Tyranitar,Bite,Crunch,40,1.2771489052360812,1.5192941,1.2190967249900013,1.1757855,1.3249478954418348,1.4394723,1.304118007922832,2.0760270000000003,1.4657073632081339,1.8094162,1.3965720912670585,5.281221,1.3277607784470677,4.4185457,1.3324318117774472,4.121684
Shadow Gardevoir,Confusion or Charge Beam or Charm,Psychic or Shadow Ball,45,1.5919150694373925,1.5958395000000005,1.7401723343337396,1.3154266,1.4487525424267684,1.4182043,1.6873042856291027,2.2000856,1.4812076184318597,1.7495651,1.2665755984787743,4.396719,1.321983014176068,3.689162,1.5085233689854562,4.4886136
Mewtwo,Confusion or Psycho Cut,Shadow Ball,50,1.278300315155516,1.4019766,1.3344340389271165,1.0537926,1.1053710316818848,1.1677815,1.4156335069919959,1.9440575,1.497988202038284,1.6772765,1.4470941653854508,4.781548,1.377974829256543,4.026663,1.3113628885972188,3.919946
Giratina (Origin),Shadow Claw or Dragon Tail,Shadow Ball,45,1.0871895350948582,1.3015099000000003,1.1680887745131407,1.0411876,1.1688264560934787,1.2785165,1.1698014546541664,1.7458464,1.3677853338034553,1.644638,1.3160240259699265,4.538598,1.1991741510193235,3.7311761,1.1691904324585456,3.5861335
Pangoro,Snarl,Night Slash,30,1.5108532886031616,,1.7539505567573506,,1.6144295300412144,,1.5042859002053963,,1.7126434977754412,,1.4893851099918989,,1.5462281167632086,,1.5796956538679856,
Shadow Drapion,Bite,Crunch,35,1.5209476424046418,,1.5313951002421253,,1.671060185972384,,1.5425524589507635,,1.7698156741499276,,1.7058440690855146,,1.5479316744878144,,1.664985305500948,
Bisharp,Snarl,Dark Pulse,45,1.3468781643831,1.5539147000000004,1.360544244635341,1.2253968,1.4553886383044077,1.5138559,1.4347953434512382,2.0105655,1.533357081583889,1.796137,1.523756246229182,5.310516,1.384018727292504,4.2810516,1.4944677160602728,4.4506593
Shadow Honchkrow,Snarl,Dark Pulse,35,1.1178327547466789,1.3775226000000003,1.4026983131030835,1.1542913,1.4434354646844645,1.4187899,1.0823939239695513,1.8318461,1.5071082866923062,1.7320236,1.4660658548075927,5.0774937,1.1793431667610346,4.0246450000000005,1.4847415327063649,4.1831203
Absol,Snarl,Dark Pulse or Payback,40,1.3751588232290775,,1.5870815375132756,,1.5478251045278324,,1.469448704556987,,1.5895010321048906,,1.7215291277846698,,1.4098973560666912,,1.6052017183575826,
Shadow Weavile,Snarl,Foul Play,50,1.1221442657480603,1.1490391,1.3547102246385947,0.922388,1.152637833512333,1.1332902,1.253917372806304,1.5577955,1.2119495458269922,1.3528792,1.2377581501900046,4.0092916,1.208509550010293,3.2199435,1.212163129305529,3.2995133
Mega Houndoom,Snarl or Fire Fang,Foul Play,50,1.0794034055066661,1.1040355,1.092408518879188,0.8888556,1.106064074659146,1.1002856,1.1344984732477554,1.4524536,1.2155559369447753,1.3431107,1.1993543101004809,3.8946378,1.1121193194628634,3.1919708,1.100359901307697,3.0932004
Shadow Shiftry,Snarl,Foul Play,50,1.3456188299849174,1.3697265,1.6133130997866134,1.0901442,1.687246719749193,1.444398,1.3933414733606573,1.8474256,1.4422852504115926,1.6145296,1.4887613944374165,4.772699,1.4117066923592914,3.8625329,1.7600356431376076,4.053275
Hoopa,Astonish or Confusion,Shadow Ball,45,1.352109082960214,1.3346550000000001,1.446053929949373,1.1507798,1.3636766366613944,1.3136971,1.197758404231365,1.7625636,1.333849810217231,1.5651289,1.328632754534581,4.5120215,1.380451990699015,3.8127944,1.2464550402384795,3.6782768
Trevenant,Shadow Claw,Shadow Ball,30,1.6307694733315181,,1.6424093718519657,,1.6454832443203842,,1.3273388270236153,,1.5536883587765407,,1.3550405117390159,,1.38590815404808,,1.792047503358403,
Yveltal,Snarl,Dark Pulse,30,1.1474598969241332,1.5532664,1.2059798483324504,1.2644567,1.209234245805533,1.5287274,1.1403431237645145,2.0890334,1.3730036849743994,1.8971832,1.1862288578917846,5.508809,1.1490325471542304,4.487353000000001,1.240275132232964,4.528504
Shadow Tyranitar,Bite,Crunch,40,1.0596964630579477,1.259384,1.0453012008660951,0.9895535,1.1431174285735637,1.2517636,1.1821535863402037,1.7543362000000005,1.2567467537898283,1.5350837,1.1895065537515506,4.454273,1.0919373668818027,3.6020124,1.1594316117643435,3.5563717
Tyranitar,Bite,Crunch,30,1.2580419112225247,1.614943,1.2642281736771666,1.2927887,1.3383423629371045,1.6093029,1.3063518536560672,2.2102506,1.4593514301321917,2.03091,1.197946488921498,5.5541296,1.2776548856858672,4.672167000000001,1.3115163886520074,4.57428
Mega Houndoom,Snarl or Fire Fang,Foul Play,35,1.0184988818943281,1.2396958000000002,1.0503510556456228,0.99514854,1.150396431667976,1.2316324,1.0093442988601724,1.6764797,1.2220450900685036,1.5014096,1.1159393592222868,4.371374,0.9999999999999999,3.535185600000001,1.142158846935177,3.5114563
Shadow Houndoom,Snarl or Fire Fang,Foul Play,35,1.134028807147677,1.3808821000000002,1.2125737044123654,1.1275373,1.2894356892974306,1.3980232,1.0835397567071392,1.7771698,1.336472168370052,1.6690636,1.4634175926895558,4.908768,1.2199608221033282,3.982684900000001,1.2889731544264715,3.8697424
Hoopa (Unbound),Astonish or Confusion,Dark Pulse or Shadow Ball,40,1.1455221128777497,1.3778306,1.2128443633834327,1.1511362,1.0902653606787198,1.2193503,1.1664019187181245,1.8665982000000005,1.3606462004351443,1.6597699,1.3077889853821674,4.8767023,1.236912133938714,3.926182,1.3242874191128797,3.8848891
Hoopa,Astonish or Confusion,Shadow Ball,35,1.3273084023577855,1.4642687000000003,1.4723709303380408,1.2682852,1.3761852527368428,1.4586803,1.1336535678949504,1.9504976,1.3394381597157212,1.7112527,1.2748202352859084,4.9451213,1.257364810945142,4.054670300000001,1.268830194778895,4.044077
