Attacker,Fast Move,Charged Move,Level,"Arceus (Dark), Tier 5","Arceus (Dark), Tier 5","Darkrai, Tier 5","Darkrai, Tier 5","Mega Absol, Mega Tier","Mega Absol, Mega Tier","Mega Gyarados, Mega Tier","Mega Gyarados, Mega Tier","Mega Sharpedo, Mega Tier","Mega Sharpedo, Mega Tier","Absol, Tier 3","Absol, Tier 3","Crawdaunt, Tier 3","Crawdaunt, Tier 3","Sharpedo, Tier 3","Sharpedo, Tier 3","Umbreon, Tier 3","Umbreon, Tier 3"
(Boss weights),,,,25.0,0.0,25.0,0.0,11.666666666666666,0.0,11.666666666666666,0.0,11.666666666666666,0.0,3.75,0.0,3.75,0.0,3.75,0.0,3.75,0.0
(Weather),,,,Extreme,Extreme,Extreme,Extreme,Extreme,Extreme,Extreme,Extreme,Extreme,Extreme,Extreme,Extreme,Extreme,Extreme,Extreme,Extreme,Extreme,Extreme
(Friendship),,,,Best Friend,Best Friend,Best Friend,Best Friend,Best Friend,Best Friend,Best Friend,Best Friend,Best Friend,Best Friend,No Friend,No Friend,No Friend,No Friend,No Friend,No Friend,No Friend,No Friend
(Attack Strategy),,,,No Dodging,Dodge Specials PRO,No Dodging,Dodge Specials PRO,No Dodging,Dodge Specials PRO,No Dodging,Dodge Specials PRO,No Dodging,Dodge Specials PRO,No Dodging,Dodge Specials PRO,No Dodging,Dodge Specials PRO,No Dodging,Dodge Specials PRO,No Dodging,Dodge Specials PRO
(Dodge Strategy),,,,Realistic Dodging,Realistic Dodging,Realistic Dodging,Realistic Dodging,Realistic Dodging,Realistic Dodging,Realistic Dodging,Realistic Dodging,Realistic Dodging,Realistic Dodging,Realistic Dodging,Realistic Dodging,Realistic Dodging,Realistic Dodging,Realistic Dodging,Realistic Dodging,Realistic Dodging,Realistic Dodging
Lucario,Counter,Aura Sphere,40,0.9999999999999999,1.0,1.1246062366549292,1.074114688609126,1.0566163531188733,1.073388783257747,1.0864803597061765,1.0387738843277878,1.1418892061600354,1.036674445332217,1.0541080698071075,1.0453049717270664,1.09307325770354,1.0706188013707931,1.0736197852906795,1.0748613850480486,1.0494842890354217,1.054570608872884
Lucario,Bullet Punch,Aura Sphere,40,1.1658662441462024,1.1718152255696594,1.280756168565554,1.2072107409481962,1.196747821610888,1.2334123034672426,1.3982455826105358,1.3379148128922032,1.443009751208137,1.362220639429661,1.2527665646518842,1.2517500242152901,1.3518722706341346,1.3751933664927676,1.358166752436711,1.355772018407355,1.2455913397845069,1.2631959458122182
Lucario,Counter,Close Combat,40,1.2932540167093762,1.2507180855971674,1.4627763873449482,1.366534857202706,1.3703734682496553,1.3691706866047733,1.3954392312671777,1.3036786038763446,1.4582737158268548,1.316307141081863,1.3357116587617135,1.3084316311597313,1.3708234781823294,1.3606329768146068,1.3905879160625754,1.3626003450671484,1.3038426916779107,1.305474619575057
Lucario,Counter,Power-Up Punch,40,1.3178566826978544,1.28725587255157,1.4658287312913754,1.3892099698063571,1.398395075527954,1.3920743182986712,1.404253057327547,1.3444055748499546,1.4423721165736092,1.3450536194147487,1.3767326163547136,1.3559135412551226,1.4272464971225773,1.395042562073861,1.4202026710944349,1.3837115672435485,1.3598863590353936,1.3537274256795855
Lucario,Bullet Punch,Power-Up Punch,40,1.6106940597586312,1.5951252989957243,1.7283233677375056,1.6422237635931718,1.6636078549254198,1.6803528243073003,1.9304950458755339,1.835111810616509,2.015690661780155,1.8383619765038708,1.6998832168647326,1.6910319182947968,1.8804443207527632,1.87402959329415,1.8817684059313529,1.874387950701653,1.7003343364446732,1.7041041208618217
Lucario,Bullet Punch,Close Combat,40,1.7784449719868258,1.7011980583914488,1.8818868988895114,1.761560068201386,1.80130185413889,1.7989533824247281,2.2610360797558635,2.0822332211574515,2.49553380200673,2.155366361803027,1.7526068274795896,1.7673501010764732,2.131358178716692,2.1039657644803262,2.0626241554344995,2.066198509493762,1.784724805066528,1.807420127122114
Shadow Gardevoir,Charm,Dazzling Gleam,40,1.0726095326477902,1.026412218269902,1.2412189465865335,1.1444561216699585,1.1524439377516011,1.1459507762742493,1.1340735708102803,1.0909692269641378,1.2314772856439204,1.1195757819393732,1.1280764288011926,1.1010564688011542,1.1180117035502042,1.0956147267349012,1.1157819981294281,1.110000143768545,1.0827079580689416,1.0786507226772633
Shadow Gardevoir,Charge Beam,Dazzling Gleam,40,1.2390568406798617,1.1913477647445172,1.391381097572649,1.3083013264974501,1.2963889995615392,1.3173544919472988,1.2093255675811225,1.176590220522345,1.2907423111499947,1.2326927471588969,1.3052201820813778,1.2768256189211593,1.2188574168624233,1.1767229097475296,1.2177726193105354,1.2245012052219,1.2486152685096168,1.2469843751267171
Shadow Gardevoir,Confusion,Dazzling Gleam,40,1.4560419275489127,1.4186557347236581,1.6991548238801626,1.581794686309049,1.5305038174607521,1.5908660465261124,1.560981177409559,1.537070987323145,1.7526933794428963,1.5585930345636303,1.521365791453886,1.5199418171810775,1.4895512880293784,1.4885809401400243,1.5101214881034588,1.50065479779973,1.4614536184981766,1.4696784533851324
Shadow Gardevoir,Splash,Dazzling Gleam,40,1.5046254369558316,1.473227603895352,1.8976661744491907,1.7071422007114838,1.5889732023218557,1.6825049884825352,1.6272846332581585,1.5813429536960664,1.816960282168481,1.6963375996450396,1.5700334669113534,1.602969659816029,1.530959554533712,1.5383168572690789,1.5947804763448943,1.6187831566206603,1.5100438641506022,1.5388501580090947
Conkeldurr,Counter,Dynamic Punch,40,1.0902379161870082,1.093081543466738,1.073318690182495,1.1095950683887807,1.0940380243084156,1.1300301130642079,1.103610141688043,1.1107693818256843,1.0870301009565206,1.0977812621454772,1.1018781815234902,1.1360958314902894,1.1181260551222676,1.13421761272087,1.1108948873550042,1.137224755403858,1.1447990709293248,1.1565706121527821
Conkeldurr,Counter,Focus Blast,40,1.2450478619796428,1.1774594413395945,1.2132976826639474,1.1894030119711814,1.2238919763482898,1.2197853066569386,1.2126130017753702,1.1947535990395104,1.202356754373577,1.185620755859437,1.2076974613843248,1.2131085730329698,1.2325368315233636,1.2197500461077218,1.2535818228114595,1.2355205547699857,1.207324258565444,1.2142704236058135
Conkeldurr,Poison Jab,Dynamic Punch,40,1.3115589607209235,1.3517696960785326,1.3163607218111903,1.3990487025872271,1.3437742425554549,1.4185253321485038,1.3453566694687136,1.3825940261889187,1.339495665172928,1.3819341688031586,1.3578371042240824,1.4216560923253212,1.398807945901371,1.4592061036615964,1.365346868341722,1.4153317040319608,1.4465400662317132,1.4714338728608578
Conkeldurr,Poison Jab,Focus Blast,40,1.664913088842984,1.570176262642472,1.6662193741393108,1.6286520779500155,1.6412789589292152,1.6846374995710334,1.618279315478546,1.6048610285408422,1.6461472222317899,1.63617563214863,1.6290436756935585,1.6378670892036886,1.6720004420590553,1.6910779056085574,1.6276534211122595,1.6205892065142322,1.64189195869416,1.6353156700931943
Shadow Pinsir,Bug Bite,X-Scissor,40,1.1689332088116233,1.1044616984819222,1.2071098325652274,1.1809275881383803,1.2330551409649386,1.1946781104071105,1.227650787752861,1.1469858963305934,1.2928447970019596,1.1632748459974347,1.2498526014529474,1.1949615540288268,1.231829500319061,1.178504615776132,1.2358752990181887,1.1919224605295913,1.1853175619498149,1.1756875885305738
Shadow Pinsir,Fury Cutter,X-Scissor,40,1.2257734255063466,1.1664919582740203,1.2506763629680586,1.2162648805474594,1.299152622446375,1.2461499225139259,1.2945639179114115,1.2088636070808767,1.3141103529517122,1.1974662345309366,1.2605741173935436,1.2017747709968014,1.253191710438101,1.2045300479377337,1.295952717166319,1.251292501859086,1.2589620904890544,1.2485113249829372
Shadow Pinsir,Rock Smash,X-Scissor,40,1.334980972263042,1.2734517405847547,1.3461563771092073,1.3387867916032818,1.4035180606895954,1.384990665539688,1.389039150621546,1.3272573721843308,1.440069853232434,1.341303980130208,1.3800169494080055,1.3322862395653756,1.3704732087980032,1.3236544944663584,1.4015347289876647,1.3578019283776808,1.345692302187605,1.3342556137422972
Shadow Pinsir,Bug Bite,Superpower,40,1.3074430073171943,1.2094943253840909,1.345927770382462,1.2827689331493957,1.3932246953409857,1.3046146052367613,1.3694774196397106,1.2547004290799992,1.4208085477209864,1.2680710521882295,1.367221552270406,1.2968889990559334,1.3402219033653031,1.2717912599774963,1.3600102362006488,1.2882300371432263,1.288760241010368,1.2517115845352085
Shadow Pinsir,Bug Bite,Close Combat,40,1.3294569915880476,1.2333360685786967,1.3527744346412194,1.3169013035993635,1.4109406524801096,1.341519473865703,1.3923166290792486,1.2708705762647545,1.4605482169859085,1.3004014325199373,1.3905490057052368,1.3343379217428364,1.347674967634962,1.2993218590633482,1.3963621912665904,1.3355400201253322,1.2943436572824283,1.2662847786867364
Shadow Pinsir,Fury Cutter,Superpower,40,1.3781391134312495,1.2775413438752843,1.3892048411737155,1.3177822124993774,1.4802410518571343,1.382504474478728,1.4604864731115967,1.3413054438929326,1.467376129345591,1.3222784873470192,1.3863945304235878,1.3107185714985503,1.386518722522762,1.3142303799133317,1.438529155426822,1.3453150076361475,1.361214830291828,1.338070966527808
Shadow Pinsir,Bug Bite,Submission,40,1.3941499498516603,1.2973875505551384,1.4541310404592556,1.3875578163850697,1.4947819214595424,1.4071002369406371,1.4541774937037255,1.3443476985577327,1.5254195499495387,1.3783881648632286,1.4820020938298726,1.4032682700728538,1.4543225959000123,1.3759652240549345,1.488202830901077,1.4033759344813914,1.391476480397428,1.3579513055084296
Shadow Pinsir,Rock Smash,Superpower,40,1.4771032617894917,1.3861661248551496,1.500091202750632,1.4677676059845124,1.5731102769249625,1.526092571783277,1.5790793734634216,1.4615099456493146,1.660717063408686,1.479315633116098,1.4830974766593108,1.4433697112660662,1.4860863380988083,1.4362065711724512,1.503500782360128,1.4604563485302724,1.433198151839545,1.4136067968655945
Shadow Pinsir,Fury Cutter,Close Combat,40,1.4643022980655627,1.362626876643684,1.4360890790257923,1.3988812795820431,1.5490845631900054,1.4508069633002791,1.5215684992164544,1.4101490242023988,1.5757825594251917,1.3676704870534429,1.4444996392983926,1.3551432135888195,1.4193068558072388,1.3758021313919955,1.4957142645651111,1.4321868678641418,1.4018101200626347,1.4095459010180198
Shadow Pinsir,Rock Smash,Close Combat,40,,,,,,,,,,,,,,,1.6312946716565973,1.5499961340977897,1.502170020780977,1.4826590997169247
Machamp,Karate Chop,Dynamic Punch,40,1.1598840651229456,1.153889981290001,1.1708313540405013,1.2151633593649322,1.1888710717296789,1.2206953201616328,1.1552485476704826,1.1766091121395628,1.1704410604740236,1.1825231900424185,1.1852493117918035,1.1998510233918345,1.1891982465969897,1.2064735956445714,1.1831738729003543,1.210084333269977,1.2019002070564928,1.2064455076256846
Machamp,Counter,Dynamic Punch,40,1.1390629039551925,1.1374284629074576,1.1513308633120154,1.18486354331974,1.1761174874903675,1.1985261847901132,1.144232504355114,1.1544053304189426,1.1602462774220437,1.1664710268338943,1.1568502928528897,1.1733186401781142,1.171663298597674,1.1949399813281596,1.1815956229667641,1.1886132369170908,1.1773475583058466,1.184439075745362
Machamp,Counter,Cross Chop,40,1.3200758414689295,1.2903930078926962,1.3292488727283867,1.3570265551060936,1.3564689811313202,1.3621202173268565,1.2910536251794325,1.2912872772829547,1.3397413914846565,1.3286231428366497,1.318024403077576,1.3272102878814551,1.3598078732039516,1.3638176979307997,1.3509131938490204,1.3504151118626824,1.340466809286752,1.3401814462135901
Machamp,Bullet Punch,Dynamic Punch,40,1.3739212633171,1.4159566710353877,1.3783834931444783,1.4475893089552567,1.384140320214441,1.459995688415125,1.4848933986385218,1.5584491307991777,1.4741082862880308,1.5457685449447294,1.4261564838282947,1.4574890720460176,1.528378979724763,1.5781878664491618,1.5292866965634881,1.6075542955494126,1.4730219231301593,1.4890992696453038
Machamp,Counter,Close Combat,40,1.3292259976403753,1.2766950358058402,1.3103166825988573,1.3359297162228836,1.336884977505942,1.345804073540641,1.2880613223384234,1.277277237382699,1.3206888190050392,1.3141642994280263,1.2790005717775934,1.2962504979854281,1.3372269899817082,1.3341266482617031,1.3473725032855823,1.340964594109135,1.2975298932515027,1.2986862412787004
Machamp,Counter,Submission,40,1.3586698100257941,1.3122381335578328,1.375603302494228,1.3806088118614144,1.4124525917040658,1.4006782129055166,1.3525863670559262,1.3281407210051999,1.3837652545612988,1.3628583676812294,1.3458710653559565,1.3552150695459575,1.4017658864055091,1.391450270141211,1.3922030177091314,1.3826751601802338,1.3777328585189292,1.367023144421757
Machamp,Karate Chop,Cross Chop,40,1.3884260495150644,1.3684260431568156,1.4229644084647792,1.4527565240293856,1.4318836421037082,1.4505034742877907,1.3706357425104951,1.3755717717809783,1.4010223096344416,1.3956811558907962,1.4116206966854334,1.4369178456445737,1.4190550950977707,1.4307124965508562,1.4197203540209637,1.432378181912038,1.423272340020847,1.4268056912164127
Machamp,Karate Chop,Close Combat,40,1.3855146247043102,1.3454101459972432,1.427489269701568,1.4341535742834979,1.4283707228264604,1.4319624499054155,1.374220140913245,1.3688911407843918,1.39304237004991,1.387837592138822,1.381184590773292,1.391072845221578,1.3958620482020607,1.411422062223264,1.3961058227068146,1.4157717829439114,1.3664284355700267,1.382075630543014
Machamp,Karate Chop,Submission,40,1.4437679213997408,1.3926596615094111,1.458771430285286,1.4770910804765063,1.4954726755166703,1.4850142190082536,1.4285353903523499,1.4133046699994907,1.4538291489134514,1.423231910432475,1.4464725527545363,1.4620465057864658,1.474363328484391,1.4688070538380924,1.4743725162937737,1.4656860708543464,1.4630027758187394,1.4575043025636876
Shadow Scizor,Fury Cutter,X-Scissor,40,1.158278349812249,1.1354125131491586,1.2752974810121895,1.2132467997870375,1.2614157174643768,1.2357038533807163,1.2837593194441783,1.2041961347585457,1.2765971004708547,1.1740293543151579,1.268164113468404,1.2461317002515149,1.2802872869837107,1.2594040809265579,1.2322844878073993,1.238937746295611,1.238935683488869,1.248913561810591
Shadow Scizor,Bullet Punch,X-Scissor,40,1.2721899455736827,1.265421710185034,1.4303833042554903,1.3791150967700863,1.4014348028723358,1.4057790203903797,1.6025268409156612,1.5282709323054529,1.596638020411748,1.5016692160005873,1.3923107376268709,1.3722317905778427,1.5506695505757415,1.519129057300818,1.5319335302871975,1.5407179687927168,1.4168744450481106,1.420120764502929
Terrakion,Smack Down,Sacred Sword,40,1.158241338569084,1.2057864290013225,1.2437625154908116,1.254483994699555,1.2007867119212063,1.2405606602348662,1.290088376948346,1.2440405440620044,1.336716278076487,1.248789080288172,1.2229766691690116,1.2739732680355051,1.265932300344615,1.2755813862054273,1.26506541917824,1.2788513187594293,1.298383801195636,1.327506773944498
Terrakion,Zen Headbutt,Sacred Sword,40,1.334848253903023,1.4117115730211969,1.4167399036921418,1.4527255654056117,1.391248664029026,1.4671111640568626,1.562525566248137,1.4952850500607142,1.6250104883181833,1.4727539978949231,1.43246125745558,1.4840173121381557,1.457191500423334,1.4959628936491438,1.4643698257131263,1.4972265689251878,1.5555889952157615,1.5989243012306111
Terrakion,Smack Down,Close Combat,40,1.6123729554340842,1.590061175624637,1.707295479809937,1.6406726492624095,1.6013034921109655,1.6305039036321471,1.8026738025831595,1.6425668736320669,1.8855119298161012,1.695087697642881,1.6058609926469394,1.6418602004898384,1.6978724622909673,1.6731137652638004,1.6931780265403604,1.6925243639572032,1.6361477652681802,1.6472592171148142
Terrakion,Zen Headbutt,Close Combat,40,2.339707211171248,2.31467328303132,2.371002987764333,2.288512810349935,2.3067123943981964,2.390421342526543,2.9387545581860732,2.455726127893763,3.3586674152581777,2.4684839942418972,2.2197522454714713,2.2801669627777983,2.324456293063124,2.399640824420365,2.280614031816993,2.3082685139075694,2.3235094098183757,2.3907681020556946
Shadow Scyther,Fury Cutter,Bug Buzz,40,1.2454995759917877,1.1675453555219897,1.241572628454084,1.2048729797957758,1.3614525111704388,1.2521265017792844,1.313153235864312,1.2195592867420206,1.3718180784849976,1.215854999891577,1.2797356118647205,1.2395370224845743,1.2751299925319923,1.2240395654293594,1.2983616661296806,1.2311525097856004,1.237233046366907,1.2153407711988637
Shadow Scyther,Fury Cutter,X-Scissor,40,1.318436314977048,1.2429188284485213,1.3035020784170082,1.2807860409978433,1.4515479518600007,1.3313682766223356,1.3904849818339051,1.294829372653307,1.4507558822415032,1.3170659029229212,1.4027364009878838,1.3349393021179532,1.378679388959832,1.325109353934311,1.4009843868968637,1.3599364667555618,1.3262566276438779,1.3148868040867623
Shadow Scyther,Steel Wing,Bug Buzz,40,1.4947243188710182,1.4216215580629894,1.4771703919063621,1.49396358177415,1.7682302879539742,1.5619602109653035,1.7287330887860082,1.6185607239135147,1.978485548854207,1.6557232240706055,1.5515473353783575,1.476436592359502,1.6812242025129809,1.6444051853673392,1.704279315356593,1.6433041837891798,1.4792435046500612,1.4747462330425616
Shadow Scyther,Air Slash,Bug Buzz,40,1.4517673605467727,1.3941742286576693,1.4450256723107886,1.4570653175620623,1.7408962497871014,1.5964663447692626,1.6052272199001427,1.5013555149643567,1.6591064435129148,1.4905067697742966,1.5389019227272325,1.4990149937686823,1.4856489786746891,1.4507657634795388,1.5099407061153245,1.4668998113235958,1.4671428463817842,1.460865861218028
Shadow Scyther,Air Slash,X-Scissor,40,1.5730885735050026,1.4932426955872347,1.5315634775483742,1.5576731950172533,1.743595946261776,1.6790900378956866,1.6934008046234608,1.6104395242461065,1.7067213414025066,1.5767853038266697,1.692328685101945,1.6229197318529862,1.6207304034559913,1.572173489418099,1.6501792914058766,1.6064499097371268,1.606023234770425,1.5966930718688368
Shadow Scyther,Steel Wing,X-Scissor,40,1.6180552549649383,1.5386564862535927,1.576403272884603,1.6149792505343317,1.775178777827136,1.66901752858806,1.8741912734428436,1.7835633815829106,1.9931329588079483,1.8434217676975764,1.7021674985369917,1.6297324466244054,1.8875923495879379,1.8631831984890963,1.9253080384566168,1.8671818070981587,1.6121184073127945,1.6133158654043913
Zacian (Hero),Quick Attack,Play Rough,40,1.2156181972366622,1.2459838236110703,1.2424756709706979,1.2718685198029944,1.2595751221767921,1.3044633520576856,1.2456750031033572,1.277457577754955,1.2841894028375291,1.2859351829765657,1.2788135397508287,1.321631198023572,1.3073889216476025,1.348542388365699,1.295830283723714,1.3318564039773853,1.3613873773691678,1.3691892251211357
Zacian (Hero),Fire Fang,Play Rough,40,1.244957797077333,1.275903878986608,1.3002365962204336,1.3360374296435753,1.3240617036213895,1.3659527960068554,1.4329774817068548,1.4772840317362599,1.4951403781305648,1.5173704885546864,1.370586461085116,1.4029035707493356,1.5533722056470474,1.5904594902559013,1.5302581100349852,1.5691156525116536,1.4482857812733927,1.4577105317777541
Zacian (Hero),Snarl,Play Rough,40,1.2723772755177576,1.3104105265743453,1.3033970663498096,1.3482899595997662,1.342122393216733,1.3883606407934281,1.311799672252154,1.3420773901727963,1.3596920671114585,1.3773985451282147,1.3302560020920566,1.3854730397557837,1.371856295559803,1.4201327580709957,1.3937957533789502,1.4332109074364903,1.4251745950440147,1.430735054161116
Zacian (Hero),Metal Claw,Play Rough,40,1.2788166844494673,1.302091224101247,1.3135892608952573,1.3364601714481397,1.3179273465352872,1.3559350885757058,1.4374993855769287,1.4826331765798633,1.4580694605663347,1.4779335549613597,1.3474084855037303,1.396937873243204,1.4780016874613107,1.5379425447745294,1.4572233456876387,1.5067386411246189,1.4318235424833032,1.444238911647114
Zacian (Hero),Fire Fang,Close Combat,40,1.6789957194960408,1.6799765435623533,1.7772401532042847,1.7679130037001458,1.7905195996250258,1.8164031313716626,,,,,1.8240494730530967,1.8887001443584925,,,,,1.9205142938657984,1.908885349743967
Zacian (Hero),Quick Attack,Close Combat,40,1.7374674204216165,1.7334457643316779,1.7682724187617818,1.7778911272994993,1.7885566872560767,1.8067880098634306,1.746530696576643,1.77967009270564,1.8385282599036246,1.8110558245746895,1.8125378417931126,1.870665847556185,1.8170542822084448,1.876616808373448,1.848507996691342,1.8690564583603846,1.867146283199423,1.8739066959278516
Zacian (Hero),Metal Claw,Close Combat,40,1.7973320746422878,1.8095534016625798,1.8258506322037857,1.8283007514782357,1.8375036911245726,1.854456344976376,,,,,1.8555110253268807,1.9037898953575132,,,,,1.9081215060982326,1.9317200682389555
Zacian (Hero),Snarl,Close Combat,40,1.94707434333465,1.9546714050433769,1.9323860635662498,1.9947381634605066,,,1.9326429856212506,1.9745700603496026,2.1063784818977482,2.099657883279984,1.9925074885639202,2.034711072615885,2.1048302294962067,2.158142516466533,2.055865342681964,2.0641580149888332,2.046008277551743,2.04526014613474
Shadow Hariyama,Counter,Dynamic Punch,40,1.0840040691314443,1.0416103629450215,1.050232729101284,1.0777662146433777,1.0527803893489955,1.0720665084643575,1.0367418331718479,1.054562304843587,1.0298572968727933,1.0503092728476755,1.0459189168456031,1.0735107575628762,1.052492989104933,1.0704584966166224,1.0439644122544347,1.06865836665575,1.0666656701464838,1.0774684541752284
Shadow Hariyama,Counter,Superpower,40,1.2202512132866574,1.1318316571272717,1.1772995766589367,1.167762779930392,1.1739715165755948,1.1689739894420592,1.1542866735593131,1.13749327296854,1.1615413866624413,1.1513802599820184,1.1640921898169885,1.1669561236937736,1.1600496104813522,1.158691520039345,1.1685829702266262,1.1604304701921961,1.1596098835342536,1.1640660780866925
Shadow Hariyama,Counter,Close Combat,40,1.2825250510115145,1.180901666032232,1.232811548774838,1.227650979765998,1.2318698103395167,1.2155580788775122,1.1962344405167653,1.1820849468196832,1.2074291737134157,1.1920505485377055,1.217555906849269,1.215606394075353,1.2037346096258728,1.2031692089058672,1.2191236170141695,1.2097064597244875,1.1823315323781178,1.192185813330616
Shadow Hariyama,Bullet Punch,Dynamic Punch,40,1.2953085407127887,1.2435435272454918,1.2046969544203214,1.2731994325792537,1.221142534055032,1.27735335509182,1.2853721071087292,1.3491647295163705,1.2624714542078994,1.3454826414546717,1.2470701306349044,1.287732616659789,1.2903068638847297,1.3656471915750825,1.31059930301011,1.4010061307662083,1.2909683963432261,1.3218990466661442
Shadow Hariyama,Bullet Punch,Superpower,40,1.4753431855943315,1.386958746237172,1.3889931323537483,1.3923635908101661,1.395143625126431,1.4134725235485552,1.4740174854392145,1.4847285303606104,1.4560296635127081,1.4771964110271343,1.3869538532882784,1.422024934770422,1.4555718716795087,1.5176181537181408,1.4971738473475156,1.511103629612381,1.4311380621433123,1.4448228907777958
Shadow Hariyama,Splash,Dynamic Punch,40,1.5746846465236801,1.527511874779714,1.4578299973581066,1.513028857236591,1.4308376907687685,1.52959067004478,1.4683067666516982,1.5457311780870497,1.420187170840753,1.5171404313239467,1.4705509207780887,1.5598471924691106,1.4602433234029149,1.5618695930653983,1.4426688022118446,1.509240298708019,1.553360831013089,1.6034678588063145
Shadow Hariyama,Bullet Punch,Close Combat,40,1.7997670691727083,1.6371605525284902,1.6422789711676276,1.6623073878160617,1.6938682515360917,1.6957947836777183,1.8775054090058176,1.8881755462100973,1.8759705569314173,1.8909852994897443,1.637223265956629,1.6792770035220508,1.847248953414172,1.9106443071617798,1.825129466991831,1.869455783984026,1.6655387941383897,1.6689659651481166
Shadow Hariyama,Splash,Superpower,40,1.8777959488899576,1.7621107730853696,1.6840767348751609,1.7058020465549932,1.6728290310530691,1.7349292194081183,1.7226123519448675,1.7371137420357956,1.663786196753271,1.7147665316103506,1.6564050257489904,1.7544680270599409,1.659948274684629,1.755347780896105,1.667379799461206,1.7206781505659672,1.7399076437649066,1.7773613205696772
Mega Lopunny,Low Kick,Focus Blast,40,1.1986889009218704,1.1227478947223728,1.386677965971904,1.1971485207887416,1.2542665001799496,1.242161630915938,1.1757373701692808,1.1460128537569254,1.2075782490536402,1.1877856824736492,1.1862317576750576,1.2074305504536689,1.2332486237056737,1.2229726541892258,1.2356995001233173,1.2337829364397,1.1562849978672898,1.1597695238016932
Mega Lopunny,Pound,Focus Blast,40,1.3580508085630292,1.2655644841347469,1.5899970518002524,1.330474426790556,1.4023871774692696,1.3886758460691633,1.3334137012595881,1.3021107653632142,1.3551320425870494,1.3433195163326956,1.2833696483667016,1.3008187289518176,1.392148054536282,1.3749986596592458,1.4054213389322443,1.4046878790551078,1.3140117878137039,1.309577525077349
Genesect,Fury Cutter,X-Scissor,40,1.2257791098269695,1.219817191598749,1.3797938302219828,1.3911004994966016,1.393598395636685,1.38120177718328,1.282076300098391,1.285238645454474,1.324680924349776,1.317917942028647,1.36352828192338,1.355696131996338,1.3526032284997382,1.3670071013040264,1.3833316631279464,1.3697589148667204,1.356530871567537,1.3712403970590816
Genesect,Metal Claw,X-Scissor,40,1.4064609251379185,1.4103887799091444,1.5199445585294227,1.5371945017894906,1.5633657838856612,1.5532006034404693,1.6286535262052482,1.6621028772844462,1.6859626002762438,1.6933049542704544,1.5478625722442867,1.5388726185342376,1.7301939185304254,1.75775342448127,1.7567253000017704,1.7572213694848209,1.5588974029899372,1.5703821106086353
Genesect (Burn),Fury Cutter,X-Scissor,40,1.2257791098269695,1.219817191598749,1.3797938302219828,1.3911004994966016,1.393598395636685,1.38120177718328,1.282076300098391,1.285238645454474,1.324680924349776,1.317917942028647,1.36352828192338,1.355696131996338,1.3526032284997382,1.3670071013040264,1.3833316631279464,1.3697589148667204,1.356530871567537,1.3712403970590816
Genesect (Burn),Metal Claw,X-Scissor,40,1.4064609251379185,1.4103887799091444,1.5199445585294227,1.5371945017894906,1.5633657838856612,1.5532006034404693,1.6286535262052482,1.6621028772844462,1.6859626002762438,1.6933049542704544,1.5478625722442867,1.5388726185342376,1.7301939185304254,1.75775342448127,1.7567253000017704,1.7572213694848209,1.5588974029899372,1.5703821106086353
Gardevoir,Charm,Dazzling Gleam,40,1.2134114597587995,1.2100115252722652,1.3120780468878626,1.3232099318140162,1.347428588588279,1.3397239376259402,1.2412570721136904,1.2634870196775252,1.3220759636680524,1.2886406239835333,1.3222729432250562,1.2994279374412914,1.2990073130666635,1.293236175904176,1.3170088646621712,1.2822885473184733,1.296701643740425,1.2966496716271534
Gardevoir,Charge Beam,Dazzling Gleam,40,1.3960264493543877,1.4004566172022441,1.4884400194504606,1.500842454490053,1.5345867661866146,1.5501157491219981,1.358185781541981,1.3832353883076633,1.422797573736838,1.3929049229111448,1.5179236422118703,1.5046218927608221,1.3868329736402096,1.3874041567004884,1.422399346079101,1.415035393664879,1.4974786470049313,1.488209541102482
Gardevoir,Confusion,Dazzling Gleam,40,1.6191334232157761,1.6383572677066374,1.705672668146297,1.79208003446008,1.8397582535213746,1.8498176873850007,1.7148192179873083,1.7572077941178301,1.7444571735618604,1.7511657489620571,1.7815620661558877,1.766023423326189,1.7278750177154063,1.7565685632547903,1.7252694368667147,1.7164199979555437,1.737726794654383,1.7637041390764892
Gardevoir,Splash,Dazzling Gleam,40,1.67699627024355,1.7261906131818936,1.7804507554921387,1.9107681589270964,1.891186330091716,1.9159308979329033,1.734700323998824,1.7916967199429605,1.8235606548568315,1.8448863808855003,1.8401327496751954,1.8678245240698939,1.8059578105299643,1.8504292307230406,1.8047306532345653,1.8590353945705074,1.8154512494479906,1.8278663608633385
Shadow Gallade,Low Kick,Close Combat,40,1.2763722160513424,1.1937617826691758,1.398470662859958,1.2951906317048139,1.328200009736834,1.2899995872851784,1.30708665156505,1.2484224463898577,1.3239560765078893,1.2420930670905734,1.3539294858861115,1.286348123531062,1.2809517340537477,1.2456921448168485,1.3024617958262712,1.2858718933966429,1.2475652736413037,1.2401235470247651
Shadow Gallade,Charm,Close Combat,40,1.309595975332575,1.2579647422827689,1.483595527415067,1.3960907934803088,1.3719519880051911,1.3810403195168603,1.4030691994504767,1.338277109367135,1.4436419436283034,1.3253017916507508,1.3959818216691422,1.347770214860402,1.362982620910862,1.3201109015811017,1.3674898591879245,1.3324088657420274,1.305632426233182,1.2989552603242827
Hariyama,Counter,Dynamic Punch,40,1.1978523794566127,1.2031117189000196,1.2071912590344456,1.2633136201002073,1.2211220594040906,1.2802016164815015,1.2315279431281674,1.2701055900543923,1.2221062747353808,1.257161482094335,1.224565174813938,1.2880201241877676,1.2586490469662044,1.2886409516633806,1.2437948538147303,1.285101741150282,1.3102605955204611,1.329802927318108
Hariyama,Counter,Superpower,40,1.3183761874966842,1.304776813811848,1.3275336586137845,1.3609056757990328,1.3538298744570236,1.3901444607699442,1.3773454923840698,1.3778361558210417,1.3726674772580882,1.3550292158671433,1.352366438550923,1.3864912432719003,1.3822109965494427,1.4018441122941057,1.3746089901434126,1.3901358137293982,1.4279804270881493,1.4323456863509307
Hariyama,Counter,Close Combat,40,1.3832414438342806,1.3493001921464536,1.3977178636655438,1.4107208225239134,1.4126852444043918,1.4370346848257154,1.4496200157792176,1.435027958350613,1.4373348305163558,1.4270100399831196,1.4000921987675052,1.4444091535115058,1.4337067459533606,1.4530081893032945,1.4320010135379926,1.4390724755347255,1.4625862382288994,1.480921876936558
Hariyama,Bullet Punch,Dynamic Punch,40,1.4010309252305517,1.460666467290852,1.4044669693144733,1.508762266006969,1.4301553540681389,1.54359802967223,1.5209685307082403,1.6194661958124412,1.505845144890346,1.607227453407239,1.4549278358245534,1.5252670676050517,1.5528807637488078,1.6516509781270683,1.595825969871465,1.6487976704514775,1.5440315189133251,1.5887958184083928
Hariyama,Bullet Punch,Superpower,40,1.5827286760080406,1.6104140373405764,1.573956905232608,1.6572459352045759,1.6043992593332939,1.7138425155830077,1.7277139379478519,1.7961946648581537,1.7059513714035743,1.7629886756196385,1.6235120873985884,1.6897792517618677,1.7394217911616092,1.8211585119143778,1.767923643250735,1.8413709666555464,1.7136505924037855,1.7388026354296355
Hariyama,Splash,Dynamic Punch,40,1.6605951946858761,1.7714907956203882,1.6643061328936133,1.8122461123310305,1.6762821188503438,1.8317621698338118,1.6897606291025757,1.8038598556862733,1.6843398559535412,1.7835986141854172,1.6966167004063153,1.8079674446060985,1.7390020553543117,1.8658540508314398,1.748834832563576,1.8328103705345578,1.8508089232968215,1.9080815500403394
Hariyama,Splash,Superpower,40,1.8994843689604093,2.0045066270838583,1.893070352214149,2.0397574445735387,1.9179695243162262,2.0779009052060573,1.968967261039412,2.0489197599273172,1.9552879379174228,2.0185486978380425,1.9803865044275717,2.092840951651592,1.9729497675518375,2.0808470310201312,1.982167160586815,2.066534724122313,2.082783285578831,2.1270331746199593
Hariyama,Bullet Punch,Close Combat,40,1.9299663909279927,1.918173203128959,1.8596770253557942,1.9510730525973157,1.9828204028834984,2.052372906133683,2.251325529257785,2.283706353010582,2.175817554930198,2.2210227471755775,1.8968042137344583,1.9682473254423885,2.1936787758048304,2.2784354184508087,2.237501004223664,2.29033154837704,1.9756393187003367,2.019323789683314
Shadow Machamp,Karate Chop,Dynamic Punch,40,1.1151679148311926,1.0231444857725467,1.015351620680281,1.0302050405568242,1.015950208075536,1.0254335886672439,1.039287877411975,1.0276915479484574,1.0414793178632074,1.0246607606634162,1.010583226233222,1.0182759161200343,1.0108251230532328,1.026002503399104,1.0244659739182003,1.0284267770386466,1.020582182784086,1.0279717017574213
Shadow Machamp,Counter,Dynamic Punch,40,1.1226536177121746,1.001692114003074,1.0,1.0,1.0,0.9999999999999999,1.0,1.0,1.0,1.0,0.9999999999999999,1.0,0.9999999999999999,1.0,1.0,1.0,1.0,1.0
Shadow Machamp,Counter,Cross Chop,40,1.2599153920454882,1.1231456699761742,1.1391672803431654,1.1360795806056287,1.1471508613230659,1.134903700630879,1.156292858612712,1.1258642811304647,1.169337599845689,1.1253218749530862,1.145599450944898,1.125719404412462,1.1568746057633634,1.1399191542199645,1.1552728094358233,1.133178293485485,1.141085012744473,1.1513958988288002
Shadow Machamp,Karate Chop,Close Combat,40,1.3734840759021016,1.2066028181451964,1.22121662376249,1.213059148427348,1.237488130389857,1.2140740440625226,1.2489322784973587,1.2152144633558557,1.2706420779614427,1.2020222751178895,1.1822071493266657,1.1827888117219707,1.220468821251732,1.2072335331096333,1.2075814693015527,1.202975940956636,1.1967247363301754,1.2085801372466654
Shadow Machamp,Karate Chop,Cross Chop,40,1.3283970973753598,1.2042496423433056,1.223129967110343,1.2197113506225867,1.2280129927584953,1.222151689477601,1.239815114890866,1.2126818266370976,1.2489708359310145,1.2047345884841278,1.2150082604404506,1.1985545402094449,1.2311038111805694,1.230817329069024,1.2327156992034556,1.213085190334271,1.2283502851617045,1.2394535267296087
Shadow Machamp,Counter,Close Combat,40,1.3104764976500598,1.1171464860305607,1.140266001641292,1.122761622190813,1.147235944872533,1.1178499613816844,1.1719331957581063,1.1217149611251118,1.175885134832583,1.1158050585234771,1.1271672336101364,1.116360553105057,1.1492344007125816,1.1280279191191924,1.1339593662930767,1.123345996662985,1.1093889620716573,1.1170106145367737
Shadow Machamp,Counter,Submission,40,1.3339246991731208,1.153361734413924,1.209616185233731,1.1711929749081122,1.1978596709890423,1.1653643221189292,1.1970802199093071,1.1602719232867769,1.209107097956414,1.153567538444345,1.1895004062141412,1.154022365281746,1.196137343783159,1.171749566444444,1.1954398149093746,1.1615905238642767,1.16517828138403,1.168990755337411
Shadow Machamp,Bullet Punch,Dynamic Punch,40,1.326551924795175,1.226223900601881,1.1961905685686172,1.2281065284703823,1.1901144138661008,1.2261383937108912,1.2936756496013957,1.3083030314831288,1.2925274952380623,1.3216386907154762,1.202446421129502,1.2291126774854173,1.2589225985435548,1.299787993835147,1.273872544004987,1.3057830444359142,1.222556069561189,1.2522314259310143
Shadow Machamp,Karate Chop,Submission,40,1.406831163887806,1.2434690437664504,1.272026025839503,1.2514698158552306,1.270108268437537,1.249457839366856,1.2921763739957828,1.2411819855172557,1.299402458640893,1.2295893098116273,1.256201789909162,1.2280658069159287,1.2738208882449742,1.2495785968669622,1.277281240539909,1.2395580736056462,1.2516083600353662,1.2500540003783567
Scizor,Fury Cutter,X-Scissor,40,1.2879482718402127,1.2736345180209638,1.480674742096336,1.457863824155017,1.4671479675723995,1.4473258725176827,1.3655183273029619,1.3519603574327124,1.4039381654226497,1.3699191496956646,,,,,,,,
Scizor,Bullet Punch,X-Scissor,40,1.5273457085905664,1.5292191783911542,1.6182165561198116,1.6047940686768036,1.6477207391075996,1.6407346958767972,1.7643398013684766,1.7817870309876382,1.7988186950396625,1.791600042034819,,,,,,,,
Togekiss,Charm,Dazzling Gleam,40,1.2301194044179382,1.2429713016410593,1.2627825134742938,1.2954841482091488,1.3087220951361482,1.3304580363512561,1.2530427480165591,1.2768745062182838,1.3139771909218352,1.2905704224999708,1.3157074013554884,1.3249736299727477,1.31336453937373,1.331843815632019,1.3255469603956787,1.315678706961556,1.3386271702561794,1.337596841520959
Togekiss,Hidden Power Fighting,Dazzling Gleam,40,1.3565589059830212,1.3807783749520932,1.3893783127363506,1.4294784627066668,1.4382143283427258,1.4734535930907002,1.3766717514514963,1.4049904526903776,1.4307180622961322,1.420621614904346,1.4498758601309485,1.467106659203747,1.438350752565154,1.4775714526720318,1.448202498308573,1.466172082118329,1.4739771701149402,1.4669332235421118
Togekiss,Hidden Power Bug,Dazzling Gleam,40,1.3565589059830212,1.3807783749520932,1.3893783127363506,1.4294784627066668,1.4382143283427258,1.4734535930907002,1.3766717514514963,1.4049904526903776,1.4307180622961322,1.420621614904346,1.4498758601309485,1.467106659203747,1.438350752565154,1.4775714526720318,1.448202498308573,1.466172082118329,1.4739771701149402,1.4669332235421118
Togekiss,Hidden Power Flying,Dazzling Gleam,40,1.4406921986699532,1.4742159745554393,1.4600576111413872,1.5074767386758436,1.5215570016557167,1.565437522308143,1.4634060449232824,1.5012430766987233,1.5190811613272113,1.522461305448013,1.5579539844640136,1.5680574784045542,1.5405078832640995,1.5740800973337583,1.5695939819066782,1.5724653464035165,1.5767887458817038,1.5718460459827799
Togekiss,Hidden Power,Dazzling Gleam,40,1.4781297658817814,1.5310743191550962,1.5056364218810026,,1.5657080081213082,1.624182185928178,,1.5628860922482641,,1.559789425574184,,1.6089135326968564,1.5782546230785668,1.624811101309745,1.5843887858035615,1.6142573907503395,1.6434421753078305,1.6412139828708892
Togekiss,Hidden Power Water,Dazzling Gleam,40,1.501940374424094,1.542780276624109,1.5142752852798047,1.5675540787601763,1.5778695716202533,1.626154146415798,,,,,1.582105497631216,1.6179081031778726,,,,,1.6542107136434125,1.64977316920633
Togekiss,Hidden Power Steel,Dazzling Gleam,40,1.501940374424094,1.542780276624109,1.5142752852798047,1.5675540787601763,1.5778695716202533,1.626154146415798,,,,,1.582105497631216,1.6179081031778726,,,,,1.6542107136434125,1.64977316920633
Togekiss,Hidden Power Rock,Dazzling Gleam,40,1.501940374424094,1.542780276624109,1.5142752852798047,1.5675540787601763,1.5778695716202533,1.626154146415798,1.5323667243460664,1.5734783237335472,1.5612914581345603,1.567805999302756,1.582105497631216,1.6179081031778726,1.5886556044202969,1.6393042952381087,1.590671886978346,1.6240069357568558,1.6542107136434125,1.64977316920633
Togekiss,Hidden Power Poison,Dazzling Gleam,40,1.501940374424094,1.542780276624109,1.5142752852798047,1.5675540787601763,1.5778695716202533,1.626154146415798,1.5323667243460664,,1.5612914581345603,1.567805999302756,1.582105497631216,1.6179081031778726,1.5886556044202969,1.6393042952381087,1.590671886978346,1.6240069357568558,1.6542107136434125,1.64977316920633
Togekiss,Air Slash,Dazzling Gleam,40,1.4749817470148896,1.499807117080539,1.467174897163985,1.5195988111477743,1.5285926983754805,1.5730262593962538,1.4860348925655225,1.5108699299725865,1.5407871233074883,1.5291078776920217,1.5575607105747782,1.569469006447848,1.5682835661976091,1.6076978092755867,1.5501687544813438,1.5816278459521176,1.6167391615483193,1.6078328191868292
Yanmega,Bug Bite,Bug Buzz,40,1.2886215901444829,1.2388334933124088,1.31000241216343,1.2852540429754986,1.419819977769079,1.3833521272274314,1.3540400712147582,1.3433485971524202,1.3258690493002618,1.294561661909949,1.3516699025740462,1.3345836841821457,1.33701892115561,1.3160757610633511,1.3517286538842792,1.3185001363537106,1.3088393772674756,1.303729534025091
Yanmega,Wing Attack,Bug Buzz,40,1.447452961194196,1.4246360885762555,1.4632372764760462,1.4666086342215499,1.559257507258264,1.5736058742773897,1.5250661702405957,1.523419183857279,1.4834951416181286,1.4815528863074916,1.5154224582738092,1.5226182318734822,1.503836808245503,1.4836588335961591,1.5064719517179983,1.4994832822653124,1.485985316785135,1.4820654606121633
Heracross,Counter,Megahorn,40,1.2902331160940381,1.2253561680710499,1.2529622770822777,1.2627950246462476,1.287738459538829,1.2903649835208866,1.236966649532247,1.2318854869707914,1.2822091945867187,1.269995446227959,1.2368617917338853,1.245932704866429,1.298515614157345,1.2893208439786172,1.3040848935992255,1.2903732072939784,1.2491576265808182,1.2466335832773
Heracross,Counter,Close Combat,40,1.332150517441601,1.2823430594390297,1.2952070950788037,1.315749211530573,1.3285065228446298,1.3417259068652312,1.28257408692566,1.2841322429776836,1.3200818398817866,1.3111715537703734,1.2770327246517457,1.3007690951922568,1.3363986799911,1.336028430950648,1.346204083801375,1.3434224702084974,1.2937040796437762,1.3001524231584445
Heracross,Struggle Bug,Megahorn,40,1.5452000333480145,1.4502878640008667,1.4426048812488115,1.4535931256452923,1.4663097201964537,1.474528314580005,1.4716945913274289,1.4581326547817957,1.4876971511041148,1.481077759410712,1.439795636057292,1.4498255526102892,1.4954755035397769,1.4873779217641314,1.4855600531835116,1.4770570873194675,1.4355840330160476,1.4427092659841738
Heracross,Struggle Bug,Close Combat,40,1.5936276660516373,1.5135178936306457,1.4980586551359298,1.5260628485733105,1.5179689328263102,1.543473156982658,1.520900381817076,1.5225843069490081,1.5459790646969065,1.5469223006390294,1.5043580362110047,1.516852973567533,1.5445504105201242,1.552862038547485,1.5420200643091364,1.5398683759350476,1.5011822888075559,1.51519175823592
Shadow Granbull,Charm,Play Rough,40,1.2279460149543948,1.1531323420363373,1.147317942284204,1.167869877259068,1.1789959959165963,1.208727195049478,1.2336128159904958,1.2000024443101227,1.3098119680493794,1.211210619463122,1.2024216172207607,1.1800824744848055,1.2030189255615142,1.1910144628128712,1.2191398410387455,1.2172702134328952,1.1566300802520457,1.1642946600314776
Shadow Granbull,Snarl,Play Rough,40,1.4362215857654506,1.3616960842235748,1.354085477372248,1.4061021860484937,1.3783399274348038,1.4371764138166034,1.4366227808913175,1.4196957952480127,1.5473703426872825,1.4714096843552078,1.3842931854944376,1.3899331729136186,1.3954455617491146,1.4171846339046876,1.4527976635550437,1.4608551081360206,1.3748593494151289,1.4038459546847921
Shadow Granbull,Charm,Close Combat,40,1.4515097976634495,1.3523000351871672,1.3801011577108186,1.3558313879372264,1.4334744466498086,1.4022921092705574,1.4699403405611702,1.3868274056050933,1.5548385763442782,1.4247341547915524,1.432381821618479,1.3671518631711919,1.4088661478959237,1.381539790606606,1.4860143258716438,1.4162192200884733,1.3457363217011964,1.334947874442892
Shadow Granbull,Bite,Play Rough,40,1.5717123363231456,1.4788531569508756,1.5038269164255569,1.5926677349017668,1.5543667956367457,1.629105737688437,1.5893445293019406,1.5413059410407541,1.7614102224074564,1.6029839383622768,1.5718434345193486,1.5834654964705732,1.5898301450497094,1.6099406461371735,1.6340827702800094,1.645961637797679,1.561450181680538,1.6124571386388473
Shadow Granbull,Snarl,Close Combat,40,2.2244864532113042,2.088271291594159,2.1302908252279114,2.1278979299821694,2.303452223312013,2.2315756469229235,2.2104815577270265,2.16839792871646,2.531572076618111,2.2124741994618877,2.128956851458109,2.0846028356570354,2.142248656015638,2.122862067141421,2.24325948997519,2.159909733730467,2.010624474472919,2.0470346609080643
Shadow Granbull,Bite,Close Combat,40,2.4629750723592965,2.1750229109926194,2.4302522050874953,2.4356523207929515,2.577877078992265,2.525655063837005,2.5438428559883963,2.205182020317603,3.075768299445789,2.452711129051898,2.327317614959151,2.328509867942603,2.469257619827744,2.4451437846075983,2.617390769509252,2.470437451456891,2.222351390592912,2.2537481092566436
Pinsir,Bug Bite,X-Scissor,40,1.3563633653536027,1.304415861851056,1.3950984328595368,1.3851835004397357,1.4430602232282943,1.41612039904232,1.3839702644226965,1.353130643404568,1.411276750378027,1.3792540154094308,,,,,,,,
Pinsir,Fury Cutter,X-Scissor,40,1.3687372471214179,1.3245907582656682,1.4865139643842156,1.46412244623442,1.4996706614480069,1.4741534697449041,1.401875594115868,1.3796053392018872,1.4370817331041632,1.3971549767057045,,,,,,,,
Pinsir,Bug Bite,Superpower,40,1.5015280295955205,1.414013238057526,1.5432965467774646,1.4950622792016064,1.5780006852183184,1.5347401567137136,1.5139206190385341,1.452011315084418,1.5542924260220512,1.47633596495764,,,,,,,,
Pinsir,Bug Bite,Close Combat,40,1.5027723905389325,1.4325238053174256,1.5447722802857329,1.5344110494049321,1.6347801530563575,1.5813626452570975,1.5249540328231053,1.4736391510538085,1.595070800453288,1.5376528891431738,,,,,,,,
Pinsir,Rock Smash,X-Scissor,40,1.5193623118595139,1.4911347294410637,1.5869530802305978,1.580575953620593,1.6031674436670313,1.5958586108563346,1.5978773036699594,1.586680332707894,1.5630074778780871,1.5423513810606455,,,,,,,,
Pinsir,Fury Cutter,Superpower,40,1.5206538737171331,1.4406033797841042,1.666281605403246,1.5937090844307902,1.6822881681238806,1.6069802170517131,1.551857432186438,1.4911222242062103,1.593807311167217,1.5196260902781138,,,,,,,,
Pinsir,Fury Cutter,Close Combat,40,1.5462811490243602,1.483143405343654,1.7092023396708993,1.6913314313203724,1.7746920877910568,1.701366962889076,1.5833940813771075,1.5278473209325334,1.6457614450112459,1.5731102596650894,,,,,,,,
Pinsir,Bug Bite,Submission,40,1.5979833714674052,1.523924993128062,1.6828943919114672,1.61855381640766,1.728274764962382,1.6563802914613233,1.6168251531058981,1.559983577550296,1.6810582695824992,1.6085866459383857,,,,,,,,
Pinsir,Rock Smash,Superpower,40,1.6654827840876076,1.604223497805269,1.7447959679858691,1.705718566086907,1.7475903231643073,1.753265700510844,,,1.7239058565804293,1.6800558462593183,,,,,,,,
Pinsir,Fury Cutter,Submission,40,,1.5845799866155699,,,,,1.7086348727373608,1.6240612088397854,,,,,,,,,,
Mega Beedrill,Bug Bite,X-Scissor,40,1.2324210489971597,1.090656771466735,1.169555077093509,1.1501017321940423,1.1981987918742631,1.1564187661580496,1.2038602431199197,1.1190314400425228,1.2325572551950756,1.1192884105667529,1.1812476285880016,1.1305342138875636,1.203491825946223,1.149376598579739,1.1793908069983374,1.1584461246622713,1.1503719531199241,1.1366031087548862
Mega Beedrill,Infestation,X-Scissor,40,1.2865316549288954,1.141404081368263,1.200320396564773,1.181307562888876,1.240096752583863,1.2088567542443485,1.273213736750331,1.1978514514023506,1.2786757508016933,1.1686679132548128,1.2256820895471348,1.1835222279414506,1.2305192945559913,1.1749864893652002,1.216315788818014,1.1892470071520889,1.1913507069957598,1.176905306890974
Mega Beedrill,Bug Bite,Fell Stinger,40,1.3547702397604333,1.1698787806485393,1.2539999923423382,1.2327003672421821,1.3424257972108673,1.2499337464210594,1.3052524633158185,1.2048663314509385,1.3430612111338058,1.208117991069269,1.2859433441571257,1.2150642101192062,1.2919404079426704,1.2237488008418054,1.294105351225072,1.2413047482222228,1.2442433304551945,1.2175267334728008
Mega Beedrill,Infestation,Fell Stinger,40,1.4124443252374574,1.231508084993349,1.3011205966849984,1.2806381275731469,1.3878970395019716,1.3199460537886842,1.3873973705191895,1.2886950656835845,1.3920605670236252,1.2684280145387097,1.3232910645174787,1.2699025464566864,1.3230744179249807,1.2649323967866133,1.3261037631248376,1.2981610191854032,1.2895146931016006,1.2655632010880635
Mega Beedrill,Poison Jab,X-Scissor,40,1.4401270929879062,1.271225270386536,1.3187935609275472,1.3345351406050332,1.3691020682582398,1.3559861110124254,1.3656642059196227,1.2906459565931951,1.4075407046634263,1.3035555785375554,1.3708930373971593,1.323039126991552,1.3642857405113344,1.3273415931683366,1.358952400826811,1.3298464178368994,1.3172901822831578,1.3054855151272162
Mega Beedrill,Poison Jab,Fell Stinger,40,1.5441785398790882,1.3345499944618604,1.4215996089487433,1.406886676548098,1.491702382293886,1.4403416190243086,1.4642112932210183,1.36416935506256,1.5047320398314978,1.3882027612872665,1.4492195592605066,1.3909890411713919,1.4376164351975937,1.393974471333864,1.461613103194386,1.4051267410285884,1.3874958922967264,1.3773480841586827
Sylveon,Charm,Dazzling Gleam,40,1.3368275343438232,,1.379205619702653,,1.4070326482717348,,1.3739176364831507,,1.4316087943428524,,,,,,,,,
Sylveon,Charm,Moonblast,40,1.4632985312557634,,1.5040827333768119,,1.5579997570341422,,1.4855423960250367,,1.5577403788194528,,,,,,,,,
Sylveon,Quick Attack,Dazzling Gleam,40,1.5122353106628592,,1.5327225922716325,,1.580911649757891,,1.5517066798410082,,1.5684992232788997,,,,,,,,,
Sylveon,Charm,Draining Kiss,40,1.5508366056774154,,1.616841086928499,,1.6358434699285769,,1.6020937455480364,,1.668383972334262,,,,,,,,,
Sylveon,Quick Attack,Moonblast,40,1.8425051600999431,,1.8902236420094216,,1.8813948970193308,,1.873715147632326,,1.8949815894710371,,,,,,,,,
Sylveon,Quick Attack,Draining Kiss,40,1.966642006539916,,1.9886769219773615,,2.0244167037358958,,1.994797440334313,,2.016858464537773,,,,,,,,,
Shadow Poliwrath,Rock Smash,Dynamic Punch,40,1.3241402991384255,1.339395688753961,1.3168234487810917,1.3639447550289794,1.4099276122507571,1.4123851787304618,1.3114254365319713,1.3350520285909713,1.3097890280825149,1.3145749729359155,1.3265578554021202,1.3616132629105895,1.3240870048589781,1.363485150454143,1.3345269290271065,1.3573158322110144,1.3743811374265673,1.38183098608319
Shadow Poliwrath,Bubble,Dynamic Punch,40,1.400401986733217,1.4348312030709622,1.416471017664949,1.4678186902807893,1.48760153720646,1.517997918889292,1.4980156842423602,1.5588950723950803,1.4905047137154133,1.5269460202868044,1.4171543326222318,1.489293054351708,1.5147731253061185,1.5821683389353618,1.5008739099809418,1.5668137992445472,1.4606826885141555,1.470620188532591
Shadow Poliwrath,Mud Shot,Dynamic Punch,40,1.4583802044165908,1.4736094363370666,1.4409189704529124,1.4867034507827193,1.5429502819359433,1.5588269042291476,1.4471467025684133,1.4921748518603066,1.4324149309562106,1.4558742825306963,1.4920429271854767,1.570672562342628,1.4825791465616691,1.5281144515182663,1.486893320346002,1.5663423346404197,1.5556924528426248,1.5766874902010235
Shadow Poliwrath,Rock Smash,Power-Up Punch,40,1.554339747211946,1.5148427789752554,1.542591122983323,1.5598854274215368,1.6346046018825457,1.6032353213740769,1.519300382483569,1.5230464887070803,1.5186157486661407,1.503976460501449,1.5340018525036727,1.5584555639643254,1.529193888423413,1.5570377540035083,1.5184189178152625,1.5355302166954223,1.5649750383464105,1.5631039940915106
Shadow Poliwrath,Rock Smash,Submission,40,1.589192716995782,1.5661631095295878,1.582046254829113,1.5975444112496349,1.7122207428233696,1.6581679664663913,1.5599114564284482,1.5533047280000698,1.5687176007412431,1.5495560155662276,1.5759502229670852,1.5910591268856724,1.5786729269669977,1.6021556789701605,1.5777790023053473,1.5918163661356928,1.6092787955884442,1.609417953538086
Shadow Poliwrath,Bubble,Power-Up Punch,40,1.692383094577832,1.6711052682959773,1.7294696175891384,1.7476810553245496,1.8350560603525978,1.794254404974831,1.8455889005617703,1.860090588618878,1.821026580739383,1.8325297454725,1.7160975214541143,1.7557327253853432,1.8552680662266146,1.9063461024320572,1.8600148861219783,1.8808818739901536,1.7383496590017786,1.7347703825284588
Shadow Poliwrath,Mud Shot,Power-Up Punch,40,1.777274001938564,1.741481904050466,1.7427252341649129,1.782177228109609,1.9048040204327916,1.8737487219824458,1.7670939579926235,1.7833822126309522,1.745495189840281,1.7436730091425732,1.8317950476874671,1.898125201911787,1.7711986409254161,1.8556495898914718,1.7965282499524218,1.8655769482647193,1.8610411062221464,1.8806769898541293
Shadow Poliwrath,Bubble,Submission,40,1.8093491494993166,1.7686990878744786,1.8398477656857628,1.8484119971598159,1.964878542095655,1.9126920692387313,1.9777217692385236,1.9979637653810287,1.977154410776962,1.9742232482573068,1.8233845172017324,1.847804290989173,2.0175347644199735,2.0678893314594773,2.0297972753083413,2.0422181992186013,1.8401632629617457,1.8362678425056698
Shadow Poliwrath,Mud Shot,Submission,40,1.9226561861829747,1.8708315456949658,1.8870718505632849,1.8894469085272783,2.0528063997388952,2.012023909642968,1.8969487541999464,1.9009234106494868,1.8806880612283559,1.868328932465726,1.9857264165596722,2.0267785432253027,1.920833061023976,1.9876643972612726,1.9514016296974745,2.002258864208119,2.003801802963949,2.0147564191482523
Pangoro,Low Kick,Close Combat,40,,,,,,,,,,,,,,,,,,
Pangoro,Snarl,Close Combat,40,,,,,,,,,,,,,,,,,,
Pangoro,Bullet Punch,Close Combat,40,,,,,,,,,,,,,,,,,,
Cobalion,Metal Claw,Sacred Sword,40,,,,,,,,,,,,,,,,,,
Cobalion,Zen Headbutt,Sacred Sword,40,,,,,,,,,,,,,,,,,,
Cobalion,Metal Claw,Close Combat,40,,,,,,,,,,,,,,,,,,
Cobalion,Zen Headbutt,Close Combat,40,,,,,,,,,,,,,,,,,,
Escavalier,Bug Bite,Megahorn,40,,,,,,,,,,,,,,,,,,
Escavalier,Counter,Megahorn,40,,,,,,,,,,,,,,,,,,
Primarina,Charm,Moonblast,40,1.3519919543704848,,1.3551651566183256,,1.417421865319566,,1.3437211793923751,,1.3915523744243479,,1.3683158373949469,,1.3566147124890495,,1.3777540173074998,,1.3780299313860542,
Primarina,Waterfall,Moonblast,40,1.7332099905935021,,1.737210798834504,,1.8537821761035345,,2.0571282240548925,,2.1785301199009375,,1.766020443571572,,2.145734644138789,,2.1174711798310577,,1.7703858604614375,
Shadow Pinsir,Fury Cutter,Submission,40,1.5379537035243631,1.4178419817928065,1.521606985829497,1.462022291235937,1.6063440478445576,1.5243122288913373,1.6008436966024697,1.4710089905040624,1.603764565673405,1.4372810144402948,1.5360337675980564,1.447014925888448,1.5287171328725246,1.4543886509237984,,,,
Tapu Koko,Volt Switch,Dazzling Gleam,40,1.3219865732136287,1.3288391201626484,1.3535097743669986,1.3823930143380014,1.367850232933279,1.3935061968450142,1.2272959636361516,1.2553764672592946,1.2696734326939305,1.2650445452316337,1.329915206940805,1.373191195247262,1.2469165095839432,1.2652541500523982,1.25391829749258,1.2434704175842288,1.362734209706138,1.3690959951387418
Tapu Koko,Quick Attack,Dazzling Gleam,40,1.3261955389451754,1.3115685354501816,1.3520827946381053,1.351220606635003,1.3471370143924664,1.3645385296497803,1.3299762228685352,1.3525730921227344,1.3715285389032215,1.3720996225206545,1.339241898821753,1.3749527752145412,1.3776142616181857,1.3702348205516055,1.379576496753906,1.3532141269462667,1.3891013098512375,1.3762639205561935
Granbull,Charm,Play Rough,40,1.3449825133455218,1.356872400217977,1.3640287979130319,1.3903440411836976,1.392842577688788,1.397367801622347,1.3528261378490443,1.374237551314977,1.4451460614556888,1.4183074980442134,1.3796699268924317,,1.376079171161301,,1.409525003148475,,1.3903630456418796,
Granbull,Snarl,Play Rough,40,1.5546851854814874,1.6096291990636673,1.6055567566739715,1.6648092348085828,1.6343988695566056,1.688688227513807,1.6111966628704346,1.6611392390904018,1.7004222882789166,1.7071096558315806,1.622615135839081,,1.63660807058846,,1.6396666739385064,,1.663102655388883,
Granbull,Charm,Close Combat,40,1.6092543687161942,1.5722514644267949,1.634901426749999,1.62417247290607,1.6668469447043377,1.6298134755773357,1.6073603301805446,1.5895905946260809,1.7288658494159952,1.6326668590482452,1.6229286150261528,,1.6268975678674469,,1.6797335250317724,,1.6080715545432374,
Granbull,Bite,Play Rough,40,1.7700574411125438,1.8441925294158483,1.7484085464609478,1.8282655828923569,1.8197421589290939,1.887912852771017,1.8361013335688272,1.8923094960619682,1.96187418840395,1.928239024658759,1.8253152112387419,,1.9006705419041876,,1.9334656808138135,,1.9761210616659242,
Granbull,Snarl,Close Combat,40,2.499910482476713,2.451278912718627,2.4709068841102244,2.529961324823734,2.5945950864781007,2.5743517845078343,2.445024881010203,2.519459111455985,2.775052613812891,2.651691284280479,2.5041680066054814,,2.543293149039256,,2.5820276107982822,,2.45910516567815,
Granbull,Bite,Close Combat,40,2.8813036799870653,2.7525379722425183,2.6344818889919837,2.677471465955012,2.8769648650439925,2.831865046183997,2.9303654130214367,2.8499943449435308,3.329530901788697,2.9998315271149605,2.748995462805684,,3.005756864582331,,3.0054428995020475,,2.933263474914527,
Breloom,Counter,Dynamic Punch,40,1.3659389613440935,1.1926339856314674,1.2492847105850582,1.1808628471357627,1.2508874244542256,1.21396753945017,1.1760008431134212,1.1780418921611804,1.1954983931689875,1.171874836322754,1.2266338630223879,1.1752931096351786,1.1860497690939036,1.1696844587668291,1.2239717901296108,1.1830654125370474,1.1837276806942183,1.1888218958453958
Breloom,Bullet Seed,Dynamic Punch,40,1.6373939453143094,1.4578324964472844,1.537340213316929,1.455225974850097,1.4727641643256053,1.4854134790241846,1.2934761183124737,1.3209114045295969,1.3077041088718426,1.322317252791062,1.465531454037217,1.4443673037985543,1.3017264168470029,1.3117010675546037,1.3469994086632757,1.3427058066530424,1.4175645156582353,1.4310776462650934
Breloom,Splash,Dynamic Punch,40,2.2409027711694627,1.9329496374098212,2.0285272402170182,1.8288890166709366,1.888729144482635,1.8682095750745644,1.7358087015636754,1.7996679466842105,1.7466046437932923,1.778391100628354,1.7776627861531957,1.7551401334499463,1.7594622850928434,1.7911979643976899,1.7991298881790976,1.8046422070713068,1.770638207619566,1.7894754896916059
Sirfetch'd,Counter,Close Combat,40,1.3994756951082,1.2310153223814444,1.3223858721247077,1.2836098474094102,1.3515616622929274,1.3169412480042666,1.3618639471537841,1.2978770130861736,1.3749514850700768,1.3000921096308111,1.2928134991357474,1.2645196271282646,1.3272031907558255,1.2927032564204108,1.2983773976392248,1.277319844145841,1.277288685148899,1.2813754554031909
Sirfetch'd,Fury Cutter,Close Combat,40,1.6644583431931737,1.4812033617825353,1.4795533541196306,1.4700475571694884,1.6037373972836055,1.565578117467104,1.5726112272382287,1.4985420311554256,1.6022202856818095,1.4821887463448893,1.4712602070195442,1.4716959196508947,1.5035698838823948,1.5228849780327083,1.5593217117748148,1.545549497528936,1.4870510833508312,1.5074962409783426
Blaziken,Counter,Focus Blast,40,1.5399809848948653,1.2353499261044383,1.3163720040994016,1.25800280424549,1.296768993916602,1.2774011272103485,1.4423556189094011,1.2871915249553707,1.495873079294441,1.3091961174506217,1.290958588956084,1.2486375982884974,1.356134560720336,1.3380829052582817,1.495806104132801,1.3649709978091713,1.2406156046586299,1.2359715553751163
Blaziken,Fire Spin,Focus Blast,40,2.111372430792344,1.5938233445199428,1.672186836734824,1.6042926724582738,1.6541629742782267,1.62909402142519,2.4277877520280127,2.02925027208486,2.6104768137557133,2.0410756910307373,1.581470623115985,1.547856203465604,2.0037134429277526,1.9922356740805975,2.0812945311449558,2.0205950987605004,1.5587096727113854,1.5441994248181852
Emboar,Low Kick,Focus Blast,40,,1.2867052806317805,,1.3790172408216408,,1.413355587682473,,1.3546499271471297,,1.468688563693593,1.3628633260720153,1.3777973211287295,1.480972074644829,1.4479595724634675,1.586235485400942,1.4798775544812035,1.3472770046768967,1.3499400418887928
Emboar,Ember,Focus Blast,40,,1.6175470857983145,,1.6984854918031524,,1.67398461949432,,2.0414970943781285,,2.0819011748064646,1.584141064705355,1.606882084855608,1.9880838649179142,1.956049869254227,1.9988373168673395,1.9632523071172336,1.639214183416837,1.6460128558080156
Toxicroak,Counter,Dynamic Punch,40,1.460787198404685,1.3062469000959371,1.288490815272951,1.311393081594713,1.323235134379684,1.3449182484503917,1.4028518811343373,1.3459738690819214,1.3697988791793965,1.3013654310320384,1.334087625475586,1.3212075743042178,1.3470806845893954,1.3364798041029438,1.3484512560625344,1.3389430046018387,1.3028364809247204,1.3057652050743978
Toxicroak,Poison Jab,Dynamic Punch,40,1.7842812955535141,1.5957145135285222,1.4855290869897604,1.531670158710437,1.52695260300304,1.5777743695629922,1.6372459516809366,1.588163987523247,1.6436435969592487,1.5522008063345807,1.5831068367045327,1.5851633393250264,1.5599158912887197,1.5773033487788244,1.6026720157275696,1.6254483003218492,1.613980644596334,1.6331105001963784
Shadow Hitmonlee,Low Kick,Brick Break,40,1.5177533964868373,1.3396732443250179,1.4753970816651332,1.39847979295201,1.4643189016365918,1.4283354727481983,1.5106434738272434,1.4374227194068696,1.5062699131656807,1.402174668016674,1.4592031853031837,1.380683549357018,1.4779507074780678,1.4177004685116426,1.5190256963344106,1.419419202247589,1.3610133292028748,1.3653765681423446
Shadow Hitmonlee,Rock Smash,Brick Break,40,1.5752506364333794,1.3839048399071767,1.4665478878254667,1.3815591337951627,1.4462569228965596,1.4202049907653167,1.453657670957492,1.3950399976136905,1.479961491166735,1.3966987321164364,1.4306949447269697,1.3691211014141376,1.4556699214060123,1.4089061532720755,1.5023052745491727,1.425557270086645,1.3822317940470552,1.377941498612884
Shadow Hitmonlee,Low Kick,Close Combat,40,1.6066203808579032,1.3018643424027292,1.5101594963300657,1.3601892121261283,1.4682077203387145,1.4027092838309367,1.5853726069783465,1.4136254132023405,1.5591729211946692,1.3938854684630437,1.3984715008154893,1.3321937516997522,1.4238140223775875,1.3629688511957267,1.4985141835492852,1.3817563150333334,1.2878008745523897,1.283471332802574
Shadow Hitmonlee,Low Kick,Low Sweep,40,1.648876146653788,1.4329089016419296,1.5974416262831368,1.4954070853662231,1.5933892053696972,1.5328923886165087,1.6333392623424057,1.5338768954278559,1.6240833141018793,1.4970469205325079,1.5636932923011242,1.4754595480360735,1.5866014250162834,1.5160427350671741,1.634766757773256,1.52955920903754,1.4568402793144066,1.452351380344024
Shadow Hitmonlee,Rock Smash,Low Sweep,40,1.6635288515061766,1.4754794319521656,1.5712717716893696,1.4705674874894814,1.5576784566784445,1.5206079999854867,1.5662503030459556,1.4867815851475432,1.5893229265335502,1.500091308967595,1.5232007529580085,1.4551772939025618,1.5575644234984494,1.4984141981759926,1.6012984782183635,1.5213497704174825,1.4651699718180953,1.4520527074245235
Shadow Hitmonlee,Rock Smash,Close Combat,40,1.7111598793071363,1.3803209710704074,1.4841203324956702,1.3486129458388376,1.406734552520437,1.4124677972835502,1.4897219725188349,1.3932554440793632,1.5447222576234054,1.4161924127151992,1.412993946621904,1.345000705481536,1.4407895306904273,1.378156877770931,1.560871395836562,1.4256117210079693,1.34074799275726,1.323324342143971
Shadow Hitmonlee,Rock Smash,Stone Edge,40,1.8938128064796202,,1.7453294517497118,,,,1.7535169993160118,1.6580019463337214,1.802165656871829,1.6780453142019307,1.7105529084683415,,1.747461281281002,,1.8185135415414555,,,
Shadow Hitmonlee,Low Kick,Stone Edge,40,1.8950714834897857,,1.8735398434518697,,,,1.9614215625424367,1.81776549454401,1.909279319929871,1.7610240482533033,1.7936305926639622,,1.8430721562274885,,1.889706734242047,,,
Shadow Hitmonlee,Rock Smash,Stomp,40,1.9089653104860136,,1.8071428115615376,,,,1.8017702465940133,1.711310692945348,1.8617047908708575,1.7277721045599441,1.7553940057628663,,1.808505157478031,,1.859856412167636,,,
Shadow Hitmonlee,Low Kick,Stomp,40,1.9169836552623758,,1.9192053899728028,,,,,,1.9498654257499404,1.8093304620660782,1.859924031221598,,1.9147349224450712,,1.9525360656444894,,,
Sirfetch'd,Counter,Brave Bird,40,1.5291851547440498,,,,,,,,,,,,,,,,,
Sirfetch'd,Counter,Return,40,1.5313211119036412,,,,,,,,,,,,,,,,,
Sirfetch'd,Counter,Leaf Blade,40,1.7448447422560607,,,,,,,,,,,,,,,,,
Sirfetch'd,Counter,Night Slash,40,1.7870461912104405,,,,,,,,,,,,,,,,,
Sirfetch'd,Fury Cutter,Brave Bird,40,2.0451273161501233,,,,,,,,,,,,,,,,,
Sirfetch'd,Fury Cutter,Return,40,2.0645406184709265,,,,,,,,,,,,,,,,,
Sirfetch'd,Fury Cutter,Leaf Blade,40,2.197636838439818,,,,,,,,,,,,,,,,,
Sirfetch'd,Fury Cutter,Night Slash,40,3.582852131030749,,,,,,,,,,,,,,,,,
Chesnaught,Low Kick,Superpower,40,1.5068154162143772,1.4727313681774021,1.5168514247717697,1.5240868874569313,1.560722506449136,1.5632792354405018,1.4805488235151998,1.4761767592507817,1.5337287779473205,1.5326457415559225,1.5661491959121638,,1.5697667587745419,,1.5766722630860015,,1.5937758055570985,
Chesnaught,Vine Whip,Superpower,40,1.6976773865935932,1.6771665078592415,1.672040932754244,1.6950770654099758,1.7234055138083322,1.749865187383867,1.4020951201894838,1.3927015385482209,1.434717194297386,1.4242225309965089,1.6768584344456756,,1.457169838060991,,1.4733909917783887,,1.8151950182151333,
Chesnaught,Smack Down,Superpower,40,1.8655573960590395,1.8826463411016117,1.9148125978744883,1.9728829666473453,1.912347260999779,1.9615128311223862,1.8444997263213845,1.8775951634145605,1.9169177777854318,1.94735786142855,1.9435308513972283,,1.9778067262002235,,1.9220878303215028,,2.0208487715495527,
Chesnaught,Low Kick,Solar Beam,40,1.889560976759971,1.803608783142062,1.9177199567597372,1.8819621606552344,1.9365900818667545,1.930215063728157,,,,,1.9456011439436052,,,,,,1.8977793920881634,
Chesnaught,Low Kick,Return,40,1.926773318556907,1.8947802019732514,1.977250210266627,1.9790367504021285,2.043073357337713,2.054162244092244,,,,,2.0861206066103026,,,,,,2.0145625731500743,
Chesnaught,Low Kick,Energy Ball,40,2.2449737552811553,2.1143749055618533,2.2590209169028843,2.2036802769949704,2.3229892110722665,2.2875301013479445,,,,,2.324051309597829,,,,,,2.2549033500968427,
Chesnaught,Vine Whip,Solar Beam,40,2.2768462041791127,2.1710099252583395,2.2395497294931013,2.2026555106093615,2.25523578532192,2.269672399673637,,,,,2.146911714930429,,,,,,2.2738736418685366,
Chesnaught,Vine Whip,Return,40,2.4016373790818686,2.3937418060327182,2.385341193497624,2.40673747959837,2.4860877021814907,2.518929928733372,,,,,2.377283453116158,,,,,,2.5631306913464695,
Chesnaught,Low Kick,Gyro Ball,40,2.423290598470539,2.2809069091670207,2.4612138159532067,2.3828285400518854,2.520463124471166,2.47066829716737,,,,,2.5297911831751563,,,,,,2.4446919528562776,
Chesnaught,Smack Down,Solar Beam,40,2.461570834635113,2.4473930928791825,2.553945852674247,2.5666833353784164,2.509529736700539,2.525411289972677,,,,,2.4922557974967514,,,,,,2.4925881261246157,
Blaziken,Counter,Blaze Kick,40,1.6068834175314555,,,,,,1.8146827952375755,,1.8899856366874135,,,,,,1.8868920108354466,,,
Blaziken,Counter,Return,40,1.6368962093581603,,,,,,1.5936632778283664,,1.641215267133503,,,,,,1.647599903270048,,,
Blaziken,Counter,Brave Bird,40,1.6500365901823784,,,,,,1.5659213471819433,,1.6305480447639353,,,,,,1.589382221881904,,,
Blaziken,Counter,Overheat,40,1.7264286803028608,,,,,,1.850014787809513,,1.9098420035615502,,,,,,1.92784173858038,,,
Blaziken,Counter,Blast Burn,40,1.72837945492839,,,,,,1.8562056730202872,,1.9204915904010358,,,,,,1.924370087035808,,,
Blaziken,Counter,Stone Edge,40,1.7640531142918978,,,,,,1.692234775429409,,1.751061748466363,,,,,,1.7257208124076011,,,
Blaziken,Fire Spin,Blaze Kick,40,2.0558833560565803,,,,,,,,,,,,,,,,,
Blaziken,Fire Spin,Blast Burn,40,2.1765642618762304,,,,,,,,,,,,,,,,,
Toxicroak,Counter,Return,40,1.793830701563062,,,,,,1.8393035816491197,,,,,,,,,,,
Toxicroak,Counter,Sludge Bomb,40,1.8214399099940461,,,,,,1.7984527369111225,,,,,,,,,,,
Toxicroak,Counter,Mud Bomb,40,2.1028371917940305,,,,,,2.1842045783058253,,,,,,,,,,,
Toxicroak,Poison Jab,Sludge Bomb,40,2.412657845162475,,,,,,2.2363984644005357,,,,,,,,,,,
Toxicroak,Poison Jab,Return,40,2.5248263755845377,,,,,,2.435802869751473,,,,,,,,,,,
Toxicroak,Poison Jab,Mud Bomb,40,2.95394479219387,,,,,,2.8462452293693397,,,,,,,,,,,
Leavanny,Bug Bite,X-Scissor,40,1.5634504078815843,1.5129189711387818,1.5852456258798335,1.5830573668946037,1.7025042318070216,1.5949777746265648,1.5707951592626257,1.5589687745596204,1.5941032574064058,1.5534669217668637,,,,,,,,
Leavanny,Bug Bite,Silver Wind,40,1.7536265965572388,1.6966302962722648,1.819316860001353,1.7631022491979254,1.9356132135207313,1.8033770654827241,1.757716820529312,1.7240881376801178,1.799374214237246,1.7115153051777892,,,,,,,,
Leavanny,Bug Bite,Leaf Storm,40,1.814074293649477,1.7273331395368057,1.8323107887519159,1.8214637216783782,2.0290525438692146,1.8310461927662427,,1.3877670149877641,,,,,,,,,,
Leavanny,Razor Leaf,X-Scissor,40,1.8650281226499548,1.836842516441914,1.9559061630137493,1.9534329417212892,2.0901299442680004,1.9604135432746606,1.5748102786523182,1.5548931152898229,1.5748297585792372,1.5197848884826264,,,,,,,,
Leavanny,Bug Bite,Leaf Blade,40,1.893542190711904,1.8315877906848537,1.953125512903798,1.9353799567811452,2.065031965480042,1.9374909387931825,,1.3593257681244562,,,,,,,,,,
Leavanny,Bug Bite,Return,40,1.9589426153096017,1.9113588435343547,2.0040269090231506,2.0053893675866803,2.0830416201121134,1.9757336535073124,,1.908153845707688,,,,,,,,,,
Leavanny,Razor Leaf,Silver Wind,40,1.9597742103636535,1.9250807507616667,2.056510990658929,2.0453690160137716,2.216333948533401,2.07849253870562,1.7463293324324571,1.7122694839481325,1.736035381282227,1.6751378391767848,,,,,,,,
Leavanny,Razor Leaf,Leaf Blade,40,2.165661061224765,2.1312041547386746,2.280555282574097,2.301947723565674,2.4145592816218473,2.2938122861120553,,1.3992739156066718,,,,,,,,,,
Leavanny,Razor Leaf,Leaf Storm,40,2.320018114035051,2.2024851370937473,2.4578965169125837,2.4128702648836278,2.6513808483755037,2.3911570482696436,,1.447874672348514,,,,,,,,,,
Leavanny,Razor Leaf,Return,40,2.413003957129275,2.355373064522736,2.5789636375935037,2.559407237335587,2.6290321602167217,2.481064553284582,,1.7829985802286796,,,,,,,,,,
Marshadow,Counter,Aura Sphere,40,0.8555033908025167,0.8649899487055713,0.9056448453088526,0.9187428026333826,0.9172977282692292,0.9213244608213447,0.8984956423866108,0.9109783081976776,0.8950627404649303,0.8910220632757468,0.9268124047239645,0.9367399111275312,0.9217110475844998,0.938849812495264,0.9232098664783058,0.9240541529695054,0.9453596253021339,0.9543114227823121
Kommo-o,Counter,Aura Sphere,40,1.087965787968946,1.0638533893979127,1.0451394141123047,1.0587121828602173,1.0674413769035929,1.090986988598337,1.0523402645809885,1.0759044879605297,1.0639367876468622,1.0595757485784059,1.0860620482759635,1.1224067903837645,1.087952220171845,1.1231958298603615,1.078459875365305,1.0913225721256792,1.1293508698915,1.1354924363863188
Tapu Lele,Charm,Play Rough,40,1.0996128767125595,1.1116846292503233,1.1507820642248086,1.168348375391026,1.1993493914251252,1.1910389634538756,1.1062712809075632,1.1274455012057907,1.153762120121382,1.155441824311138,1.169633066384168,1.1630491391168787,1.1550347735989408,1.1700358067564611,1.1654072333017342,1.157036570302875,1.1638001410507621,1.1721248552997663
Buzzwole,Counter,Dynamic Punch,40,1.1053185872231632,1.0986172142115984,1.1124642482920224,1.1436664970702257,1.1375731987729163,1.1649465428481887,1.1012340114620105,1.1189786595154716,1.1210763184453176,1.114632754131339,1.1287225336819138,1.1585898429533024,1.1559142104362654,1.1734325876511367,1.1575008605251609,1.1600147300496524,1.1648553146853804,1.177412230879581
Marshadow,Counter,Close Combat,40,1.1079209534163608,1.0805432121971132,1.1667300125458022,1.1689502459490666,1.2089441161843926,1.171192898523403,1.174096881396769,1.1486495600863216,1.1458038116167164,1.1323456930157147,1.1929292141197105,1.182533005351553,1.1596651953394344,1.168648214523146,1.1797160407481444,1.1591921928472773,1.180890422954552,1.1893721773920798
Volcarona,Bug Bite,Bug Buzz,40,1.128680808133547,1.1027665716639656,1.1513779324058204,1.1753681278144497,1.1890730124535926,1.163334838558207,1.2300591595692123,1.1701046371877344,1.2645486578741607,1.1574295374668684,1.1777554493343116,1.1867579640474557,1.2004407372840096,1.18139135233591,1.2412228823758509,1.182248280805552,1.197340067926582,1.2041156566680769
Vikavolt,Bug Bite,Bug Buzz,40,1.2128151534724463,1.1663162944285062,1.2549610799345015,1.2251386078682138,1.284034291855381,1.257251346501002,1.2543497820985028,1.2193875221696857,1.262967109047509,1.227654974203632,1.261942870961876,1.2214358916906831,1.2745173882681051,1.2320150396955316,1.2443034480137203,1.2357085859141015,1.2414818710223543,1.231216152321347
Tapu Lele,Charm,Moonblast,40,1.2440663271793897,1.2203292445948322,1.2753326552048487,1.2885903352618726,1.3344649495967178,1.3193890399572952,1.2306658346614592,1.237006192390407,1.317406130413367,1.2793263753475796,1.2924347909461131,1.2647779863311723,1.284346097727361,1.2829388740279848,1.319127113870895,1.271737294568051,1.2783283224846027,1.268882076136007
Buzzwole,Counter,Superpower,40,1.211580097972424,1.182973478399812,1.2298358835473864,1.2325106622424415,1.2413042261651177,1.2658236449914786,1.20706128318197,1.202777067731005,1.230488455961119,1.2078431634203668,1.2224918635790931,1.2498766218150041,1.2688513954600094,1.2744453133823908,1.2737507769062484,1.2590042692465613,1.2712955578425824,1.2668520213506993
Vikavolt,Bug Bite,X-Scissor,40,1.28365071491911,1.241554232529973,1.320993096617994,1.3139499147996083,1.3452796602239259,1.33909352707447,1.3299765144591453,1.295875371669783,1.3488700516321475,1.3143970255361526,1.340434681851134,1.313872156618031,1.3708070661891647,1.3418960853471802,1.343082002043474,1.3204977267023357,1.3191971452756939,1.3284807464473143
Tapu Lele,Charm,Draining Kiss,40,1.2915723841388087,1.2982029354273847,1.352503455519834,1.3565482109971398,1.4162170458597299,1.3938396946091731,1.3049383785729223,1.314348928998591,1.371862787309307,1.3500107922729327,1.371847407366689,1.357396192885578,1.3697100694737663,1.376429750417829,1.391803327275109,1.3623385617915509,1.364025723403033,1.3634921992451876
Crabominable,Rock Smash,Dynamic Punch,40,1.2813033431384355,1.2768783990671655,1.3768895854524847,1.3055201331169481,1.2837150389647776,1.3149807770135076,1.284213992516952,1.3085736870429607,1.2603584283711589,1.2915794583179736,1.274223022308361,1.304235632465191,1.2882160787599435,1.3158066921248008,1.28491713564962,1.307948062877343,1.3008530134299532,1.3142648590114427
Marshadow,Low Kick,Brick Break,40,1.2642861293313472,1.2587668624006016,1.3267266431746625,1.3449497140562934,1.3622568616242707,1.3622721508050886,1.34468609437705,1.3540018121038095,1.3227722915511342,1.3121099977814958,1.3995488348432477,1.4103109280920865,1.3558489846960917,1.3776859535148378,1.4004754160687318,1.4016829183610884,1.4267121001403915,1.448552539374672
Golisopod,Bug Bite,Bug Buzz,40,1.3350041727123978,1.311292653665171,1.3863120318456623,1.3933305985693316,1.4471577317059374,1.4217490430836477,1.375236917370719,1.3589459471888157,1.3780451428236824,1.3512918534185818,1.4453748478570458,1.4132113433730655,1.3844429909040106,1.4000159411193667,1.370604437334459,1.4034627333253111,1.4445507137752358,1.4417943765786336
Buzzwole,Counter,Brick Break,40,1.32640434298938,1.3012023181769357,1.341000524549825,1.3575783681878835,1.3608312950944708,1.378314587564101,1.3172669545360252,1.3164877003557507,1.344170871753185,1.3167407002133436,1.3323214605149427,1.3718069322919564,1.3914137371687219,1.400526450105726,1.3857066864970604,1.3830013845929703,1.389844580515221,1.3977755595781487
Pheromosa,Bug Bite,Bug Buzz,40,1.2783480016876116,1.0524175809967036,1.2450827984669361,1.0317482483733889,1.1959929894795176,1.0851274207878558,1.2643006032593165,1.072194688058385,1.207405682636236,1.068902407494208,1.1040791853915068,1.0573344624664887,1.1115283053644085,1.0897339548701905,1.096144931297485,1.0412494029926271,1.0372664023298799,1.0221467935502015
Buzzwole,Bug Bite,Fell Stinger,40,1.3938198381947609,1.3548149405657404,1.3978036805274598,1.3972188579604992,1.439885514851781,1.4435198255047779,1.3983945437565035,1.387813166877195,1.450177354188266,1.4173217481814102,1.4580655830546112,1.4958173409014632,1.4661714675112294,1.4866333177972946,1.4786212406725983,1.4739601204169108,1.4580928345647812,1.4695289484374623
Kommo-o,Counter,Close Combat,40,1.4200595043103994,1.3440977303586752,1.3326890517134657,1.3104131872442257,1.3555753763657918,1.3719937769256734,1.3390150735683108,1.3517493596114627,1.3488940249308525,1.3276458666595496,1.356681558722378,1.3865110172612698,1.3692779971346936,1.3962519783429526,1.3336430383739033,1.3811232240198072,1.3925313009343436,1.3920027141382056
Golisopod,Struggle Bug,X-Scissor,40,1.4935320852530198,1.4920108309021243,1.526514270690683,1.5624628483679466,1.6121329141540353,1.6126716753818024,1.5137955683225959,1.5260128869001135,1.5325622840767006,1.5235083060468424,1.6277130462607041,1.6072072571252434,1.5361448448350685,1.5754809678761423,1.534740865968321,1.5623746624127781,1.5955082205853135,1.605113087182367
Crabominable,Rock Smash,Close Combat,40,1.5340730809944108,1.4675478620165932,1.6207140769518422,1.5064071515961148,1.5601605910288572,1.5301195648443766,1.5103341378457118,1.524949280564959,1.4985413487736072,1.4844847148387916,1.4835735006100494,1.4891506188536767,1.5086640270405027,1.5078293771239932,1.4914511123930023,1.5013706689301347,1.4831490006393422,1.4737692277571854
Pheromosa,Bug Bite,Silver Wind,40,1.4946774126993618,1.2370995346581881,1.5078993630101758,1.2302144359600586,1.4266549470775771,1.3056355830927213,1.479825637146311,1.2761876550738702,1.3825012141649127,1.2856300635693234,1.3030005172301038,1.2690301264156372,1.3093135674679783,1.2809414982364689,1.3144742374512892,1.258003634514096,1.232788840982685,1.2100960792254463
Buzzwole,Bug Bite,Lunge,40,1.5330051445206938,1.4714294973909232,1.533274913883213,1.519618166705258,1.58786120127962,1.5667343992663652,1.5400771715377573,1.50906114048196,1.5958751459581224,1.5428794851735523,1.5871419576882893,1.6116934626542472,1.5993085851246394,1.5998135675367324,1.6083423992313524,1.596412714437294,1.5818027332586961,1.578561974473541
Togekiss,Hidden Power Ice,Dazzling Gleam,40,,,,1.5675540787601763,,,,,,,1.582105497631216,,,,,,,
Virizion,Quick Attack,Sacred Sword,40,,,,,,,,,,,,,,,,,,
Virizion,Zen Headbutt,Sacred Sword,40,,,,,,,,,,,,,,,,,,
Virizion,Quick Attack,Close Combat,40,,,,,,,,,,,,,,,,,,
Virizion,Zen Headbutt,Close Combat,40,,,,,,,,,,,,,,,,,,
Shadow Gallade,Confusion,Close Combat,40,,,,,,,,,,,2.1258571017052716,2.0463794003325337,,,,,,
Scyther,Fury Cutter,Bug Buzz,40,,,,,,,,,,,,,,,,,,
Scyther,Fury Cutter,X-Scissor,40,,,,,,,,,,,,,,,,,,
Scyther,Air Slash,Bug Buzz,40,,,,,,,,,,,,,,,,,,
Scyther,Steel Wing,Bug Buzz,40,,,,,,,,,,,,,,,,,,
Scyther,Air Slash,X-Scissor,40,,,,,,,,,,,,,,,,,,
Scyther,Steel Wing,X-Scissor,40,,,,,,,,,,,,,,,,,,
Shadow Gallade,Charm,Leaf Blade,40,,,1.7809457467432603,,,,,,,,,,,,,,,
Shadow Gallade,Low Kick,Leaf Blade,40,,,1.7960109198255585,,,,,,,,,,,,,,,
Shadow Gallade,Charm,Synchronoise,40,,,2.0359328116764024,,,,,,,,,,,,,,,
Shadow Gallade,Charm,Frustration,40,,,2.0359328116764024,,,,,,,,,,,,,,,
Shadow Gallade,Charm,Psychic,40,,,2.0359328116764024,,,,,,,,,,,,,,,
Shadow Gallade,Low Kick,Synchronoise,40,,,2.228963573779656,,,,,,,,,,,,,,,
Shadow Gallade,Low Kick,Frustration,40,,,2.228963573779656,,,,,,,,,,,,,,,
Shadow Gallade,Low Kick,Psychic,40,,,2.228963573779656,,,,,,,,,,,,,,,
Pinsir,Bug Bite,Return,40,,,1.7378534298028536,,1.7949546365150386,1.7666779495541545,1.6835700354824117,1.6537104420514144,1.7700636876857843,1.7260602866040706,,,,,,,,
Scizor,Fury Cutter,Return,40,,,1.988793777894628,1.9869648791612524,1.955646521986211,1.9456456091905088,1.7428199977839114,1.7380631700879414,1.8379641984961574,1.8115273484869967,,,,,,,,
Scizor,Fury Cutter,Iron Head,40,,,2.072924729014497,2.013625131625492,2.0231901204804292,1.975595552778591,2.322320511399943,2.2600406252628154,2.4364313540435996,2.344900492574683,,,,,,,,
Scizor,Bullet Punch,Return,40,,,2.2099330082230524,2.2059893385276736,2.2628927739496922,2.253192908501124,2.6273926050955043,2.6500582284385956,2.7368369712354856,2.7212819952527347,,,,,,,,
Scizor,Bullet Punch,Iron Head,40,,,2.2734308494005964,2.2058155492383307,2.302090962352577,2.2699020384332735,3.5173217319149255,3.4868179183674997,3.654215132800363,3.567327603031178,,,,,,,,
Scizor,Fury Cutter,Night Slash,40,,,3.223045732831842,3.2832315669119567,3.149611004381727,3.162306150645142,2.5535924379724286,2.576458642065583,2.8159666302704225,2.798650215261642,,,,,,,,
Scizor,Bullet Punch,Night Slash,40,,,3.4943378483757463,3.3776380675041753,3.6515485888491415,3.5429518966513704,4.1646824619911635,4.11926286235344,4.3275484890966265,4.2174044833804,,,,,,,,
Shadow Hitmonchan,Counter,Close Combat,40,,,,,,,,,,,1.4238035744902333,1.3396437748248575,1.4593026628550698,1.3935676511082293,1.4938664640517771,1.4184156525229739,1.3306090276254225,1.3199214477865933
Shadow Hitmonchan,Counter,Power-Up Punch,40,,,,,,,,,,,1.4589301523196425,1.3819118384321525,1.501327829379891,1.4299594037592445,1.525994668148152,1.4321610008464232,1.391859356006286,1.3736280955358857
Shadow Hitmonchan,Counter,Brick Break,40,,,,,,,,,,,1.5043591761353212,1.4258926852414247,1.525395026027879,1.45843102928162,1.5435345770033202,1.4658844601259073,1.419889781729124,1.4142794006421908
Shadow Hitmonchan,Rock Smash,Close Combat,40,,,,,,,,,,,1.6159350737951115,1.5377643544358488,1.6531503316544391,1.5779288411306611,1.7090859723520024,1.601146237175308,1.5118773828209962,1.493984745373305
Shadow Hitmonchan,Rock Smash,Power-Up Punch,40,,,,,,,,,,,1.5991023813736704,1.518043430502159,1.6203856414519218,1.559615676053579,1.639623825130742,1.5578847254750958,1.5186546224255648,1.5083892269542842
Shadow Hitmonchan,Rock Smash,Brick Break,40,,,,,,,,,,,1.6599519635892972,1.5809285668714368,1.653522630559792,1.6031831841921282,1.6949319594829324,1.60939518384431,1.5655129238467123,1.5583597112404606
Shadow Hitmonchan,Bullet Punch,Power-Up Punch,40,,,,,,,,,,,1.8346025335113474,1.77277924341285,,,,,,
Shadow Poliwrath,Rock Smash,Hydro Pump,40,,1.7595717651877356,,,,,,,,,,,,,,,1.7801594871703126,1.7803765803858
Mienshao,Low Kick,Brick Break,40,,1.4340892555614784,,1.4169412982393632,,1.4937859207403104,,1.447793844398532,,1.4749480152726508,,1.4520249642744696,,1.4898227032993112,,1.4790282446324807,,1.4777320636353266
Mienshao,Low Kick,Return,40,,1.6865729343691336,,1.6474017089365687,,1.7518054005775283,,,,1.7241585113001938,,1.6984734459281727,,,,,,1.7109524808576944
Mienshao,Low Kick,Grass Knot,40,,1.7125610570996626,,1.689996873333022,,1.8026354638136028,,,,1.3592703956443923,,1.734535427278141,,,,,,1.730802042711598
Mienshao,Poison Jab,Brick Break,40,,1.7453555470964266,,1.6996285991967186,,1.7593388066675968,,1.753531924554504,,1.7539801468883391,,1.7592311521395467,,1.7612190095346476,,1.7692853333556722,,1.791693240019781
Mienshao,Low Kick,Stone Edge,40,,1.817324915807516,,1.7607548872782646,,1.9040197667722842,,,,1.885521440259682,,1.8087602874179696,,,,,,1.8143765440373394
Mienshao,Poison Jab,Grass Knot,40,,2.156342203381157,,2.0739544020031206,,2.1786376389567716,,,,1.6022505308563928,,2.17237214614514,,,,,,2.1423917471291962
Mienshao,Poison Jab,Return,40,,2.208120272574384,,2.118331253167098,,2.2040502139389666,,,,2.1706643669839853,,2.239010071823942,,,,,,2.2398337028722723
Mienshao,Poison Jab,Stone Edge,40,,2.4751546337699644,,2.3228332428876026,,2.490505442620016,,,,2.4730867401831187,,2.4567095583677214,,,,,,2.420970797291802
Tapu Koko,Quick Attack,Thunderbolt,40,,1.9062565159967708,,,,,,,,,,,,,,,,
Tapu Koko,Volt Switch,Thunderbolt,40,,1.9126394990827025,,,,,,,,,,,,,,,,
Tapu Koko,Quick Attack,Brave Bird,40,,2.0013350954394893,,,,,,,,,,,,,,,,
Tapu Koko,Volt Switch,Brave Bird,40,,2.035234284226529,,,,,,,,,,,,,,,,
Tapu Koko,Volt Switch,Return,40,,2.0814155894842217,,,,,,,,,,,,,,,,
Tapu Koko,Quick Attack,Return,40,,2.0967351673369694,,,,,,,,,,,,,,,,
Tapu Koko,Quick Attack,Thunder,40,,2.172074411338863,,,,,,,,,,,,,,,,
Tapu Koko,Volt Switch,Thunder,40,,2.2137412645629326,,,,,,,,,,,,,,,,
Granbull,Charm,Return,40,,1.6901205238933588,,,,,,1.7087476059225222,1.824865408527743,1.7362461905945428,1.7588768334152178,,1.7672223123800768,,,,1.761386459315141,
Granbull,Charm,Crunch,40,,1.988189389058469,,,,,,1.9652669745945037,2.129544886212942,2.020612140389623,2.0290788782452327,,2.0509390450496365,,,,1.9944930882301708,
Granbull,Snarl,Return,40,,2.7878534350922717,,,,,,2.896970132601753,3.0906025357963367,2.954786214581078,2.9634369697636767,,3.0214115929620085,,,,3.044440759150645,
Granbull,Bite,Return,40,,3.1862873237027314,,,,,,3.297979964114213,3.474076597444914,3.394222681120862,3.208074860771966,,3.4422949547256625,,,,3.5121751618835266,
Sawk,Low Kick,Focus Blast,40,,,,,,,,,,,,,,,,,,
Sawk,Low Kick,Low Sweep,40,,,,,,,,,,,,,,,,,,
Sawk,Poison Jab,Focus Blast,40,,,,,,,,,,,,,,,,,,
Sawk,Poison Jab,Low Sweep,40,,,,,,,,,,,,,,,,,,
Genesect,Fury Cutter,Return,40,,,,1.8850495517673882,,,,,,,,,,,,,,
Genesect,Fury Cutter,Magnet Bomb,40,,,,1.9117024111274432,,,,,,,,,,,,,,
Genesect,Metal Claw,Magnet Bomb,40,,,,2.0100371657508287,,,,,,,,,,,,,,
Genesect,Fury Cutter,Hyper Beam,40,,,,2.0239100177075113,,,,,,,,,,,,,,
Genesect,Metal Claw,Return,40,,,,2.049591967392303,,,,,,,,,,,,,,
Genesect,Metal Claw,Hyper Beam,40,,,,2.159825563814041,,,,,,,,,,,,,,
Genesect (Burn),Fury Cutter,Techno Blast Burn,40,,,,1.849603724481597,,,,,,,,,,,,,,
Genesect (Burn),Fury Cutter,Magnet Bomb,40,,,,1.9117024111274432,,,,,,,,,,,,,,
Genesect (Burn),Metal Claw,Magnet Bomb,40,,,,2.0100371657508287,,,,,,,,,,,,,,
Genesect (Burn),Fury Cutter,Flamethrower,40,,,,2.0597508113161727,,,,,,,,,,,,,,
Genesect (Burn),Metal Claw,Techno Blast Burn,40,,,,2.067274424326188,,,,,,,,,,,,,,
Genesect (Burn),Metal Claw,Flamethrower,40,,,,2.1894226242336714,,,,,,,,,,,,,,
Yanmega,Bug Bite,Return,40,,,,,1.9107332518492781,,,,,,,,,,,,,
Yanmega,Bug Bite,Aerial Ace,40,,,,,2.247351073076456,,,,,,,,,,,,,
Yanmega,Wing Attack,Return,40,,,,,2.4185111167496447,,,,,,,,,,,,,
Yanmega,Wing Attack,Aerial Ace,40,,,,,2.6214776965077378,,,,,,,,,,,,,
Yanmega,Bug Bite,Ancient Power,40,,,,,2.850976466436208,,,,,,,,,,,,,
Yanmega,Wing Attack,Ancient Power,40,,,,,3.3010607082500254,,,,,,,,,,,,,
Primarina,Charm,Hydro Pump,40,,,,,1.5789154471231523,,,,,,,,,,,,1.5475282454622237,
Primarina,Charm,Return,40,,,,,1.603802991998658,,,,,,,,,,,,1.5749732351941426,
Primarina,Charm,Psychic,40,,,,,1.8638173333541619,,,,,,,,,,,,1.780262944797176,
Primarina,Waterfall,Hydro Pump,40,,,,,2.1522586800766024,,,,,,,,,,,,2.0707696070446286,
Primarina,Waterfall,Return,40,,,,,2.210445893914919,,,,,,,,,,,,2.1559313587482074,
Primarina,Waterfall,Psychic,40,,,,,2.9897759451364285,,,,,,,,,,,,2.736853230938138,
Togekiss,Hidden Power Grass,Dazzling Gleam,40,,,,,,,1.3766717514514963,1.4049904526903776,1.4307180622961322,1.420621614904346,,,1.438350752565154,1.4775714526720318,1.448202498308573,1.466172082118329,,
Togekiss,Hidden Power Electric,Dazzling Gleam,40,,,,,,,1.3766717514514963,1.4049904526903776,1.4307180622961322,1.420621614904346,,,1.438350752565154,1.4775714526720318,1.448202498308573,1.466172082118329,,
Gallade,Low Kick,Close Combat,40,,,,,,,,,,,,,,,,,,
Gallade,Charm,Close Combat,40,,,,,,,,,,,,,,,,,,
Mega Altaria,Dragon Breath,Dazzling Gleam,40,,,,,,,,,,,,,,,,,,
Mega Altaria,Peck,Dazzling Gleam,40,,,,,,,,,,,,,,,,,,
Mega Altaria,Dragon Breath,Moonblast,40,,,,,,,,,,,,,,,,,,
Mega Altaria,Peck,Moonblast,40,,,,,,,,,,,,,,,,,,
Togekiss,Hidden Power Ground,Dazzling Gleam,40,,,,,,,1.5323667243460664,,1.5612914581345603,,,,,,,,,
Blaziken,Splash,Focus Blast,40,,,,,,,,2.6770515322717294,,,,,2.507623315751328,2.5054480383844995,2.5984690373037553,2.482341798281864,,
Blaziken,Fire Spin,Return,40,,,,,,,2.7354913676682666,,2.7859648736062934,,,,,,,,,
Blaziken,Fire Spin,Brave Bird,40,,,,,,,2.91653552031845,,3.019496905171137,,,,,,2.65920329667544,,,
Shadow Hitmonlee,Rock Smash,Frustration,40,,,,,,,1.9528102253328925,1.8733854399488932,,,,,,,,,,
Sylveon,Charm,Return,40,,,,,,,1.6949794345308264,,1.7938009045098045,,,,,,,,,
Sylveon,Charm,Last Resort,40,,,,,,,1.8709925244498726,,1.9933522318245538,,,,,,,,,
Sylveon,Charm,Psyshock,40,,,,,,,1.96703130766725,,2.09344640279964,,,,,,,,,
Sylveon,Quick Attack,Return,40,,,,,,,2.475286987644056,,2.507800622065768,,,,,,,,,
Pinsir,Rock Smash,Close Combat,40,,,,,,,,,,,,,,,,,,
Poliwrath,Rock Smash,Dynamic Punch,40,,,,,,,,,,,,,,,,,,
Poliwrath,Mud Shot,Dynamic Punch,40,,,,,,,,,,,,,,,,,,
Poliwrath,Bubble,Dynamic Punch,40,,,,,,,,,,,,,,,,,,
Poliwrath,Rock Smash,Power-Up Punch,40,,,,,,,,,,,,,,,,,,
Poliwrath,Rock Smash,Submission,40,,,,,,,,,,,,,,,,,,
Poliwrath,Mud Shot,Power-Up Punch,40,,,,,,,,,,,,,,,,,,
Poliwrath,Bubble,Power-Up Punch,40,,,,,,,,,,,,,,,,,,
Poliwrath,Mud Shot,Submission,40,,,,,,,,,,,,,,,,,,
Poliwrath,Bubble,Submission,40,,,,,,,,,,,,,,,,,,
Emboar,Low Kick,Blast Burn,40,,,,,,1.6671109524082361,,2.0693619397713703,,2.210342100039533,,1.6401410979812054,2.329656177922161,2.2500820288541408,2.32839494305266,2.2367040415828443,,
Emboar,Low Kick,Return,40,,,,,,1.8423381005170723,,1.6867409433131342,,1.8196353979880004,,1.8066460399196462,1.891605761160339,1.8873856421268738,1.9415466936263601,1.8794320191567626,,
Emboar,Ember,Blast Burn,40,,,,,,1.9195051896999076,,3.194568494333965,,3.1100552290814227,,1.8897704507672342,3.138515937256987,3.122306093796688,3.2939234393495123,3.173012255532627,,
Emboar,Low Kick,Heat Wave,40,,,,,,2.0104466738435707,,2.120819763614497,,2.3401337441180448,,1.9401097964884033,2.4629410218319894,2.388772984163248,2.457227227864948,2.367953289486569,,
Emboar,Low Kick,Rock Slide,40,,,,,,2.0165016386894896,,1.8875570114621574,,2.0216143038483545,,1.9667174882605802,2.1196010233446834,2.076317215408128,2.1287473114835707,2.047191345631695,,
Emboar,Ember,Return,40,,,,,,2.2777182222059618,,2.812331130278001,,2.7163511775587446,,2.275523946374364,2.7864214071136257,2.8069716305263137,2.908043126818015,2.852309913361905,,
Emboar,Low Kick,Flame Charge,40,,,,,,2.2998920440827804,,2.2003982154050368,,2.5006225490114313,,2.2194924119460593,2.597398937736496,2.578891027079887,2.568826122000667,2.532489228962502,,
Emboar,Ember,Rock Slide,40,,,,,,2.4283778780622716,,2.881272814424247,,2.8491264931117946,,2.3861408983999244,2.8686456764494874,2.8868732745346692,2.9737292771765382,2.8864823946360523,,
Shadow Hitmonchan,Counter,Frustration,40,,,,,,,,,,,1.901560526835866,,1.9901680411863925,1.9136207571960213,2.004060178036072,1.8979813877468221,,
Shadow Hitmonchan,Counter,Fire Punch,40,,,,,,,,,,,1.901560526835866,,1.9901680411863925,1.9136207571960213,2.004060178036072,1.8979813877468221,,
Shadow Hitmonchan,Counter,Thunder Punch,40,,,,,,,,,,,1.901560526835866,,1.6763685289199879,1.5958530571921612,1.6986656869673542,1.5878719572434614,,
Togekiss,Hidden Power Dragon,Dazzling Gleam,40,,,,,,,,,,,,,,,,,,
Shadow Hitmonchan,Rock Smash,Thunder Punch,40,,,,,,,,,,,,,1.819677998162738,1.7421808809505765,1.8446094215286377,1.7352854875389463,,
Shadow Pinsir,Rock Smash,Submission,40,,,,,,,,,,,,,,,,,,
