Attacker,Fast Move,Charged Move,Level,"Arceus (Dragon), Tier 5","Arceus (Dragon), Tier 5","Kyurem (Black), Tier 5","Kyurem (Black), Tier 5","Kyurem (White), Tier 5","Kyurem (White), Tier 5","Kyurem, Tier 5","Kyurem, Tier 5","Giratina, Tier 5","Giratina, Tier 5","Giratina (Origin), Tier 5","Giratina (Origin), Tier 5","Latias, Tier 5","Latias, Tier 5","Latios, Tier 5","Latios, Tier 5","Palkia, Tier 5","Palkia, Tier 5","Reshiram, Tier 5","Reshiram, Tier 5","Zekrom, Tier 5","Zekrom, Tier 5","Mega Ampharos, Mega Tier","Mega Ampharos, Mega Tier","Mega Charizard X, Mega Tier","Mega Charizard X, Mega Tier","Mega Latias, Mega Tier","Mega Latias, Mega Tier","Mega Latios, Mega Tier","Mega Latios, Mega Tier","Druddigon, Tier 3","Druddigon, Tier 3"
(Boss weights),,,,6.25,0.0,2.083333333333333,0.0,2.083333333333333,0.0,2.083333333333333,0.0,3.125,0.0,3.125,0.0,6.25,0.0,6.25,0.0,6.25,0.0,6.25,0.0,6.25,0.0,8.75,0.0,8.75,0.0,8.75,0.0,8.75,0.0,15.0,0.0
(Weather),,,,Extreme,Extreme,Extreme,Extreme,Extreme,Extreme,Extreme,Extreme,Extreme,Extreme,Extreme,Extreme,Extreme,Extreme,Extreme,Extreme,Extreme,Extreme,Extreme,Extreme,Extreme,Extreme,Extreme,Extreme,Extreme,Extreme,Extreme,Extreme,Extreme,Extreme,Extreme,Extreme
(Friendship),,,,Best Friend,Best Friend,Best Friend,Best Friend,Best Friend,Best Friend,Best Friend,Best Friend,Best Friend,Best Friend,Best Friend,Best Friend,Best Friend,Best Friend,Best Friend,Best Friend,Best Friend,Best Friend,Best Friend,Best Friend,Best Friend,Best Friend,Best Friend,Best Friend,Best Friend,Best Friend,Best Friend,Best Friend,Best Friend,Best Friend,No Friend,No Friend
(Attack Strategy),,,,No Dodging,Dodge Specials PRO,No Dodging,Dodge Specials PRO,No Dodging,Dodge Specials PRO,No Dodging,Dodge Specials PRO,No Dodging,Dodge Specials PRO,No Dodging,Dodge Specials PRO,No Dodging,Dodge Specials PRO,No Dodging,Dodge Specials PRO,No Dodging,Dodge Specials PRO,No Dodging,Dodge Specials PRO,No Dodging,Dodge Specials PRO,No Dodging,Dodge Specials PRO,No Dodging,Dodge Specials PRO,No Dodging,Dodge Specials PRO,No Dodging,Dodge Specials PRO,No Dodging,Dodge Specials PRO
(Dodge Strategy),,,,Realistic Dodging,Realistic Dodging,Realistic Dodging,Realistic Dodging,Realistic Dodging,Realistic Dodging,Realistic Dodging,Realistic Dodging,Realistic Dodging,Realistic Dodging,Realistic Dodging,Realistic Dodging,Realistic Dodging,Realistic Dodging,Realistic Dodging,Realistic Dodging,Realistic Dodging,Realistic Dodging,Realistic Dodging,Realistic Dodging,Realistic Dodging,Realistic Dodging,Realistic Dodging,Realistic Dodging,Realistic Dodging,Realistic Dodging,Realistic Dodging,Realistic Dodging,Realistic Dodging,Realistic Dodging,Realistic Dodging,Realistic Dodging
Shadow Dragonite,Dragon Tail,Draco Meteor,40,1.0178270141664427,1.0407565191113,1.2189059159255906,1.0381482646063385,1.0910892931910787,1.0541452926217139,1.145322543630929,1.0457266191833088,1.0580399058553096,1.0465321531968121,1.0132396846239196,1.0396936241967376,1.0238104751321297,1.0569662584555535,1.0262212346514814,1.0504101373408947,1.1551977494290215,1.0989385330161712,1.101177064118498,1.0552763566255166,1.0287708218842166,1.052190478329509,1.050490400718609,1.045393293441577,1.0523060996656621,1.0472976505912361,1.1849679901093149,1.0700434629733437,1.134369766539324,1.0568490300719506,1.0754181885716974,1.044368799920309
Shadow Dragonite,Dragon Breath,Draco Meteor,40,1.041144114361567,1.0640314387651313,,1.057680199416428,1.1408952556496954,1.0916213897166,,1.0843946625075622,1.1395064904059462,1.1325938815004786,1.063155077577123,1.0909805168411664,1.053498340239341,1.0774211099682578,1.0576339520000202,1.1141239814015325,1.1857564758222237,1.1134023269676003,1.1623234055129061,1.1012823476697282,1.0691110312963437,1.089091789089146,1.1229387485721751,1.1154528154451135,1.095381324549179,1.0864123069719682,1.2390066506499577,1.1084820387118903,1.1644246020437021,1.0583383807247746,1.1327888273035491,1.1131332699901422
Shadow Dragonite,Dragon Tail,Dragon Claw,40,1.016421522403,1.0644126917355543,1.0818298902607026,1.0096501733184717,1.0,1.0496718559490696,1.0,1.051896741717412,1.0685489442526526,1.071324250295504,1.0195092990797112,1.054147746128339,1.0106502052181234,1.069799402548951,1.0420476101159972,1.0733531168943824,1.0672472665253785,1.0866509037986183,1.0318201273253802,1.0743349063620335,1.0,1.0645880999804167,1.017805844650558,1.058470918994084,1.0460536520852275,1.0655317875741654,1.0933658029933664,1.054875158628432,1.0511774140673245,1.0574986804120579,1.0824932277648875,1.079793923635535
Shadow Dragonite,Dragon Breath,Dragon Claw,40,1.0368571423390225,1.0954904077781897,1.1232512113730404,1.035345496825222,1.0452157258559993,1.0916165582324406,1.0438231882686555,1.0833062713923942,1.140911635827379,1.1617518200806867,1.0587951853930357,1.1113342646693565,1.0349588315142262,1.1027475991577178,1.0770270443798462,1.1173989855478894,1.0878604948855122,1.1056720662029875,1.071140210846954,1.1141067878499873,1.033555842844182,1.1060028328007157,1.0683107010018125,1.1248914046012553,1.0861435568675692,1.1078816525088748,1.136958021818449,1.0938645574374408,1.06839843805307,1.0763577284531187,1.1294561245110013,1.1387065533050942
Shadow Dragonite,Dragon Tail,Outrage,40,1.0,1.0305063845696474,1.1558437054074315,1.022962442641691,1.0444414175855492,1.0551725006646167,1.07022168521187,1.046353447809545,1.0327312312756438,1.0295584369244772,1.0133920542625163,1.0334004451821717,1.0,1.0285403082934257,1.0181722945357812,1.032004879534215,1.0641284579464936,1.0484700520058237,1.0156670704227713,1.0381380284643917,1.0239099307687216,1.033867166023851,1.0,1.0201484821539015,1.0345949280763345,1.0300993656213326,1.128134553151133,1.0277756371442726,1.054882790448105,1.029925726638897,1.052106041775747,1.0324725209735934
Shadow Dragonite,Dragon Breath,Outrage,40,1.0226032924467396,1.041139725758987,1.1888865882746913,1.014093771390716,1.097521679283224,1.0530916264512713,1.0834552925470824,1.0452888973461993,1.0865110687619637,1.090965050324024,1.036717947724046,1.061105767622485,1.0129494330414557,1.0521123547115974,1.042147339042775,1.0562219166929925,1.0717609399972243,1.0593226728935021,1.051923071482203,1.0593152772697934,1.0539741717949405,1.0489226770628903,1.0446425942787887,1.0637316207462473,1.0566021393315737,1.0515278279254858,1.1746641035481702,1.0351611597465542,1.0603312166841954,1.0292329830399405,1.0853011240530621,1.0755981697562453
Shadow Dragonite,Dragon Tail,Dragon Pulse,40,1.0921850632158476,1.1183771651151768,1.2165889897920004,1.0954620167851736,1.115798468387916,1.120888795224561,1.125034291808836,1.121131799775624,1.1220535416235313,1.1156266231851892,1.0881167927815665,1.1100601756749595,1.0815028548596828,1.1199446476698034,1.102196204638074,1.1268499390595665,1.145729167647273,1.141114814159278,1.0929587254973543,1.1194231263427543,1.0957463707463384,1.1135603582069566,1.0752082087660229,1.1096397038892296,1.1118679645337346,1.1150856008823893,1.200540402251704,1.1229349096384302,1.1339612548288969,1.1246712249961783,1.145130132126622,1.1283400989721808
Shadow Dragonite,Dragon Breath,Dragon Pulse,40,1.1084386175205458,1.1281724740596928,1.2597867505053668,1.1012965481156294,1.1601476385760199,1.1349950609578003,1.1617659822896016,1.1305820972142104,1.1889425941341267,1.187538810090437,1.1303728894909695,1.1502483019991752,1.103382174830501,1.1474389346763334,1.1371087494739893,1.1542242270443102,1.1626372987884617,1.1510032491403575,1.1308723717902296,1.150508405880479,1.1369200066593954,1.1441745549362208,1.1311342980164754,1.1625596850980717,1.144115726759267,1.1442147966317382,1.2421807628564412,1.1329750923873707,1.1468283753450248,1.121135837553893,1.1860165447112712,1.1689089353100164
Shadow Dragonite,Steel Wing,Dragon Claw,40,1.268566753831758,,1.1460319762118152,1.0656594597449742,1.059683964385076,1.1208605540492955,1.0743892195672469,1.1276081782025853,,,,,,,,,,,,,,,,,,,1.3855031073894404,,1.3030859651676832,,,
Shadow Dragonite,Steel Wing,Outrage,40,1.2170703643524998,1.2613773348468456,1.2116805089722706,1.0567995918690516,1.1080989398876169,1.0908444985672923,1.1112912828049364,1.0966698593221025,1.2429886924958908,1.2732644621091447,1.221310373191608,1.2820891293902827,1.2039707165064581,1.2652028701083475,1.2239950113433102,1.2735607948408245,,,,,,1.3890825138094933,1.3231164840173655,1.3746200897570073,1.336946031963497,1.3901039875783827,,1.2165504171614152,1.2409798871741662,1.2472256596588753,1.2790412027552869,1.290196608825701
Palkia,Dragon Tail,Draco Meteor,40,1.1259785218444665,1.1508984104024071,1.0367692798737038,1.08413034482334,1.0088923336510518,1.1161992071534494,1.1375997117825098,1.12139504289979,1.184927553378941,1.178557209440105,1.1447582820708018,1.1699818499009607,1.1371780590521616,1.193308009214907,1.198257527770954,1.1933812637537868,1.204630425080521,1.1781109374673426,1.2070011040544655,1.1575410287182695,1.0366927158972359,1.1667152325465169,1.133656196976157,1.181405855999584,1.1565313882604091,1.1406958799599431,1.1202564685444405,1.1809689693018177,1.221081981520495,1.1877757384677907,1.2013585894621428,1.2164986838950191
Palkia,Dragon Breath,Draco Meteor,40,1.1769944001566794,1.1861070102419387,1.0799868740408745,1.1158766114632042,1.0593379730433057,1.1577717126035358,1.1699638301211952,1.1701135082689402,1.2817739914728912,1.2772723857599213,1.203436097809565,1.217089098306277,1.15557861521914,1.2109092884537873,1.226476340719905,1.2358978440769757,1.2603836202372019,1.2103259220338598,1.261384038468726,1.1941858726739047,1.068927654561941,1.1989430948615323,1.1938997018433102,1.2409524209619434,1.1954049901706718,1.1853119670386467,1.1940960052638319,1.2533334157133982,1.253055260988248,1.226612473268212,1.285488132495313,1.2963041980108836
Salamence,Dragon Tail,Draco Meteor,40,1.1320978195428728,1.1634344902946554,1.3656907660571866,1.1738560716229633,1.1999355234958395,1.1813292241177105,1.2794969368845108,1.1774700611522055,1.218492903231259,1.1799132229085683,1.1535567308988581,1.1983973678655915,1.1751384620324177,1.2134712568510768,1.1622273347989012,1.1794271459508068,1.2791451603907362,1.2107213959371592,1.2388339382064046,1.1935905472470911,1.1155165586137272,1.1847569492688819,1.1653767794460177,1.17977124310488,1.198749702843898,1.1750583984703646,1.1774995255694924,1.1868444653140608,1.2746012359362515,1.1875719041477697,1.2229821932208633,1.2159372668221906
Salamence,Dragon Tail,Outrage,40,1.1311333517093303,1.1503970301055948,1.3048435735996797,1.1433790032267879,1.157212461732976,1.1770391537724516,1.1702323174160332,1.1738177106413403,1.1793812352898922,1.1741975633970554,1.129733997268975,1.1842096210622857,1.1226723662782299,1.1788726814988477,1.1516151244417023,1.1682406342577571,1.189301487494854,1.1598883423828281,1.158096995872912,1.1702450335262637,1.1113538637974196,1.1693927213262623,1.1135352271588825,1.1577563704392015,1.1705320960382872,1.1724647339082521,1.2061983120218014,1.1695482090012204,1.16970171838123,1.1451296236983066,1.1984036606505188,1.1829806948077195
Salamence,Bite,Outrage,40,1.3746336890055926,1.4271169260594148,1.7985502642259557,1.3653635583263564,1.4435488413335098,1.4375786050838026,1.4711798603093595,1.3831057671532712,1.2899964928144954,1.2935853952723868,1.21469566117051,1.2770117790619913,1.2247703447771499,1.3117027860242385,1.244535433713998,1.2891283104886877,1.4295940933039095,1.3999344933513131,1.4148202597047022,1.4168942136905687,1.3270643589351208,1.4068330471380732,1.3332008498429364,1.4166209612986393,1.3932662036169983,1.409323894614215,1.3465913915184136,1.2574745492406243,1.2396563310148336,1.2037109478218029,1.4261242336916728,1.440164187723696
Salamence,Fire Fang,Outrage,40,1.4219851426436771,1.5089937771090591,1.6965148684875073,1.3633826369143556,1.3757830280154788,1.4033068748223423,1.4873501446612762,1.381831443852744,1.4719190642998097,1.5136805519568632,1.406043995664334,1.5371137405219688,1.4031269676770308,1.5134156967671557,1.4148287599068454,1.49175237685964,1.5785710287371524,1.5625649609804195,1.5846130456123948,1.5954636866209524,1.4068400619424946,1.498525410637713,1.4123534341817572,1.4998310707370173,1.5377818254118334,1.579168120890428,1.5352366092206484,1.4722627444768848,1.4753567420859819,1.4909784422881431,1.5045359714113866,1.5227455964235477
Salamence,Bite,Draco Meteor,40,1.5809663809924486,1.6131084310894666,2.3012606950529233,1.6273256977646882,1.8501809661920157,1.6450163643518834,2.036247233186124,1.5918395751956878,1.4056907253958262,1.3668524405643498,1.3056849608088528,1.3597979598826861,1.3638322901486382,1.4017295403991625,1.3315548429103627,1.3936266163134623,1.8264065334742776,1.6183648789119125,1.8087345137412665,1.5933027013546948,1.484117489564394,1.5814281356258832,1.6030385845722286,1.6228773121220417,1.6154742600699517,1.5607489334855624,1.3544653037791234,1.3752908858815174,1.4263553948414074,1.290238364797213,1.635798151439749,1.6197109100020415
Salamence,Splash,Outrage,40,1.5244468159958215,1.6744218282740557,,1.7246208688812357,1.6488069836927668,1.751491346869388,1.9441019108034245,1.705667918892235,1.6103805824463253,1.6679123173244776,1.5330044436869346,1.7163770969492382,1.5342529204117563,1.6671742751477228,1.5556699499850224,1.652437343248618,1.6248556421120846,1.6444421338976007,1.6384993714339915,1.6708663462300706,1.538285440416948,1.6956641431302255,1.5260911990507786,1.6429013200821663,1.5839254057900676,1.6508977527562831,1.6971083347548286,1.6672708495519086,1.6603917174409542,1.6842319705086406,1.6070943132354596,1.6368088200331017
Salamence,Fire Fang,Draco Meteor,40,1.735734589550344,1.7698089770612557,2.1435066493148858,1.549961583799543,1.7356133111213676,1.5661091977539119,1.999273662742836,1.5733840473172824,1.8149374939258085,1.7528676348246857,1.7003284241200054,1.8345529217041259,,1.8057186365104338,1.7034133817168617,1.761790675979301,,2.002884514900249,2.491151010656808,1.9422448157791108,1.634285904608692,1.7656896970288967,1.7637071168097722,1.7828926669029452,1.9824530824645652,1.9290145505577119,,,,,1.8346407593078111,1.823419626128099
Dialga,Dragon Breath,Draco Meteor,40,1.129638956992913,1.1579283130054008,1.0,1.0876904729011052,1.1794732902570721,1.151239546019944,1.0407230049033667,1.178326270462422,1.2189927828038047,1.2599944629581297,1.1585228524531197,1.1814613212833964,1.1054710563070014,1.1513305737025525,1.1522559156883758,1.1750538811462157,1.2349473782664055,1.2569935887616412,1.1287052125933983,1.1817165830247467,1.052602830663014,1.1526544171175368,1.158937880598804,1.1952199909111612,1.2239735470823239,1.2026870719902087,1.1205341729391516,1.1876318315073042,1.1597214079014388,1.1411339947560861,1.2469383276750958,1.2790095043635699
Dialga,Metal Claw,Draco Meteor,40,1.3043368864290843,1.3411436902943124,1.0031345826914246,1.0630511763415398,1.1766315310763065,1.132141321831947,1.0015336766752079,1.1111547048530417,1.38721055155774,1.4347687271697436,1.3904389619369468,1.4191328864933483,1.347041728576958,1.4101964405049014,1.3445652839764086,1.4306058346528407,1.5678749557272111,1.5862367250485414,1.5233648014253087,1.5973012627675547,1.4030768067940722,1.548732907277874,1.531287284147752,1.5865158439533718,1.6478301713537402,1.6060543871797066,1.2985382742161746,1.3791668304906595,1.3879649600237574,1.4138357845505585,1.3927448059690217,1.4564132605276943
Reshiram,Dragon Breath,Draco Meteor,40,1.1528158797629495,1.1922139194644674,1.0645800677277564,1.1308003304884209,1.066798207825907,1.1690732442645393,1.2407680335218054,1.22071594535623,1.2827133256147083,1.2851478381253738,1.2031509676441106,1.2244171082815787,1.1472126099000577,1.196516353727481,1.20527576021861,1.2291300646960712,1.383811600923283,1.30161277051587,1.2589534608010036,1.2022985599301668,1.0537887432261432,1.1774380067270411,1.1906867918725668,1.201058497425329,1.1935475407817864,1.197485487528247,1.1235229982144446,1.2300475669983963,1.1586541585784194,1.199060585275148,1.2947223839478676,1.3077880051934856
Reshiram,Fire Fang,Draco Meteor,40,1.596630981568391,1.6570675513933864,1.2499734764929968,1.3237032331502052,1.2675965217897462,1.3696491456728135,1.4990661148220115,1.4005989543602155,1.7010488808697823,1.7446337395913352,1.6072207703815764,1.6879378959325246,1.5891521129172368,1.6749793111915903,1.6827771248471437,1.7163519215181378,2.3240927583129345,1.9686390887908758,2.484193030394977,1.9369101711097596,1.4260559205037282,1.638632032387518,1.636331548036226,1.644721810734988,1.8935341984794904,1.8960688512371051,1.4833407264986183,1.646222555736667,1.6259686383535952,1.6468003232406572,1.7495117322905032,1.7276140393808208
Rayquaza,Dragon Tail,Outrage,40,1.1153200506307077,1.137880391684654,1.2903617138595727,1.1271020488316192,1.141795850759891,1.1611118786524437,1.160406916232715,1.161084872907228,1.1643735976539888,1.1595197296100639,1.0951233450180458,1.1465267471949645,1.0896421927034745,1.1414559081556346,1.1284263859478942,1.1491411101832492,1.1701975069978592,1.141811470489334,1.1436952970496188,1.1565891610627197,1.0998166375807212,1.156062804290487,1.096190691928123,1.1383529552451925,1.1496920824256123,1.1461753090234459,1.157145570161162,1.1231326592397295,1.1533347933625968,1.1263239270350986,1.1630468717045845,1.1552711994212566
Rayquaza,Air Slash,Outrage,40,1.316896275959118,1.3927437853287985,1.7072360960885988,1.3589613443261384,1.3755692765997762,1.4161727145153085,1.467584276311138,1.4051316038216504,1.3806819046130054,1.400954234033528,1.284046249002087,1.38145078232522,1.2920622236333508,1.3856120625930155,1.3098478815470855,1.3706951379971102,1.377296124249463,1.3605593357689318,1.3751665227138743,1.3780832994196248,1.4208125292833749,1.5261790398067354,1.4122374714143835,1.51823141286323,1.3409432724526449,1.3597310808536935,1.4171697878480285,1.3532090218153647,1.369720523896982,1.373010989651115,1.3889238870754441,1.390752595512431
Rayquaza,Splash,Outrage,40,1.5011580958356603,1.6382885672807854,,1.6944261025795184,1.6118883337367356,1.7188384513896902,1.904155346480574,1.671436353209403,1.5839723207004233,1.6313772391456574,1.5052178193242662,1.6668832481779592,1.501810753393992,1.6319422848923084,1.5254647157478238,1.6075338262670416,1.5805332534069678,1.606464151645246,1.6065148495400055,1.6348602379620967,1.505258445958762,1.657238317531015,1.4934954948200119,1.6110041411008345,1.549564943162166,1.6018704724509412,1.6526342558367124,1.6181963334130922,1.6122181487022562,1.6333732697781802,1.608288257924532,1.628513056769426
Dragonite,Dragon Tail,Draco Meteor,40,1.1884335490095095,1.2183489749817809,1.2379561476356453,1.1974636990399352,1.216543107900809,1.2152754618927615,1.3848105284355672,1.2412759865439127,1.261174664176424,1.2447088986605306,1.2262830501175261,1.2526846071706952,1.1997389511311525,1.2575148593044052,1.2260146405222154,1.243031943235053,1.295630479437738,1.246667719641068,1.2810509796392462,1.2370916966555205,1.0966902145679573,1.2299979600741326,1.1972273037565793,1.2153903671866466,1.2422058004977954,1.2294492361505895,1.1334663593131178,1.194100538877961,1.222833562835654,1.2215634637308175,1.2489711852035912,1.2543676001443804
Dragonite,Dragon Tail,Dragon Claw,40,1.1729025522083836,1.2346577962730128,1.1485104602781517,1.1689100870799616,1.141478098417339,1.2259574707456509,1.2101753412470835,1.2478713814885867,1.2587638966943722,1.2799464525103104,1.2152546348615234,1.2662380626316077,1.201307652379585,1.2806677953371268,1.2252273345883915,1.2685010029186272,1.232377810392108,1.2579320588110015,1.2279701971310266,1.2646939852273438,1.103699185426517,1.258994995109952,1.1820505839122468,1.2447216551422458,1.2417089774030985,1.2511362849019083,1.126461094716496,1.2028325636414086,1.2210302482001343,1.220426873304262,1.261275383538647,1.2785827099561207
Dragonite,Dragon Tail,Outrage,40,1.158639680547798,1.2073661161648879,1.2207027869740055,1.166254654311985,1.1930840808315148,1.2015277613053565,1.2460128966168884,1.2378518962686391,1.2234257807713274,1.2224867009400424,1.1890355993733062,1.2271032400487516,1.1820265133610288,1.2391608003534436,1.1868994818727021,1.206493426505536,1.2120673426194086,1.2197135856715053,1.2048442691542132,1.2128937681332181,1.0962008759233315,1.2168149325328026,1.1510188944120348,1.2011888619157758,1.2081804717104987,1.2068039059410223,1.1232483883096707,1.1750400385838269,1.1990065115005895,1.1856180530438174,1.2259239790761385,1.2296525554124234
Dragonite,Dragon Breath,Dragon Claw,40,1.2489633580200346,1.3244692931014321,1.2070861242815045,1.226621935439828,1.2095053387227253,1.2944052218680795,1.2563891661380069,1.2880089551214982,1.3128032870356676,1.3486363288645846,1.2701482910573614,1.3346080736116626,1.2537392775537215,1.3460397507741402,1.2958175740578062,1.3605771664756783,1.3078918277214315,1.3466729315997883,1.306037911710487,1.3366178289634654,1.1644217451118744,1.3347185688926826,1.2122907083853047,1.2858214779999086,1.3180177025688233,1.3368967732800963,1.177675181335372,1.2762674266602112,1.2956281078565306,1.312897587977338,1.3278514589954558,1.3531235835389384
Dragonite,Dragon Breath,Outrage,40,1.2255814733681025,1.265853352410118,1.2689988416365987,1.1709342152406836,1.2335251770521651,1.238165595898576,1.2985653283500374,1.2282248792203323,1.2603821141990308,1.2772127415387504,1.2327603273467589,1.2645002002698094,1.2199644413447184,1.2771772988066608,1.2313371128228348,1.2781263022866933,1.2739856280328568,1.2712005416204006,1.270557175979273,1.262957574793444,1.1351163487921878,1.2574152311745594,1.1735758766096849,1.227582836742426,1.266711233625423,1.262042801732244,1.160729128586766,1.2173047938832053,1.2569063528880444,1.234266174924193,1.2731700514825428,1.269528898732972
Dragonite,Dragon Tail,Dragon Pulse,40,1.258665657800248,1.3046909315924196,1.2757012035368331,1.2523474496622475,1.2639995347434074,1.3050543881322183,1.3056574698637093,1.3181289109484426,1.3220703909032905,1.3235624968268067,1.288060758604709,1.3318661682568356,1.2801457485690029,1.3371231855121912,1.283434241113916,1.3234036094751709,1.3016427722666444,1.3169286271198055,1.2921132152435657,1.3138866426948534,1.1793438300409265,1.320547308243393,1.2513130797741236,1.3022055604622838,1.3122748486487592,1.3162960888517448,1.2220092085066625,1.2758335458364556,1.291700096677777,1.2892751548998869,1.324957428175292,1.3282088024182865
Dragonite,Dragon Breath,Dragon Pulse,40,1.3380826974271185,1.3787464501445865,1.3600893103414768,1.2929337630820583,1.331832307562287,1.3511100507409368,1.3824854981992307,1.338537940592208,1.3713281774889396,1.3801344105625715,1.3288393885491336,1.3788330353709344,1.32697695242614,1.3922120802427238,1.3480416396424957,1.3950992583636836,1.370577390049876,1.3916464207204196,1.3724512823496073,1.3783282382033955,1.23322247224381,1.3802572255938181,1.280112141820664,1.3296194457141923,1.3845840891255106,1.378416816177366,1.2714249792373635,1.3335583806925093,1.3631805699813868,1.3530577117195621,1.3804263808998027,1.3947606447022256
Dragonite,Steel Wing,Outrage,40,1.4140524695163967,1.4815403706440264,1.291206927954979,1.2242016554017672,1.2518406357774077,1.2703348253033107,1.334903916953366,1.281841384719835,1.464356061726465,1.4940896304583715,1.4108500521437062,1.4876708103126668,1.3963893739643218,1.4940073812465207,1.4236426919379241,1.482636732780149,,,,,1.4222014780174337,1.6411460516469396,1.5322451683768792,,1.6048485082296142,,1.3424947736151132,1.414691398659976,1.4365553450322035,1.441878413629523,1.5173126796705785,1.5366782022774699
Mega Charizard X,Dragon Breath,Dragon Claw,40,1.1808375374471385,1.2310556919052862,1.098423514502964,1.1519238939045322,1.0882056588817428,1.2120037418694463,1.1643547791650426,1.2585082337706006,1.306511639207799,1.3351598325992526,1.2003021171285304,1.2665883941795346,1.2381572375732,1.3233229103975968,1.2183928770284969,1.267274723817138,1.2965740883297687,1.3285918795566607,1.2128205824382425,1.251117278948502,1.0937766097273078,1.233007632056066,1.202899365710138,1.2566147753757595,1.2292768584365694,1.2497478150063843,1.1825305403556607,1.2791508412689676,1.2210177686711,1.2248235763814503,1.3248463667535777,1.341324033344607
Mega Charizard X,Wing Attack,Dragon Claw,40,1.3951141911055336,1.472640560646288,1.2883311269861797,1.3901085493949812,1.2930782753003245,1.467250417319444,1.38119895858043,1.4906629612193516,1.5228146642609346,1.564878762882246,1.4443379117379058,1.5285432584268,1.4313214049370075,1.553057821324123,1.463728878781621,1.5425706468865452,1.5146373255115626,1.5425745329939475,1.4750359749617936,1.5330793413780237,1.402234123179826,1.640600658846792,1.5503454207838743,1.6500930389029647,1.4897937799437038,1.5298518606819924,1.335346223703529,1.4666175381915854,1.4754174606672472,1.512190400580463,1.5588781392656557,1.5898790839685328
Mega Charizard X,Air Slash,Dragon Claw,40,1.5163458120860867,1.633124283512689,1.3909703467440868,1.48497906579016,1.3717690196401477,1.5722393158342345,1.5044973901747491,1.5957765818443663,1.617714139028214,1.6758466788590796,1.5479529711937017,1.6703583808252538,1.5084155484166721,1.644679319492381,1.5602182732023162,1.6560366392869148,1.6159356936917184,1.654973306569793,1.6059085949322294,1.660991930348317,1.5286956913434109,1.796466303851911,1.68802547283686,1.810588952981985,1.590615418903141,1.6417616412853517,1.4452453648886934,1.5711316287400081,1.570311481783881,1.6033443666119842,1.6660594643770492,1.6990608995740033
Mega Charizard X,Fire Spin,Dragon Claw,40,1.5373211060415923,1.649683556699002,1.267242335154971,1.3488125111189868,1.2400295598720463,1.4162726802232743,1.3291941765561723,1.4130477584278416,1.6820403051673944,1.7447731894605512,1.5553990183473452,1.6708514619696069,1.5323544521006094,1.666750438832952,1.570097278594941,1.663032992319861,1.7864362649486143,1.8216040186582831,1.7956425115022838,1.8272089091772237,1.420137332616241,1.6434225474685349,1.5604060645456177,1.6648908533583973,1.7482123211806884,1.817827650061906,1.4746610994590623,1.620701960533209,1.5889263103323965,1.6220054879104862,1.6952006155307495,1.7424927881927115
Mega Charizard X,Ember,Dragon Claw,40,1.563406166355967,1.670992076361525,1.3020271234938972,1.3961401034996062,1.2937104727152502,1.4656934140313893,1.374570192342045,1.4562697397329112,1.6996356541323518,1.7679276956628414,1.6034602671798477,1.7064412276938954,1.5493521493053264,1.6835583234424158,1.5762370018211187,1.6694349356204816,1.7467466902072892,1.7856202852608187,1.7384689892131449,1.785688306083983,1.4239202949182692,1.6515824098532608,1.5690263342443027,1.667245416098892,1.7177863148801509,1.781521026246605,1.5068505053302068,1.6543376287048093,1.6027220439489986,1.639835381003484,1.6949955406843655,1.727597408823393
Latios,Dragon Breath,Dragon Claw,40,1.1764265727798286,1.2438005293607672,1.1736497616372665,1.1635865295615715,1.1415991445058788,1.213872030779775,1.1859583236908575,1.2784126881567421,1.3096536337399698,1.3472462404845547,1.2959892241090607,1.3445350617224743,1.2394851352869933,1.3300362567682562,1.2860620325502587,1.3426747384570308,1.3069499902470805,1.342407961968046,1.2994100111229403,1.3383670858370733,1.1577140121727223,1.3245063853493597,1.1845286923657101,1.2541358495791606,1.3176448982311484,1.3268454153327616,1.1837673627831886,1.2746147327759199,1.2101672492867157,1.2245969360647164,1.3552266544109173,1.3472185477552396
Latios,Zen Headbutt,Dragon Claw,40,1.4442845057703049,1.5691008500592727,1.440115402794773,1.4338348592696784,1.41227025729697,1.5072892141372445,1.4176307801344934,1.5162507033147905,1.5499100491428524,1.6095818966347797,1.49889764300187,1.5587560240063258,1.5842400775565755,1.7340988153452144,1.6379795750947768,1.7458547982785122,1.5553974944865891,1.5840768046936202,1.5368120488114871,1.5874745392932181,1.3594138185893045,1.5766758128728489,1.4233006900790728,1.5280057489295498,1.53669777002947,1.5802875683556892,1.531548255371774,1.694452713655507,1.623788078900393,1.6891372747896378,1.6065199109939732,1.620606346729813
Latios,Splash,Dragon Claw,40,1.7333673047489861,1.9105836224855102,1.8064530982421232,1.7897204231712176,1.753753789813618,1.9083329987722277,1.7748746102642718,1.895169852817277,1.900194004402997,2.012054433122368,1.8588508775505024,1.9420203360447468,1.7641222354416426,1.9201216875329705,1.8263525715958966,1.953576868625883,1.9052819929926765,1.9374135297686181,1.8859599543368273,1.9479578951515344,1.6255461875795592,1.9217689754026048,1.7580198049580384,1.9222753126886216,1.8567603661059355,1.9368741368796454,1.7035765141148032,1.8683416780594555,1.782792163472936,1.865073632686617,1.9567063104563094,1.983977476116059
Zekrom,Dragon Breath,Outrage,40,1.147460213548429,1.1685767118048709,1.16549527198866,1.0844954958584712,1.1443102919551265,1.1440641018311208,1.10606272742966,1.1755135092773437,1.2235996611129187,1.2428860746547183,1.1732107041808735,1.1878722050668116,1.1222250068227668,1.1756937687639282,1.1618758890083882,1.1925923003839372,1.2345746213746547,1.2259610574085347,1.1618473462413181,1.1761905799305747,1.0383928277031236,1.1569914446536755,1.0922150752444801,1.1574328486730552,1.171891279632588,1.1599288050777836,1.1008074602102487,1.1810262983379074,1.163635442007674,1.1552398242894124,1.2343701176239545,1.2468475335949987
Zekrom,Charge Beam,Outrage,40,1.3346008388884454,1.4108856324000887,1.3529618746700134,1.3342728460814666,1.3365477625019773,1.404831265592321,1.3025939788679846,1.3684050485661468,1.4059812302192627,1.4221908845043736,1.3722791573668267,1.4353171737948214,1.3211173105634266,1.4045997236126802,1.35260711939284,1.3974124043744687,1.3419994122942258,1.352321954066505,1.3754418538346647,1.3831483294355988,1.2406993090614686,1.415746161816709,1.2937867466947435,1.385684845344704,1.3593704506529578,1.3705691720628947,1.2491667651224423,1.336749372507301,1.3583619288505293,1.3875946918264133,1.3910568650305775,1.4210755320887454
Garchomp,Dragon Tail,Outrage,40,1.1615397937052536,1.1905900801036269,1.1146930262237627,1.1223390448694526,1.1522020491744265,1.1863762269812852,1.1827064356163175,1.2161057982145902,1.1911115031459032,1.2166859329051865,1.1714306642615102,1.2095806826817386,1.1598548846551069,1.2015810994270957,1.1917638326389672,1.2145693372503465,1.210849315822819,1.2089820832966247,1.1707133855646776,1.1885627719062708,1.0535014864108678,1.174499263354218,1.0722640782506163,1.1427472832673675,1.1793041388227814,1.1911032921330762,1.078977606949571,1.154094158167478,1.1775114076509408,1.1810456338835198,1.2174190584840228,1.2168393897128462
Garchomp,Mud Shot,Outrage,40,1.337439431746469,1.3802620271946158,1.2921228547914607,1.2779962178972506,1.3445173168920963,1.3602794024282348,1.4105317185686672,1.3765221369166767,1.385654396447179,1.4452170191214857,1.348513654981669,1.3926840091736303,1.3096681727292672,1.3784279013626493,1.324910370271665,1.375107635993799,1.4065909694341374,1.4108754265141599,1.245060035040067,1.2587511151646387,1.1198506531776211,1.2530288343600857,1.1654475220292193,1.254015209635103,1.2605314553726705,1.2662182170520953,1.2548124707805397,1.3495125908567864,1.3339892725060818,1.3543686901691774,1.4107845457274761,1.4307344240829478
Haxorus,Dragon Tail,Dragon Claw,40,1.1765246335076633,1.1939551700637938,1.224357474583404,1.1407910269952524,1.1581455698530825,1.1876946469801324,1.125586018447679,1.1821791189876973,1.2138108634014628,1.2245566599362154,1.153157309253648,1.1930944956738465,1.154688400226177,1.199073596195449,1.2201057937085837,1.235334444689637,1.2017133050574582,1.219412244504889,1.173013916804336,1.21151454225004,1.1939830481259666,1.2062323734593092,1.109341399258643,1.1773758928383884,1.203769977853488,1.2178990773730243,1.1943770475353293,1.1796852632174133,1.2067538031251281,1.1986936285449012,1.2340374150378404,1.2196508872656937
Haxorus,Counter,Dragon Claw,40,1.445451986058421,1.5091972454484799,1.3280416881259154,1.2153336322520232,1.2374387461762233,1.2711946569306891,1.198079465587439,1.2423700421481558,1.7759272913964093,1.849441289583667,1.671324495742286,1.813024731323175,1.5946195125779714,1.704234966093563,1.6276542367058446,1.6983352335455189,1.4800600621939686,1.5137978008708997,1.4681261416599711,1.510570077355372,1.52526483336695,1.5039090456860231,1.3407112658410965,1.4570437890211316,1.4733372763568044,1.519281178091235,1.7934940470010605,1.664877521438476,1.6248710751200486,1.6623871687051168,1.5254654412843933,1.530220268339135
Kyurem,Dragon Breath,Draco Meteor,40,1.3101940541559975,1.352771119656252,1.1901803473894215,1.2417587177446767,1.3339207723585074,1.2976496209988264,1.3568577555921262,1.3563097459650941,1.4224901967826857,1.439786507290587,1.2762341840970675,1.350520716305752,1.2742828959924941,1.3503973383566064,1.3367018028253337,1.360833687059077,1.4230224879956086,1.3549057098462893,1.4160686061420331,1.36645373871273,1.1869096592108255,1.327067972861941,1.3791997319406788,1.3451410998339715,1.3803421239887275,1.3732242152678649,1.2106743352531457,1.2750750501114192,1.3700122272156474,1.3289361112441715,1.43160092424572,1.4281000759066156
Kyurem,Dragon Breath,Dragon Claw,40,1.2928666374101447,1.374247798515453,1.1641987222372134,1.243093158178935,1.2381239107950877,1.3171038220375726,1.240078495921836,1.3720239101196219,1.421729338240576,1.4718130388882946,1.292117906624716,1.3623526507108026,1.286993933534657,1.3850132265192203,1.324762066252847,1.3866975508921682,1.3364532553747597,1.378102841734508,1.3120280884401085,1.373010615066658,1.1822774760547348,1.3501040913094338,1.32726149106303,1.3764356903522164,1.3509696626395926,1.3961608923045274,1.1865234059221863,1.3053218645304767,1.3186605535428975,1.3489653633695942,1.4187377546009123,1.4540746308143526
Kyurem,Steel Wing,Dragon Claw,40,1.5178059784855757,1.6473123643087753,1.212603711397334,1.3142063357728224,1.2998238344378514,1.382736140801412,1.2600000922673622,1.3869365801935725,1.6860131434945935,1.7685773766423885,1.581830789896633,1.712412790861184,1.5244594852512294,1.6653669581176915,1.618699789511443,1.7426269277067707,1.827385773167638,1.890798829240623,1.7886115166237802,1.8910967160806755,1.573429164497329,1.8759076703384452,1.8043417413223313,1.9095960601250368,1.7727989195353373,1.9154613285501385,1.3974412671025331,1.5667094294094586,1.5450715208615975,1.6151956539280674,1.6852181445187095,1.747369444608959
Kyurem,Steel Wing,Draco Meteor,40,1.642806885195958,1.7120690461947465,1.260451370538999,1.3398309082285416,1.4236819167269057,1.3895244910807925,1.3954512619653872,1.397727494129006,1.767740601376676,1.7974045418129354,1.680601600707752,1.7957178673530017,1.5885626347830897,1.6986226208806159,1.7771286889440565,1.8351482536338806,2.3387546812242785,2.0138399992168834,2.3890318048394246,2.055501544008236,1.772763730744548,1.9904222540603453,2.177775476172775,2.018775820754494,2.0552515585032705,2.0563260132263714,1.5159714970356526,1.6157742471679046,1.7039271671087899,1.6787500591902627,1.7839868765860576,1.801624601821182
Shadow Salamence,Dragon Tail,Draco Meteor,40,1.0839797422766408,1.022262533625883,1.2098461636593818,1.0003346902772825,1.1734674911368976,1.0054597496531972,1.0847610902955227,1.0244471878830725,1.024478094879932,1.020226583985915,1.016790985964949,1.0294122192115143,1.011577878538697,1.0217242548449434,1.0910197232767,1.0370328549499446,1.0758940623395286,1.039095405036657,1.0707672952690745,1.026010507638306,1.088179062346992,1.0187555053764046,1.0378642792951074,1.0067839546985065,1.0946426622066223,1.0274135524043428,1.133068108889051,1.0342319875051909,1.0787932504172248,1.0190336192448175,1.048578086948432,1.0196478157035564
Shadow Salamence,Dragon Tail,Outrage,40,1.1039883016226488,1.0,1.1586814839509734,1.0,1.1263824452948257,0.9999999999999999,1.0212147877974054,1.0,1.0,0.9999999999999999,0.9999999999999999,1.0,1.045655012370167,1.0,1.0,1.0,1.0,1.0,1.0,1.0,1.0495771384039123,1.0,1.0006575989077684,1.0,1.0,1.0,1.0757273841984496,1.0,1.0094570324823535,1.0,1.0,1.0
Shadow Salamence,Bite,Draco Meteor,40,1.481835870913456,1.3573907563237435,2.058834844388366,1.3720723242087522,2.039816887135233,1.3975540726478062,1.7282516976389963,1.3681238160206317,1.180235161013619,1.1903850365249973,1.140837029755402,1.130835659453105,1.1147819479400596,1.131395667997944,1.206431089574575,1.1549708938084327,1.514905771207944,1.4091411406358432,1.5368755829442817,1.3727214631195577,1.5671272653146413,1.3604490210024434,1.4545940635958878,1.356606173319868,1.4900909761205918,1.3737575800741149,1.3396858112212326,1.1835511349913446,1.1803126761882599,1.1178275483800828,1.4120949363216886,1.3644631291208358
Shadow Salamence,Bite,Outrage,40,1.3974661978369514,1.1923935148207387,1.5438403297336611,1.1538249908482705,1.5698212308530046,1.20136809225742,1.271057799172362,1.1963184929321804,1.0975085249960914,1.1111384480458144,1.0699232993014538,1.058545096823718,1.118066418966043,1.0553562606725289,1.0732369241430733,1.0590250476522052,1.1884952393909036,1.1843561339330526,1.2025482547943078,1.1965268151497424,1.3239986797638597,1.1733835812294404,1.2010675246428821,1.2004886945757813,1.1783799025279895,1.1974704252846011,1.2082068446084147,1.0613040614495373,1.0583958459414395,1.0530455118851758,1.1926252325907611,1.2084652252498698
Shadow Salamence,Fire Fang,Outrage,40,1.4853687772466468,1.285417333577432,1.4853732015654475,1.1716166118283011,1.4870675305392058,1.195710884448039,1.2432531369025568,1.187582979318328,1.2524536037387441,1.2892495859163193,1.2266371541934569,1.2829855921192277,1.313733783665672,1.2705811180500648,1.2617209118349977,1.2737414825008677,1.3436444013635667,1.3643177665090114,1.3613425377746404,1.368606159685849,1.4734875081697603,1.2672609590660353,1.276192865038613,1.2851594308817587,1.3274171595045254,1.3764437698471956,1.485837771260728,1.2537590210851777,1.2401627729931013,1.271688617362178,1.2846318276023967,1.2846374207566666
Shadow Salamence,Fire Fang,Draco Meteor,40,1.7002367420807913,1.5102217823959956,1.922713216480404,1.3405914550229088,1.9122978602826923,1.3659768726056114,1.6764175565907382,1.3531723659830126,1.501606386035486,1.5436764498415463,1.4952599247614342,1.4875416192635578,1.5247980817768805,1.4912280201004537,1.65754102253358,1.5804831315009535,2.075372202691077,1.8144995104198165,2.2252782857061453,1.7428490159546894,1.9261797224650625,1.5335306656583751,1.6993233704901336,1.5348823368785138,1.9118286482901254,1.7603639532967164,,1.568112399360581,1.6161435732149916,1.5236598935298837,1.546161400045512,1.5266264557889357
Shadow Salamence,Splash,Outrage,40,1.802773627059139,1.457181779567452,1.927705167237626,1.5065464165240754,2.015418595335192,1.5670082564312517,1.5764177067934204,1.4680524994807032,1.3675049755553397,1.4265280589570526,1.3279300729954882,1.5095261820581343,1.4563115498293862,1.4462607558174085,1.3924421156468212,1.4239903123037334,1.3477078816850898,1.4059286162725817,1.381604515807615,1.4115796415832618,1.985069325996737,1.4384104745081574,1.3929015006958823,1.435565600178443,1.4229438761423978,1.4209033171794356,1.6740369999469418,1.4143340189601465,1.4111644498787626,1.4436154245840036,1.3847640725796715,1.401998416024255
Latias,Dragon Breath,Outrage,40,1.3355196991897635,1.3583422448018605,1.3974621650706467,1.3227322154811292,1.3867003268753204,1.3839293448357932,1.242825595695792,1.381464559252641,1.4565513591400214,1.4584371397424722,1.476746415138006,1.4624999296909391,1.3796365828729824,1.4416265843912008,1.409359036135448,1.4302370963912237,1.451185346670995,1.4496677442457462,1.439783118295939,1.4505391463401645,1.2978568780614381,1.425873962033436,1.2935297223692495,1.3572993945552987,1.4371600271035219,1.4418260646531746,1.2943513250223448,1.405281872753505,1.3304854745542856,1.3388065283035702,1.444367723679183,1.4522893913843868
Latias,Charm,Outrage,40,1.4734430876027302,1.532672774401834,1.493375153017837,1.4611800324763526,1.508705472885956,1.5290505638974707,1.3179199632132172,1.4952155920103811,1.548478863925428,1.5701779104161648,1.538664465581876,1.5957118281747205,1.4358874858862374,1.5225393606744098,1.4961561998131938,1.5284878657111254,1.5275558191425065,1.5504685603802772,1.7618382330641453,1.7808704629787289,1.3676565622411796,1.53046706886384,1.3964092420313456,1.4836699860155467,1.743474387882475,1.774842803970063,1.3510618516217807,1.4875347353671473,1.4652423787743087,1.508272760819774,1.565311392761837,1.5666417830536996
Latias,Zen Headbutt,Outrage,40,1.5837590489696143,1.6458206602418957,1.6233914159516283,1.5681352604551422,1.6136335038884084,1.6549619169764664,1.4494056748075448,1.6287163327823837,1.655886314370587,1.6689526259497198,1.6806898417105758,1.7186315458845813,1.6841592299994828,1.796905012283205,1.7126121779387193,1.7779085311985032,1.6857171503497337,1.6579830143059007,1.6951144882591154,1.6600480381907525,1.45910581915981,1.6429418856320412,1.5229840852486252,1.6230075099059786,1.6333354190142821,1.6546196331612077,1.5828434245809175,1.7404327724374276,1.7100443599608062,1.7483009303472805,1.669162113825021,1.6930374983433079
Latias,Splash,Outrage,40,1.8195612791144704,1.95292581277501,1.9418675489065313,1.9148747657789156,2.038179839277863,2.055569890236732,1.7448276365210955,1.9516275041943674,1.9350471357280792,1.987735552014355,1.9348608109336756,2.102512446183965,1.804576783328547,1.9396456713435277,1.84113560881589,1.9279850036766342,1.9840453976898489,1.949778253644601,1.9628927408332033,1.9684212030701493,1.6720839866397905,1.9534373545440424,1.747628534931692,1.9054468462406962,1.9012981680757124,1.9549130564261772,1.7041058805113825,1.8869386032609776,1.8094330082544599,1.896325495977764,1.9656583152009852,1.986518048312448
Mega Altaria,Dragon Breath,Dragon Pulse,40,1.5459528075380273,1.605029499097163,1.511106210885925,1.460695414781007,1.4976818325696,1.5366529617400522,1.3513182806642263,1.5035118898559394,1.5874746996708318,1.6003893885580016,1.5031828609523015,1.559746982113079,1.5296903623290519,1.6160806623488209,1.5685872931769416,1.5998044574710586,1.5143709042925297,1.5710694489530974,1.4763826007607912,1.5734663532206747,1.417865188467908,1.5694414125715903,1.5226557358785413,1.593716231512665,1.5884388656724042,1.5899591425882356,1.4535326870972078,1.5583690844092357,1.5854366255934356,1.584870639165993,1.6403446853841175,1.687383991255721
Mega Altaria,Peck,Dragon Pulse,40,1.7881471191997735,1.9139027772046464,1.908159298513662,1.851256176809793,1.866842891590075,1.9367333829442397,1.6270629399664553,1.8831973638090314,1.9566355527197592,1.9878442347061007,1.8184046334506934,1.929216093936458,1.865089106226466,1.9842991058448143,1.8905476870572588,1.9713863193536694,1.8461889163306795,1.9556215207860588,1.8166532988534916,1.9319086239166772,1.852641023413005,2.0881946666665256,1.9672956402447352,2.104384058901189,1.9562027305393008,1.9709008749442158,1.6984773510109143,1.8448247907078281,1.8732694296737242,1.8768758275760404,1.9997641148986145,2.039847324694833
Hydreigon,Dragon Breath,Dragon Pulse,40,1.353363442162758,1.395019914642411,1.3842441149333697,1.2812593535859926,1.4516496689091825,1.3636337178236095,1.2935186791519426,1.3511981359224654,1.3709365241678888,1.406415460538181,1.321995466532975,1.384504119814929,1.3414050083567746,1.4010817605424957,1.3628488854674061,1.3960403175330343,1.388759069278931,1.4009058754648762,1.3748447322584778,1.3869041466648047,1.2376400239787864,1.3737935581249359,1.3980891665782382,1.3945649121251091,1.397303625969688,1.394083270968472,1.2891676719123024,1.3473409400089644,1.3504887074330072,1.3601026123307536,1.4081417277234975,1.4072406901545573
Hydreigon,Bite,Dragon Pulse,40,1.5169764744924232,1.5824586180182603,1.6036147715377977,1.462242972503333,1.6942346292456,1.581118260812948,1.553599022566773,1.6164868876103742,1.3709365241678888,1.406415460538181,1.321995466532975,1.384504119814929,1.3414050083567746,1.4010817605424957,1.3628488854674061,1.3960403175330343,1.6322797042198105,1.638895604466834,1.6331796783495183,1.6385401006165277,1.4342093377838099,1.6275578464124931,1.6452319287118093,1.6476617911680893,1.6236248732361056,1.646106130290129,1.2891676719123024,1.3473409400089644,1.3504887074330072,1.3601026123307536,1.6687031941306174,1.697124288131535
Goodra,Dragon Breath,Draco Meteor,40,1.4664878029319384,1.5024928921885596,1.3603990211841717,1.3653362840662262,1.3116318065973527,1.4350161354315625,1.2697454568784727,1.4270940106618133,1.4523134219566716,1.4938456981946755,1.4576337445451468,1.478794639222746,1.4738850796346208,1.5379057900495139,1.4961995121650344,1.5214042322617873,1.5746358496675756,1.500559954854384,1.5524217896066197,1.496249562217422,1.311591332612519,1.4829515221761556,1.4369837671188048,1.5005866402070096,1.5018614836052386,1.4967676425135699,1.3674745742451235,1.4824350723390585,1.528219074093369,1.5158926198420781,1.5899656521565908,1.5821642023178586
Goodra,Water Gun,Draco Meteor,40,2.0255093898927177,2.062020104196756,2.0086544621159854,1.8354546586758667,1.8199368453862894,1.9528933745512616,1.8148275045573103,2.023472709020736,2.0948286972284786,2.2185966481312795,2.018909112052108,2.037810821556196,2.014087898641333,2.110279279963024,2.1987344372878197,2.144230458135121,2.5103465976076955,2.1897213295309843,2.2727327733031157,1.959354667665549,1.907572686114144,2.1306265549402466,2.048658718504459,2.123504184166683,1.9857277974765684,1.9506764776383778,1.813190301604288,1.9495549416992537,2.130641790865965,2.1027023640659555,2.040778052006059,2.127153678399299
Giratina (Origin),Dragon Tail,Dragon Pulse,40,1.3672232810584573,1.4378653912553216,1.2827548866665122,1.360673411744221,1.2562691723088273,1.4016795274256322,1.1970354496569424,1.4220487560626371,1.4719813907892014,1.5176885281113557,1.455922279513637,1.525402708097798,1.3809681372330427,1.4687406914399572,1.4232951405751586,1.4820069594308372,1.4420014570163475,1.473373954863379,1.37316380772169,1.4745914283522745,1.3115750133715183,1.4601559465322242,1.3335870217436012,1.4231948102263108,1.4322149327880853,1.460695344174419,1.2951395159480625,1.3959053737639715,1.4028486362915231,1.4299043952467907,1.46197945721517,1.5004779588264732
Giratina (Origin),Shadow Claw,Dragon Pulse,40,1.6099939431746468,1.711176835143852,1.4319260301872143,1.5386390392633766,1.4399675256597102,1.6349943707457777,1.3826491654792608,1.6729574241439322,1.4728750892642095,1.5200832225898706,1.4298969980103022,1.4964544990842061,1.4035014617666417,1.4873896764553922,1.3963340172790497,1.4539304510516486,1.647788111722402,1.6820712059387757,1.550936331800258,1.7051112076140422,1.4931827325061195,1.6906474934470497,1.555776502575644,1.6986137464631825,1.6320971550439112,1.699435832905494,1.3019436039292096,1.3990740106247816,1.4101151710775526,1.4423708033416922,1.7342543770345349,1.7941612149267057
Mega Ampharos,Charge Beam,Dragon Pulse,40,1.4017534872081296,1.4898775215898017,1.4077493489967785,1.4228420902431278,1.40326751170303,1.4937496699923765,1.3974092612184505,1.4752134718730416,1.4785467469798064,1.516423871108418,1.424773091510423,1.5136604140448788,1.419222008372828,1.5244902804478762,1.437185301292929,1.5149541342486743,1.4138860723347781,1.4286542378648006,1.4921967924098154,1.5073909046885707,1.3482440138805163,1.5455301548028815,1.4076949079954582,1.5153570036572075,1.4754964637555583,1.4953698125094945,1.351422168466953,1.4375586443087172,1.4632748789168022,1.5094620614917449,1.4740817288203496,1.5113094748188753
Mega Ampharos,Volt Switch,Dragon Pulse,40,1.4125438394469791,1.51566506080749,1.4166192881334903,1.4631125623297858,1.4813998361934522,1.5393210913494462,1.4365509000949388,1.5130211353291878,1.4939138183108889,1.5369953520035495,1.444896087383674,1.5740802612714306,1.4184819388430372,1.5370777697993279,1.4629876744519437,1.5400285510150273,1.407216229263152,1.4342697662211632,1.5000188368776528,1.5361328330430128,1.3753271303993724,1.5781936003536792,1.408998297730116,1.5139923997390932,1.4741666150589763,1.5231708411316307,1.3754452153935368,1.4972255891953303,1.4979077502322555,1.554281889996145,1.5027841391903762,1.5488147588390988
Exeggutor (Alola),Dragon Tail,Dragon Pulse,40,1.476020865219315,1.5042301877826934,1.574346723157127,1.4502026558540337,1.5076805244170417,1.520676681566427,1.5242291947022655,1.533105359434552,1.5005319407412416,1.5069415950240337,1.4684156208236225,1.5043625070050028,1.4734143087244014,1.519712131947198,1.4950523926837809,1.5164463928949443,1.5438975521335814,1.5304028367871159,1.5214636417735135,1.4964681657997907,1.509279277899353,1.4689238667989328,1.3762125522335487,1.4619653541640898,1.6338386541084806,1.5410225585071335,1.5696435126730492,1.490454284868018,1.521579057044971,1.5090414328174264,1.5601079690423514,1.5389982329184235
Exeggutor (Alola),Bullet Seed,Dragon Pulse,40,1.8648826988778548,1.9348451015068762,2.181012308452066,1.8816803709472205,1.9379064094438134,1.9612363123766172,1.989036920784929,1.9547795122526324,1.8954763117085067,1.9609746705798736,1.8475093435422318,1.9528716736783305,1.8351441164561568,1.9326758146308973,1.9080343517998677,1.9673762034244238,1.8234659801259085,1.8325497669302013,2.0809700331831826,2.006537339060205,2.1948274495550546,1.936861301515081,1.7382943793746821,1.895975026920323,2.1647287021562645,2.050569438879782,2.1117661617038586,1.9203268691194209,1.8850722051935898,1.9559947760528977,1.959081332123264,1.9777301563085727
Giratina,Dragon Breath,Dragon Claw,40,1.5345772644185083,1.6372307701691209,1.4031299980739622,1.5658711188052727,1.4370973239554077,1.6645754776180919,1.4419454830781122,1.7213524534116005,1.7080208909941392,1.801011074556274,1.6041735486193387,1.7224941924715722,1.6516205186016273,1.804955749860398,1.6423436497776915,1.7605958371755885,1.6140059618833429,1.7496243818074597,1.56277522254195,1.7358850145156741,1.5176941847720773,1.7359064615327244,1.6388548766738615,1.7967073019340511,1.700601995916518,1.770892999542538,1.4333431568901533,1.5878469183677215,1.55936607259873,1.6199637558673923,1.793390971504626,1.89147984300075
Giratina,Shadow Claw,Dragon Claw,40,1.8128851705703568,1.9692923866721852,1.5402864538756338,1.7411032173581384,1.5811090966160979,1.8616579283907326,1.5833947823235905,1.9119435876645354,1.626391148370849,1.6976094690661494,1.567206838791725,1.6712303315952934,1.5347764005401134,1.658408612084398,1.570449355914278,1.6712906118625912,1.788061211692207,1.9447792179892474,1.7227371437565477,1.9342306178939452,1.6843764787820996,1.9392735098807685,1.8192067384216735,2.004599432597724,1.887440982220006,1.9830881128342797,1.4118239347879014,1.5555274589606858,1.5628404642421105,1.6210253337987344,1.9890976768689268,2.0944079411251115
Arceus (Dragon),Shadow Claw,Outrage,40,1.4982701779328453,1.559373252709679,,,,,,,,,,,,,,,,,,,,,,,,,,,,,,
Arceus (Dragon),Iron Tail,Outrage,40,1.5862573987567186,1.638973736192386,,,,,,,,,,,,,,,,,,,,,,,,,,,,,,
Flygon,Dragon Tail,Dragon Claw,40,1.56992949420068,1.6218613817377683,1.5985466762644636,1.5311344050695344,1.5324562011850102,1.5832504983043214,1.5293862428719438,1.6256870138226605,1.6197695927016738,1.6394099926437045,1.5550426911453743,1.6084619545090015,1.5459883468926534,1.6094769013887589,1.661918622458807,1.6429407609970907,1.6165402026279134,1.6403095533086811,1.5329293687571197,1.607544264415271,1.5577412204511392,1.579850331629652,1.4455606169685193,1.554703240741204,1.6080462258142718,1.6289742805734497,1.5814830659427461,1.5538256740467973,1.706690997059006,1.6179505084226027,1.6635941278922506,1.6490758925306228
Flygon,Mud Shot,Dragon Claw,40,1.899240902068025,2.0060401029902413,2.0092983018726414,1.8222709294300932,1.856490169190275,1.914703828295495,1.9064848827973833,1.994020104703412,1.9100691084565427,1.9624776944526305,1.854643640021171,1.9753891643523884,1.8887291459679678,2.0112991355105487,1.9372365077550688,1.9529882095121252,1.9265481659095627,1.9503198211319264,1.6484120363230592,1.7343529695267998,1.689347357764573,1.6988871306527762,1.5599109194142429,1.6931946735269732,1.7285265209115874,1.756555626372009,1.937786635822831,1.8464203427834502,2.0760286490052136,1.973700106272281,2.055927029480615,2.0774485059395698
Flygon,Splash,Dragon Claw,40,2.353462908291685,2.4941210992093517,2.781469474545531,2.3525550796932277,2.468457266838343,2.471202571361884,2.448870363176139,2.498330998754622,2.450831952995263,2.5688293524753476,2.3189382122019406,2.50481929387204,2.3314307029857853,2.506239396488532,2.47830245894168,2.5226430337382886,2.4774936322595607,2.510780791101255,,,,,,,,,2.671665508029367,2.3946963714202587,2.6359303883702045,2.4607450636694885,2.527163428671146,2.5608326275245568
Druddigon,Dragon Tail,Dragon Claw,40,1.516036442503681,1.5385419544568286,1.5642532891515741,1.4652126803598216,1.4874774793981238,1.5240341604335728,1.4618083394460462,1.5387076636242136,1.5461050697845404,1.5617028656160568,1.5257869794928023,1.5833883520237022,1.5307309011581758,1.5909611782219073,1.5964880787356457,1.6109632372091465,1.5697520511245315,1.5916574795972982,1.5268444864608017,1.5820384077501717,1.5528769414230386,1.5720198979380222,1.4422787117987401,1.538978815937009,1.5866378953124596,1.5988824998676674,1.5746137155165167,1.549404485744317,1.5455926659940729,1.5319497817447798,1.5863638284096908,1.5727013472618212
Druddigon,Bite,Dragon Claw,40,2.000501728189988,2.098418874695238,2.1669529810104646,1.8924816800685,1.9717727543113956,1.995455126382998,1.8733477034385364,1.9159086055229264,1.6900077960930802,1.7266872344723017,1.7112751537448414,1.802009684592073,1.6858935059746034,1.7677349856055682,1.7122031577704255,1.7436717667308337,1.960884718870447,1.998313018599814,1.935444357476585,1.9982901388748309,2.0069504697197673,1.976886119641997,1.8301784047462766,2.0020682720948084,1.9501517266098674,2.0297308247955517,1.7944409609218772,1.740427604960628,1.7174825223061372,1.7281110287510348,2.0004749355221016,2.020005712087378
Kingdra,Dragon Breath,Outrage,40,1.6164208877057324,1.6227335795093754,1.7408608267111774,1.5462598996112797,1.4830068133327357,1.6060285303741029,1.4997063537558555,1.5935866654690318,1.716402166426516,1.712037227654694,1.6723151549077073,1.6854668062782587,1.5867320819873605,1.6424232731337285,1.7441369390261026,1.7657461341601042,1.7151450036961895,1.7167358111038002,1.708153379933965,1.6989927160151588,1.6979437804056208,1.7103783069272145,1.5780767252029773,1.6503681046436767,1.7038177205331084,1.6906888114641747,1.8047298270374834,1.6013452664601924,1.816603609497294,1.6506509188664304,1.6832004254739672,1.6845115376189148
Kingdra,Water Gun,Outrage,40,2.0042128484487995,2.0695190322950476,2.2522642902401717,1.81115971990361,1.7084355385820797,1.9178303162056836,1.8948854270031592,1.9634869524096394,2.10485005725586,2.1229088360656005,1.9199448322722656,2.000008881144531,1.9634595351956663,2.0660642806868865,2.1183358183992556,2.1498069458228315,2.0581425845469825,2.0888234175157265,1.8574172948149048,1.8326427390664892,2.096705770335695,2.0888042607170405,2.0046558786345328,2.13210068317439,1.8220988601014454,1.8258805710397812,2.2302858216938213,1.9534125754666924,2.2538986956305496,2.0462126429301732,2.0887477783414954,2.0741977410612025
Kingdra,Waterfall,Outrage,40,2.1576699084585194,2.299299449453747,2.6980289384044185,2.13741614785263,1.9307934889110538,2.2880790260556187,2.2712608946565287,2.211833715250616,2.258529644168565,2.339712219783075,2.1984166782335723,2.3241505259265773,2.1323506616746015,2.252608128093086,2.242505384309498,2.3006746926670587,2.4841825054182602,2.4761830683303665,2.0932426932893216,2.0164760941941644,2.2035815294249512,2.248945433545694,2.1235947059978484,2.2759383937205437,1.9694019918128383,2.0250146749288094,2.5909551257931023,2.224814448265132,2.5603405649859448,2.288974097425203,2.267591417002678,2.3169930187295713
Dragalge,Dragon Tail,Outrage,40,1.7138937045284741,1.7947487632984667,1.960056520360062,1.749103162917635,1.7930504179092037,1.7922883415942126,1.7956291877714847,1.7985814127447393,1.8133016348555082,1.823783406211116,1.7791368171618487,1.8101141434298922,1.7796131268249789,1.8440309500643337,1.8870539117211118,1.8878820708289181,1.821230602849877,1.8318061236017331,1.7866252311612483,1.8017608079639793,1.7398949661201581,1.7808844167197222,1.687136054296415,1.7592599075623518,1.8303344322609922,1.8081432729222604,2.004455856892427,1.8383850286963468,2.050516407449453,1.9104008259251244,1.8479151452203784,1.808701582804818
Dragalge,Acid,Outrage,40,1.9917221875657363,2.0723857916009605,2.4194189944189755,2.005739908550756,2.073523770699123,2.0683566431354214,2.1804338690311997,2.0406612587602724,2.3121570986702276,2.350015391464292,2.1834653575684473,2.2845490288024397,2.0098567575714874,2.076808236480637,2.1100214782953017,2.10690491282331,2.17379318121613,2.137306274536883,2.026001244574098,2.025899278881165,2.025582843839608,2.017872049556585,1.8887028013003926,1.9925554985419294,2.0400697604172415,2.054433011962434,2.4078886823654897,2.1218728433741525,2.345119741761786,2.1257690727054257,2.1367704893700665,2.0819099075188277
Dragalge,Water Gun,Outrage,40,2.1683626533247256,2.249153319159484,2.953771358648893,2.1702331317342445,2.3172322361557796,2.2538107468542723,2.561474310137855,2.314203980243507,2.2978506340399822,2.33527213804739,2.2150731935747094,2.351071051228514,2.189247497872902,2.26002736921365,2.3362482598749534,2.3273591751441716,2.527743842476227,2.494979613833544,2.1590566094583163,2.117529186441932,2.3252062081637526,2.278717703976828,2.120067849338631,2.256288975287316,2.1409869381692492,2.1484445436161694,2.5244855862483373,2.168621657943741,2.549677147776865,2.272094133629036,2.455089623608438,2.396463494993099
Noivern,Air Slash,Draco Meteor,40,1.9713585150985409,2.024849488227093,2.7964960566060726,2.131983763335898,2.3326034103247175,2.154246972356203,2.755044637555027,2.184623065911559,2.1226902225583864,2.1197650710734925,2.025492130276326,2.066526285375449,2.0965497312810926,2.1708687353010734,2.060393838215367,2.167010969278046,2.41106445703062,2.19981829577416,2.413765146375941,2.1301310620542453,2.4883247044153616,2.479301056031112,2.501084701958743,2.5224049103291244,2.1633701597619135,2.151294320113991,2.6190791020471687,2.181948955065045,2.349833600228861,2.160805449186087,2.1698272609549125,2.140594053693282
Noivern,Bite,Draco Meteor,40,2.1395873833063734,2.1708580350409648,2.9184433928062865,2.1166388325190844,2.4186185369644173,2.1668755516663385,2.953067026123143,2.2383722822979673,1.8831611784143298,1.887602355337693,1.7798281523570978,1.8137073360918168,1.7457227049193487,1.7737531056608307,1.6789507969577993,1.7592064447343523,2.3516141613405197,2.1017591286663286,2.31481763395812,2.0830117129019845,2.0151878213417214,2.078544932691187,2.124363237324634,2.1366547716015236,2.094431226523065,2.0547105338016114,2.0666234643419843,1.833268739873337,1.94923481881176,1.7502758472313291,2.2951040629694868,2.2592893966450736
Shadow Flygon,Dragon Tail,Dragon Claw,40,1.5321209406576186,1.3637322497699187,1.3223822768655469,1.2705069761076402,1.4220568259232589,1.327927726978812,1.3072016070828718,1.3744262759588437,1.3471951495201917,1.379912949889246,1.3561658258214948,1.3734174910589076,1.431261248646595,1.3606131130594836,1.4678409734637903,1.3980860866524705,1.425398566447345,1.413657660031605,1.3138652175986967,1.3656850934035192,1.3097280761137033,1.342820692529141,1.2057654993505025,1.2901456781504115,1.384742358646536,1.374309342335104,1.3596145350348068,1.3487346609255253,1.4356814603390582,1.386560636794719,1.396133125486539,1.3874087504223398
Shadow Flygon,Mud Shot,Dragon Claw,40,1.875513651431514,1.6261383148227972,1.6574832293945738,1.5350388369261725,1.8122736459768765,1.5867408429858527,1.6088879862422925,1.6605032668228943,1.6315613419421358,1.71752428598753,1.5788340159945367,1.6313075146620297,1.78729409068126,1.639978563933261,1.8004859403790479,1.7139110257845913,1.7736804380726046,1.7267114471810314,1.4038293510916529,1.4740706122757687,1.4265950280616984,1.4444338972643331,1.337821939647257,1.4368906390849636,1.4753201872026,1.4875902174600666,1.710047822734265,1.6540817637122556,1.6898672758976094,1.637358640601397,1.6711439305793176,1.7138709200618318
Shadow Flygon,Splash,Dragon Claw,40,2.8269360080080657,2.1150209858293594,2.3267808684909954,1.973843606475957,2.6602296334359115,2.1339845330387814,2.1058938030557446,2.1140059347661255,2.0299982147158127,2.1473646993681856,1.9788070534658961,2.0979638792010404,2.4940613834965744,2.1193743543374532,2.314514879555875,2.15028473086084,2.240776405283359,2.1797432594425743,,,2.3174539006493196,,1.8659294082213471,2.0721055109949056,2.070680218570102,,2.2801842980851923,2.0823940320885335,2.19735081834852,2.102255586347213,2.070116089462659,2.1403955052015466
Altaria,Dragon Breath,Dragon Pulse,40,2.440252908726906,2.4763880471928377,2.7387408397972703,2.379641120424446,2.444434273881963,2.4859767322625004,2.342790952519967,2.3620381628455953,2.3995462842848516,2.3802395230016415,2.402282409401201,2.5086551194025475,2.41375576813652,2.5108160613094346,2.3437627687234084,2.3954314506381413,2.3881277866298047,2.393040262513397,2.3482984839515013,2.392922650141292,2.256350510956867,2.385913398128216,2.337383663927827,2.4072201589513225,2.3903073864470956,2.366741640777539,2.3167513641311346,2.242578585901251,2.509820708648468,2.4640704344432467,2.4683652137185765,2.439014133767719
Altaria,Peck,Dragon Pulse,40,2.70566276902097,2.826093132462273,3.1791994909081303,2.8442216320420384,2.747856112987747,2.873649269450836,3.0245938653576716,2.912731947600115,2.8873756639355697,2.9263778195742356,2.721384106871939,2.884705869814855,2.840191715288171,2.997866593846803,2.8160628093307123,2.917098706519278,2.897973376705736,2.902886763714925,2.848148310108712,2.925232008039302,2.9874255476381784,3.2429331347685424,2.9900913257096553,3.2011013409982763,2.87659610029671,2.8856251756365197,2.794884550838958,2.8096657279083814,2.853395484715799,2.8281959238448238,2.9235162858087933,2.9397140596259788
Altaria,Splash,Dragon Pulse,40,3.346342647666852,3.65960938081487,,,,,4.257264686845109,3.8030670033738563,3.4992314826943636,3.678165662979383,3.381581286751052,3.744533522324089,3.36031776256058,3.6466602325400546,3.381608028162818,3.634928160800624,3.576146615888726,3.627113720441646,3.6094488359380423,3.632741110678555,3.3249189036313984,3.641879651577908,3.3295526294107414,3.6051908072696044,3.4066359172106133,3.59777935190178,,3.620967261787745,3.6538615656281648,3.7178349580392562,3.531167626435068,3.6103073479742203
Kyurem (Black),Dragon Tail,Outrage,40,0.9839658242722741,1.020281266627104,0.898893387960047,0.9585339431677871,0.9298327523646855,1.000588693337763,0.9318327656208376,0.9946143158321161,1.026541629869389,1.0384475260275359,0.992080598009504,1.0261363794474923,0.9884845074140733,1.0309097301644092,1.0097884862611957,1.027804079542556,1.042463159320395,1.027692750535813,1.0247219252470297,1.0393040034484127,0.9147475692562105,1.0183905329217604,0.9713606382760159,1.006191646470173,1.030022424365256,1.0422749302725707,0.9268759858471244,0.9892555800324204,0.991299816918502,0.998701798403965,1.0270203699996816,1.0378908074933217
Necrozma (Ultra),Psycho Cut,Outrage,40,1.0354118913253203,1.071909999711237,1.0910501041380907,1.011816451682487,1.0367706877763447,1.044720332415313,1.0449364047206986,1.059194657801679,1.1003907025779929,1.1156826971536844,1.105377827395924,1.1172774081741463,1.0780992752705472,1.1396519601049213,1.0733038661984091,1.1271868070706168,1.086450446412439,1.0739727745266974,1.076745559348797,1.0743011309309671,0.9678381161831661,1.0660236229877982,0.996693101941545,1.0456907534234015,1.0685728615006505,1.0642811372080023,1.0490195717100756,1.0824612092869295,1.1176481052353757,1.1281676407452854,1.1230812745970258,1.1023125468901112
Necrozma (Ultra),Confusion,Dragon Pulse,40,1.1661716783571856,1.265629537236755,1.3033219290973959,1.212835580066264,1.1748050529593175,1.260428384693352,1.2191248998604078,1.2692361536077472,1.2348888370088356,1.281965377894707,1.2173744140424039,1.3127965747201775,1.2852105603944184,1.3926715715886113,1.334671437656422,1.4198727081769604,1.236660288550781,1.2562443366248042,1.2317402033717662,1.2555239289294278,1.1037898955935999,1.2594331739408398,1.1432826422481908,1.223771703659397,1.234567452658471,1.2690096273557887,1.257416431908461,1.362308049768044,1.3506511228308762,1.3906148835598164,1.2808992796077263,1.2868813581124114
Drampa,Dragon Breath,Outrage,40,1.5150332581368187,1.3949276629550293,1.6167639029147451,1.356918043170671,,1.4212197173788832,1.4706650406153419,1.41216440936777,1.444044017290847,1.4614148879851598,1.362579031418186,1.4395711236098419,1.551489904980709,1.491921140803777,1.5401889155323882,1.5151623926313833,1.5030403094697053,1.5008467448672127,1.4758106446575163,1.4694174177061088,1.56699652051832,1.4514844870550523,1.4073954698906646,1.3933313395234797,1.5014448105043086,1.4860085204960556,1.6191045881272141,1.462994650163693,1.4568759209892426,1.406077898873448,1.4692424888520552,1.4601516401378165
Drampa,Dragon Tail,Outrage,40,1.4925193673337636,1.398835684591862,1.5451295540637275,1.3550835386283995,1.5754422163676192,1.4234107379275303,1.4520360456397288,1.4078508698134211,1.3900819540516445,1.3963145856740145,1.31390682194727,1.379293078657633,1.4802822930917925,1.4404298012798193,1.4680795334770271,1.4393543527936774,1.4588368588087997,1.4583540422708372,1.3914044572470134,1.3993125227790126,1.44633510645227,1.3940872449437147,1.3947416550756848,1.38821600584762,1.4344626592132872,1.410745447652033,1.511620887570644,1.4117760804988038,1.4616394252918212,1.4103595644732396,1.4437496950799722,1.4334861704187525
Naganadel,Dragon Tail,Outrage,40,1.7255253933309636,1.3320562796285877,1.349415124902172,1.2196730480514133,1.417329617454164,1.278444989123984,1.327463627079355,1.3020878871001345,1.2617913266879917,1.2670595729736283,1.2925600806937747,1.2958276679032181,1.3804759169709413,1.3159285622908836,1.4519398670884438,1.3638439477749245,1.2749888577827944,1.28530500144321,1.26001755825323,1.2695355942460584,1.3021586204458042,1.2546153256542212,1.1789051865115496,1.2138147128274768,1.3069979333591275,1.2786855050865196,1.6109091966085227,1.331365573146196,1.5737601882875036,1.367000144071618,1.3217751812678606,1.2845496860812586
Naganadel,Dragon Tail,Dragon Pulse,40,1.7380889990642747,1.4171001844747844,1.4019683955408615,1.3158850799859536,1.484108337826557,1.3767677048874256,1.3956945903109184,1.3872679839280393,1.354340881528964,1.3650327142777712,1.3978957256981683,1.3965836605295,1.482444976392335,1.4271274332336148,1.5299529910994434,1.4529804166178046,1.3711130667562295,1.389234051075608,1.3512371361374156,1.3733591282705766,1.3823880651569078,1.3677756443869435,1.2728035222181484,1.31578964039072,1.401139978704681,1.3815413172405453,1.6708338203967776,1.4090331987917093,1.6177267943384506,1.488282892544097,1.40511167418625,1.3942585885374392
Dragonite,Steel Wing,Dragon Claw,40,,,1.229440420030692,1.2609824804195116,1.2287846886212759,1.3248888959955165,1.299814853736383,1.3369305328846308,1.5740259109174881,1.6416402979879892,1.498743620269551,1.611799488623698,1.4846834682130416,,,,,,,,,,,,,,1.3916618725252339,,,,,
Dragonite,Steel Wing,Draco Meteor,40,,,1.361637864554952,1.300146211637673,1.3475153827496145,1.3280204454605387,,1.3491449764976613,,,,,,,,,,,,,,,,,,,,,,,,
Shadow Dragonite,Steel Wing,Dragon Pulse,40,,,1.2787789768379643,,,,1.1820472604157246,,,,,,,,,,,,,,,,,,,,,,,,,
Dragonite,Steel Wing,Dragon Pulse,40,,,,,,,1.415157853899782,,,,,,,,,,,,,,,,,,,,,,,,,
Shadow Dragonite,Steel Wing,Draco Meteor,40,,,,,,,,,,,,,,,,,,,,,,,,,,,,,,,,
Shadow Salamence,Splash,Draco Meteor,40,,,,,,,,,,,,,,,,,,,,,,,,,,,,,,,,
Mega Latias,Dragon Breath,Outrage,40,,,,,,,,,,,,,,,,,,,,,,,,,,,1.0,1.0626129683447112,,,,
Mega Latias,Charm,Outrage,40,,,,,,,,,,,,,,,,,,,,,,,,,,,1.0654316337119716,1.158693399746644,,,,
Mega Latias,Zen Headbutt,Outrage,40,,,,,,,,,,,,,,,,,,,,,,,,,,,1.2781050094646194,1.3781331853487804,,,,
Mega Latios,Dragon Breath,Dragon Claw,40,,,,,,,,,,,,,,,,,,,,,,,,,,,,,1.0,1.028818307738258,,
Mega Latios,Zen Headbutt,Dragon Claw,40,,,,,,,,,,,,,,,,,,,,,,,,,,,,,1.3073132581427338,1.3769918725472676,,
