Attacker,Fast Move,Charged Move,Level,"Arceus (Dragon), Tier 5","Arceus (Dragon), Tier 5","Kyurem (Black), Tier 5","Kyurem (Black), Tier 5","Kyurem (White), Tier 5","Kyurem (White), Tier 5","Kyurem, Tier 5","Kyurem, Tier 5","Giratina, Tier 5","Giratina, Tier 5","Giratina (Origin), Tier 5","Giratina (Origin), Tier 5","Latias, Tier 5","Latias, Tier 5","Latios, Tier 5","Latios, Tier 5","Palkia, Tier 5","Palkia, Tier 5","Zekrom, Tier 5","Zekrom, Tier 5","Mega Ampharos, Mega Tier","Mega Ampharos, Mega Tier","Mega Latias, Mega Tier","Mega Latias, Mega Tier","Mega Latios, Mega Tier","Mega Latios, Mega Tier","Druddigon, Tier 3","Druddigon, Tier 3"
(Boss weights),,,,7.142857142857143,0.0,2.380952380952381,0.0,2.380952380952381,0.0,2.380952380952381,0.0,3.5714285714285716,0.0,3.5714285714285716,0.0,7.142857142857143,0.0,7.142857142857143,0.0,7.142857142857143,0.0,7.142857142857143,0.0,11.666666666666666,0.0,11.666666666666666,0.0,11.666666666666666,0.0,15.0,0.0
(Weather),,,,Extreme,Extreme,Extreme,Extreme,Extreme,Extreme,Extreme,Extreme,Extreme,Extreme,Extreme,Extreme,Extreme,Extreme,Extreme,Extreme,Extreme,Extreme,Extreme,Extreme,Extreme,Extreme,Extreme,Extreme,Extreme,Extreme,Extreme,Extreme
(Friendship),,,,Best Friend,Best Friend,Best Friend,Best Friend,Best Friend,Best Friend,Best Friend,Best Friend,Best Friend,Best Friend,Best Friend,Best Friend,Best Friend,Best Friend,Best Friend,Best Friend,Best Friend,Best Friend,Best Friend,Best Friend,Best Friend,Best Friend,Best Friend,Best Friend,Best Friend,Best Friend,No Friend,No Friend
(Attack Strategy),,,,No Dodging,Dodge Specials PRO,No Dodging,Dodge Specials PRO,No Dodging,Dodge Specials PRO,No Dodging,Dodge Specials PRO,No Dodging,Dodge Specials PRO,No Dodging,Dodge Specials PRO,No Dodging,Dodge Specials PRO,No Dodging,Dodge Specials PRO,No Dodging,Dodge Specials PRO,No Dodging,Dodge Specials PRO,No Dodging,Dodge Specials PRO,No Dodging,Dodge Specials PRO,No Dodging,Dodge Specials PRO,No Dodging,Dodge Specials PRO
(Dodge Strategy),,,,Realistic Dodging,Realistic Dodging,Realistic Dodging,Realistic Dodging,Realistic Dodging,Realistic Dodging,Realistic Dodging,Realistic Dodging,Realistic Dodging,Realistic Dodging,Realistic Dodging,Realistic Dodging,Realistic Dodging,Realistic Dodging,Realistic Dodging,Realistic Dodging,Realistic Dodging,Realistic Dodging,Realistic Dodging,Realistic Dodging,Realistic Dodging,Realistic Dodging,Realistic Dodging,Realistic Dodging,Realistic Dodging,Realistic Dodging,Realistic Dodging,Realistic Dodging
Shadow Dragonite,Dragon Tail,Draco Meteor,40,1.0178270141664427,1.0407565191113,1.2189059159255906,1.0381482646063385,1.0910892931910787,1.0541452926217139,1.1486830378014847,1.0457266191833088,1.0580399058553096,1.0465321531968121,1.0132396846239196,1.0396936241967376,1.0238104751321297,1.0569662584555535,1.0262212346514814,1.0504101373408947,1.1551977494290215,1.0989385330161712,1.0287708218842166,1.052190478329509,1.050490400718609,1.045393293441577,1.1333000066773025,1.0700434629733437,1.1237424972411139,1.0568490300719506,1.0754181885716974,1.044368799920309
Shadow Dragonite,Dragon Breath,Draco Meteor,40,1.041144114361567,1.0640314387651313,,1.057680199416428,1.1408952556496954,1.0916213897166,,1.0843946625075622,1.1395064904059462,1.1325938815004786,1.063155077577123,1.0909805168411664,1.053498340239341,1.0774211099682578,1.0576339520000202,1.1141239814015325,1.1857564758222237,1.1134023269676003,1.0691110312963437,1.089091789089146,1.1229387485721751,1.1154528154451135,1.18498242752134,1.1084820387118903,1.1535157659759607,1.0583383807247746,1.1327888273035491,1.1131332699901422
Shadow Dragonite,Dragon Tail,Dragon Claw,40,1.016421522403,1.0644126917355543,1.0818298902607026,1.0096501733184717,1.0,1.0496718559490696,1.0029341028771706,1.051896741717412,1.0685489442526526,1.071324250295504,1.0195092990797112,1.054147746128339,1.0106502052181234,1.069799402548951,1.0420476101159972,1.0733531168943824,1.0672472665253785,1.0866509037986183,1.0,1.0645880999804167,1.017805844650558,1.058470918994084,1.045691936133065,1.054875158628432,1.0413295269065357,1.0574986804120579,1.0824932277648875,1.079793923635535
Shadow Dragonite,Dragon Breath,Dragon Claw,40,1.0368571423390225,1.0954904077781897,1.1232512113730404,1.035345496825222,1.0452157258559993,1.0916165582324406,1.046885872888612,1.0833062713923942,1.140911635827379,1.1617518200806867,1.0587951853930357,1.1113342646693565,1.0349588315142262,1.1027475991577178,1.0770270443798462,1.1173989855478894,1.0878604948855122,1.1056720662029875,1.033555842844182,1.1060028328007157,1.0683107010018125,1.1248914046012553,1.0873834099094895,1.0938645574374408,1.0583892168503437,1.0763577284531187,1.1294561245110013,1.1387065533050942
Shadow Dragonite,Dragon Tail,Outrage,40,1.0,1.0305063845696474,1.1558437054074315,1.022962442641691,1.0444414175855492,1.0551725006646167,1.0733618257376603,1.046353447809545,1.0327312312756438,1.0295584369244772,1.0133920542625163,1.0334004451821717,1.0,1.0285403082934257,1.0181722945357812,1.032004879534215,1.0641284579464936,1.0484700520058237,1.0239099307687216,1.033867166023851,1.0,1.0201484821539015,1.0789446696371352,1.0277756371442726,1.0450001897099523,1.029925726638897,1.052106041775747,1.0324725209735934
Shadow Dragonite,Dragon Breath,Outrage,40,1.0226032924467396,1.041139725758987,1.1888865882746913,1.014093771390716,1.097521679283224,1.0530916264512713,1.0866342618382303,1.0452888973461993,1.0865110687619637,1.090965050324024,1.036717947724046,1.061105767622485,1.0129494330414557,1.0521123547115974,1.042147339042775,1.0562219166929925,1.0717609399972243,1.0593226728935021,1.0539741717949405,1.0489226770628903,1.0446425942787887,1.0637316207462473,1.1234453989528606,1.0351611597465542,1.0503975727196009,1.0292329830399405,1.0853011240530621,1.0755981697562453
Shadow Dragonite,Dragon Tail,Dragon Pulse,40,1.0921850632158476,1.1183771651151768,1.2165889897920004,1.0954620167851736,1.115798468387916,1.120888795224561,1.128335258161348,1.121131799775624,1.1220535416235313,1.1156266231851892,1.0881167927815665,1.1100601756749595,1.0815028548596828,1.1199446476698034,1.102196204638074,1.1268499390595665,1.145729167647273,1.141114814159278,1.0957463707463384,1.1135603582069566,1.0752082087660229,1.1096397038892296,1.148193417243881,1.1229349096384302,1.1233378126460474,1.1246712249961783,1.145130132126622,1.1283400989721808
Shadow Dragonite,Dragon Breath,Dragon Pulse,40,1.1084386175205458,1.1281724740596928,1.2597867505053668,1.1012965481156294,1.1601476385760199,1.1349950609578003,1.1651747232008363,1.1305820972142104,1.1889425941341267,1.187538810090437,1.1303728894909695,1.1502483019991752,1.103382174830501,1.1474389346763334,1.1371087494739893,1.1542242270443102,1.1626372987884617,1.1510032491403575,1.1369200066593954,1.1441745549362208,1.1311342980164754,1.1625596850980717,1.1880181393842997,1.1329750923873707,1.1360843883814071,1.121135837553893,1.1860165447112712,1.1689089353100164
Shadow Dragonite,Steel Wing,Dragon Claw,40,1.268566753831758,,1.1460319762118152,1.0656594597449742,1.059683964385076,1.1208605540492955,1.07754158806758,1.1276081782025853,,,,,,,,,,,,,,,1.3250912209966312,,1.2908780891478535,,,
Shadow Dragonite,Steel Wing,Outrage,40,1.2170703643524998,1.2613773348468456,1.2116805089722706,1.0567995918690516,1.1080989398876169,1.0908444985672923,1.1145519257551888,1.0966698593221025,1.2429886924958908,1.2732644621091447,1.221310373191608,1.2820891293902827,1.2039707165064581,1.2652028701083475,1.2239950113433102,1.2735607948408245,,,,1.3890825138094933,1.3231164840173655,1.3746200897570073,,1.2165504171614152,1.2293538479022483,1.2472256596588753,1.2790412027552869,1.290196608825701
Shadow Gardevoir,Charm,Dazzling Gleam,40,1.1559880513705831,1.173096282075926,1.1187006297121582,1.1435674926680848,1.102283436005416,1.1630857124845895,1.0,1.1420344491816588,1.192899850838978,1.2124375947396737,1.2248163569633579,1.2352564859738606,1.1223846952408303,1.1817021562122718,1.2617703815928716,1.181977195948942,1.1504239306179223,1.2051962963874248,1.1087206445126765,1.2050710300492047,1.2074043338939788,1.2139958116656546,1.0,1.141935459712591,1.246675355562305,1.1655831681119777,1.1605323351475891,1.1926704381829452
Shadow Gardevoir,Confusion,Dazzling Gleam,40,1.3339221661673715,1.3731667478792835,1.2865425281823164,1.317480111123437,1.2878210386242854,1.3355611268447496,1.1323806788658406,1.3198797360497485,1.3469958632113144,1.3962510036741573,1.3758304017046246,1.426106361178978,1.4088295521232628,1.5025761461852534,1.707034410111029,1.5402767412631175,1.3014394641289437,1.3861247076210212,1.2515742222223494,1.405278497555135,1.3694474750086998,1.3966731382133664,1.2807167884675805,1.4746527024967526,1.587725478370278,1.4904978219357237,1.3179346683595163,1.366180098415566
Shadow Gardevoir,Charge Beam,Dazzling Gleam,40,1.3863604463916552,1.420184993223599,1.339239018283903,1.3797086849777587,1.3114239573868924,1.415774347142827,1.1819507480036253,1.3774282061801817,1.4258554574764324,1.4505309727032656,1.4435187752969652,1.4880139777373391,1.329667753552744,1.4072828348912836,1.5568047020268077,1.4434511042101301,1.3303473304684954,1.4174019629241894,1.3481720088083817,1.5043929917448955,1.4841329045570295,1.5076108745545742,1.210858038687386,1.3710220258081767,1.5041499276854433,1.388618030787363,1.3919736034387482,1.4413782184158987
Shadow Gardevoir,Splash,Dazzling Gleam,40,1.618172108137907,1.68599474527527,1.6440525925388838,1.7093156882732456,1.6174916635167038,1.703747195582275,1.3959065993749806,1.655297539115631,1.6371556725556398,1.7234712768709424,1.6698322651402722,1.870378037758482,1.5455785795445423,1.669868522774628,1.916711663095371,1.710795695355661,1.5917214262483408,1.7310313408041602,1.5806719490427406,1.7726734899741434,1.716107419011921,1.755576471665617,1.3829032591886732,1.6292792231110533,1.8017623605024957,1.6647072896117037,1.6046225600978885,1.673473700894673
Palkia,Dragon Tail,Draco Meteor,40,1.1259785218444665,1.1508984104024071,1.0367692798737038,1.08413034482334,1.0088923336510518,1.1161992071534494,1.1409375463699194,1.12139504289979,1.184927553378941,1.178557209440105,1.1447582820708018,1.1699818499009607,1.1371780590521616,1.193308009214907,1.198257527770954,1.1933812637537868,1.204630425080521,1.1781109374673426,1.0366927158972359,1.1667152325465169,1.133656196976157,1.181405855999584,1.0714100919844969,1.1809689693018177,1.2096423544821269,1.1877757384677907,1.2013585894621428,1.2164986838950191
Palkia,Dragon Breath,Draco Meteor,40,1.1769944001566794,1.1861070102419387,1.0799868740408745,1.1158766114632042,1.0593379730433057,1.1577717126035358,1.1733966243613392,1.1701135082689402,1.2817739914728912,1.2772723857599213,1.203436097809565,1.217089098306277,1.15557861521914,1.2109092884537873,1.226476340719905,1.2358978440769757,1.2603836202372019,1.2103259220338598,1.068927654561941,1.1989430948615323,1.1938997018433102,1.2409524209619434,1.1420300143415687,1.2533334157133982,1.2413160943629888,1.226612473268212,1.285488132495313,1.2963041980108836
Salamence,Dragon Tail,Draco Meteor,40,1.1320978195428728,1.1634344902946554,1.3656907660571866,1.1738560716229633,1.1999355234958395,1.1813292241177105,1.2832511125283546,1.1774700611522055,1.218492903231259,1.1799132229085683,1.1535567308988581,1.1983973678655915,1.1751384620324177,1.2134712568510768,1.1622273347989012,1.1794271459508068,1.2791451603907362,1.2107213959371592,1.1155165586137272,1.1847569492688819,1.1653767794460177,1.17977124310488,1.1261571884885433,1.1868444653140608,1.2626602172475656,1.1875719041477697,1.2229821932208633,1.2159372668221906
Salamence,Dragon Tail,Outrage,40,1.1311333517093303,1.1503970301055948,1.3048435735996797,1.1433790032267879,1.157212461732976,1.1770391537724516,1.1736658994255216,1.1738177106413403,1.1793812352898922,1.1741975633970554,1.129733997268975,1.1842096210622857,1.1226723662782299,1.1788726814988477,1.1516151244417023,1.1682406342577571,1.189301487494854,1.1598883423828281,1.1113538637974196,1.1693927213262623,1.1135352271588825,1.1577563704392015,1.153604626013866,1.1695482090012204,1.158743443992677,1.1451296236983066,1.1984036606505188,1.1829806948077195
Salamence,Bite,Outrage,40,1.3746336890055926,1.4271169260594148,1.7985502642259557,1.3653635583263564,1.4435488413335098,1.4375786050838026,1.4754964533703285,1.3831057671532712,1.2899964928144954,1.2935853952723868,1.21469566117051,1.2770117790619913,1.2247703447771499,1.3117027860242385,1.244535433713998,1.2891283104886877,1.4295940933039095,1.3999344933513131,1.3270643589351208,1.4068330471380732,1.3332008498429364,1.4166209612986393,1.2878761668985101,1.2574745492406243,1.2280426913926168,1.2037109478218029,1.4261242336916728,1.440164187723696
Salamence,Fire Fang,Outrage,40,1.4219851426436771,1.5089937771090591,1.6965148684875073,1.3633826369143556,1.3757830280154788,1.4033068748223423,1.4917141830000868,1.381831443852744,1.4719190642998097,1.5136805519568632,1.406043995664334,1.5371137405219688,1.4031269676770308,1.5134156967671557,1.4148287599068454,1.49175237685964,1.5785710287371524,1.5625649609804195,1.4068400619424946,1.498525410637713,1.4123534341817572,1.4998310707370173,1.4682959151668673,1.4722627444768848,1.4615349585092645,1.4909784422881431,1.5045359714113866,1.5227455964235477
Salamence,Bite,Draco Meteor,40,1.5809663809924486,1.6131084310894666,2.3012606950529233,1.6273256977646882,1.8501809661920157,1.6450163643518834,2.0422217920516457,1.5918395751956878,1.4056907253958262,1.3668524405643498,1.3056849608088528,1.3597979598826861,1.3638322901486382,1.4017295403991625,1.3315548429103627,1.3936266163134623,1.8264065334742776,1.6183648789119125,1.484117489564394,1.5814281356258832,1.6030385845722286,1.6228773121220417,1.295406754131348,1.3752908858815174,1.4129926771958388,1.290238364797213,1.635798151439749,1.6197109100020415
Salamence,Splash,Outrage,40,1.5244468159958215,1.6744218282740557,,1.7246208688812357,1.6488069836927668,1.751491346869388,1.9498061058134255,1.705667918892235,1.6103805824463253,1.6679123173244776,1.5330044436869346,1.7163770969492382,1.5342529204117563,1.6671742751477228,1.5556699499850224,1.652437343248618,1.6248556421120846,1.6444421338976007,1.538285440416948,1.6956641431302255,1.5260911990507786,1.6429013200821663,1.6231095718731803,1.6672708495519086,1.6448364457453812,1.6842319705086406,1.6070943132354596,1.6368088200331017
Salamence,Fire Fang,Draco Meteor,40,1.735734589550344,1.7698089770612557,2.1435066493148858,1.549961583799543,1.7356133111213676,1.5661091977539119,2.0051397373489412,1.5733840473172824,1.8149374939258085,1.7528676348246857,1.7003284241200054,1.8345529217041259,,1.8057186365104338,1.7034133817168617,1.761790675979301,,2.002884514900249,1.634285904608692,1.7656896970288967,1.7637071168097722,1.7828926669029452,,,,,1.8346407593078111,1.823419626128099
Dialga,Dragon Breath,Draco Meteor,40,1.129638956992913,1.1579283130054008,1.0,1.0876904729011052,1.1794732902570721,1.151239546019944,1.0437765932663912,1.178326270462422,1.2189927828038047,1.2599944629581297,1.1585228524531197,1.1814613212833964,1.1054710563070014,1.1513305737025525,1.1522559156883758,1.1750538811462157,1.2349473782664055,1.2569935887616412,1.052602830663014,1.1526544171175368,1.158937880598804,1.1952199909111612,1.0716756876756948,1.1876318315073042,1.1488566334017907,1.1411339947560861,1.2469383276750958,1.2790095043635699
Dialga,Metal Claw,Draco Meteor,40,1.3043368864290843,1.3411436902943124,1.0031345826914246,1.0630511763415398,1.1766315310763065,1.132141321831947,1.0044722795175236,1.1111547048530417,1.38721055155774,1.4347687271697436,1.3904389619369468,1.4191328864933483,1.347041728576958,1.4101964405049014,1.3445652839764086,1.4306058346528407,1.5678749557272111,1.5862367250485414,1.4030768067940722,1.548732907277874,1.531287284147752,1.5865158439533718,1.2419183025392637,1.3791668304906595,1.3749619006671496,1.4138357845505585,1.3927448059690217,1.4564132605276943
Reshiram,Dragon Breath,Draco Meteor,40,1.1528158797629495,1.1922139194644674,1.0645800677277564,1.1308003304884209,1.066798207825907,1.1690732442645393,1.244408574578863,1.22071594535623,1.2827133256147083,1.2851478381253738,1.2031509676441106,1.2244171082815787,1.1472126099000577,1.196516353727481,1.20527576021861,1.2291300646960712,1.383811600923283,1.30161277051587,1.0537887432261432,1.1774380067270411,1.1906867918725668,1.201058497425329,1.0745341916460296,1.2300475669983963,1.1477993825345645,1.199060585275148,1.2947223839478676,1.3077880051934856
Reshiram,Fire Fang,Draco Meteor,40,1.596630981568391,1.6570675513933864,1.2499734764929968,1.3237032331502052,1.2675965217897462,1.3696491456728135,1.5034645290225794,1.4005989543602155,1.7010488808697823,1.7446337395913352,1.6072207703815764,1.6879378959325246,1.5891521129172368,1.6749793111915903,1.6827771248471437,1.7163519215181378,2.3240927583129345,1.9686390887908758,1.4260559205037282,1.638632032387518,1.636331548036226,1.644721810734988,1.4186628409181903,1.646222555736667,1.6107358570331414,1.6468003232406572,1.7495117322905032,1.7276140393808208
Rayquaza,Dragon Tail,Outrage,40,1.1153200506307077,1.137880391684654,1.2903617138595727,1.1271020488316192,1.141795850759891,1.1611118786524437,1.163811669504322,1.161084872907228,1.1643735976539888,1.1595197296100639,1.0951233450180458,1.1465267471949645,1.0896421927034745,1.1414559081556346,1.1284263859478942,1.1491411101832492,1.1701975069978592,1.141811470489334,1.0998166375807212,1.156062804290487,1.096190691928123,1.1383529552451925,1.1066907235775019,1.1231326592397295,1.142529851445419,1.1263239270350986,1.1630468717045845,1.1552711994212566
Rayquaza,Air Slash,Outrage,40,1.316896275959118,1.3927437853287985,1.7072360960885988,1.3589613443261384,1.3755692765997762,1.4161727145153085,1.4718903195587525,1.4051316038216504,1.3806819046130054,1.400954234033528,1.284046249002087,1.38145078232522,1.2920622236333508,1.3856120625930155,1.3098478815470855,1.3706951379971102,1.377296124249463,1.3605593357689318,1.4208125292833749,1.5261790398067354,1.4122374714143835,1.51823141286323,1.3553771438862912,1.3532090218153647,1.35688838635232,1.373010989651115,1.3889238870754441,1.390752595512431
Rayquaza,Splash,Outrage,40,1.5011580958356603,1.6382885672807854,,1.6944261025795184,1.6118883337367356,1.7188384513896902,1.9097423341612625,1.671436353209403,1.5839723207004233,1.6313772391456574,1.5052178193242662,1.6668832481779592,1.501810753393992,1.6319422848923084,1.5254647157478238,1.6075338262670416,1.5805332534069678,1.606464151645246,1.505258445958762,1.657238317531015,1.4934954948200119,1.6110041411008345,1.5805746896184973,1.6181963334130922,1.5971141879487967,1.6333732697781802,1.608288257924532,1.628513056769426
Dragonite,Dragon Tail,Draco Meteor,40,1.1884335490095095,1.2183489749817809,1.2379561476356453,1.1974636990399352,1.216543107900809,1.2152754618927615,1.388873704991386,1.2412759865439127,1.261174664176424,1.2447088986605306,1.2262830501175261,1.2526846071706952,1.1997389511311525,1.2575148593044052,1.2260146405222154,1.243031943235053,1.295630479437738,1.246667719641068,1.0966902145679573,1.2299979600741326,1.1972273037565793,1.2153903671866466,1.0840439938462405,1.194100538877961,1.2113775262217816,1.2215634637308175,1.2489711852035912,1.2543676001443804
Dragonite,Dragon Tail,Dragon Claw,40,1.1729025522083836,1.2346577962730128,1.1485104602781517,1.1689100870799616,1.141478098417339,1.2259574707456509,1.2137261201977172,1.2478713814885867,1.2587638966943722,1.2799464525103104,1.2152546348615234,1.2662380626316077,1.201307652379585,1.2806677953371268,1.2252273345883915,1.2685010029186272,1.232377810392108,1.2579320588110015,1.103699185426517,1.258994995109952,1.1820505839122468,1.2447216551422458,1.0773441787622942,1.2028325636414086,1.2095911058220095,1.220426873304262,1.261275383538647,1.2785827099561207
Dragonite,Dragon Tail,Outrage,40,1.158639680547798,1.2073661161648879,1.2207027869740055,1.166254654311985,1.1930840808315148,1.2015277613053565,1.2496688266418436,1.2378518962686391,1.2234257807713274,1.2224867009400424,1.1890355993733062,1.2271032400487516,1.1820265133610288,1.2391608003534436,1.1868994818727021,1.206493426505536,1.2120673426194086,1.2197135856715053,1.0962008759233315,1.2168149325328026,1.1510188944120348,1.2011888619157758,1.0742715555161833,1.1750400385838269,1.1877736970657535,1.1856180530438174,1.2259239790761385,1.2296525554124234
Dragonite,Dragon Breath,Dragon Claw,40,1.2489633580200346,1.3244692931014321,1.2070861242815045,1.226621935439828,1.2095053387227253,1.2944052218680795,1.2600755412052183,1.2880089551214982,1.3128032870356676,1.3486363288645846,1.2701482910573614,1.3346080736116626,1.2537392775537215,1.3460397507741402,1.2958175740578062,1.3605771664756783,1.3078918277214315,1.3466729315997883,1.1644217451118744,1.3347185688926826,1.2122907083853047,1.2858214779999086,1.1263251851621294,1.2762674266602112,1.2834901002873342,1.312897587977338,1.3278514589954558,1.3531235835389384
Dragonite,Dragon Breath,Outrage,40,1.2255814733681025,1.265853352410118,1.2689988416365987,1.1709342152406836,1.2335251770521651,1.238165595898576,1.302375452616143,1.2282248792203323,1.2603821141990308,1.2772127415387504,1.2327603273467589,1.2645002002698094,1.2199644413447184,1.2771772988066608,1.2313371128228348,1.2781263022866933,1.2739856280328568,1.2712005416204006,1.1351163487921878,1.2574152311745594,1.1735758766096849,1.227582836742426,1.1101180286368486,1.2173047938832053,1.2451311075590694,1.234266174924193,1.2731700514825428,1.269528898732972
Dragonite,Dragon Tail,Dragon Pulse,40,1.258665657800248,1.3046909315924196,1.2757012035368331,1.2523474496622475,1.2639995347434074,1.3050543881322183,1.3094884032026355,1.3181289109484426,1.3220703909032905,1.3235624968268067,1.288060758604709,1.3318661682568356,1.2801457485690029,1.3371231855121912,1.283434241113916,1.3234036094751709,1.3016427722666444,1.3169286271198055,1.1793438300409265,1.320547308243393,1.2513130797741236,1.3022055604622838,1.168726122325521,1.2758335458364556,1.279598888425553,1.2892751548998869,1.324957428175292,1.3282088024182865
Dragonite,Dragon Breath,Dragon Pulse,40,1.3380826974271185,1.3787464501445865,1.3600893103414768,1.2929337630820583,1.331832307562287,1.3511100507409368,1.3865418528771436,1.338537940592208,1.3713281774889396,1.3801344105625715,1.3288393885491336,1.3788330353709344,1.32697695242614,1.3922120802427238,1.3480416396424957,1.3950992583636836,1.370577390049876,1.3916464207204196,1.23322247224381,1.3802572255938181,1.280112141820664,1.3296194457141923,1.215987224537996,1.3335583806925093,1.350409701569162,1.3530577117195621,1.3804263808998027,1.3947606447022256
Dragonite,Steel Wing,Outrage,40,1.4140524695163967,1.4815403706440264,1.291206927954979,1.2242016554017672,1.2518406357774077,1.2703348253033107,1.338820662376845,1.281841384719835,1.464356061726465,1.4940896304583715,1.4108500521437062,1.4876708103126668,1.3963893739643218,1.4940073812465207,1.4236426919379241,1.482636732780149,,,1.4222014780174337,1.6411460516469396,1.5322451683768792,,1.2839581732177388,1.414691398659976,1.4230970698173984,1.441878413629523,1.5173126796705785,1.5366782022774699
Mega Charizard X,Dragon Breath,Dragon Claw,40,1.1808375374471385,1.2310556919052862,1.098423514502964,1.1519238939045322,1.0882056588817428,1.2120037418694463,1.1677711158726378,1.2585082337706006,1.306511639207799,1.3351598325992526,1.2003021171285304,1.2665883941795346,1.2381572375732,1.3233229103975968,1.2183928770284969,1.267274723817138,1.2965740883297687,1.3285918795566607,1.0937766097273078,1.233007632056066,1.202899365710138,1.2566147753757595,1.1309688366835569,1.2791508412689676,1.2095787432066305,1.2248235763814503,1.3248463667535777,1.341324033344607
Mega Charizard X,Wing Attack,Dragon Claw,40,1.3951141911055336,1.472640560646288,1.2883311269861797,1.3901085493949812,1.2930782753003245,1.467250417319444,1.3852515384187458,1.4906629612193516,1.5228146642609346,1.564878762882246,1.4443379117379058,1.5285432584268,1.4313214049370075,1.553057821324123,1.463728878781621,1.5425706468865452,1.5146373255115626,1.5425745329939475,1.402234123179826,1.640600658846792,1.5503454207838743,1.6500930389029647,1.2771213204671559,1.4666175381915854,1.4615951082524548,1.512190400580463,1.5588781392656557,1.5898790839685328
Mega Charizard X,Air Slash,Dragon Claw,40,1.5163458120860867,1.633124283512689,1.3909703467440868,1.48497906579016,1.3717690196401477,1.5722393158342345,1.5089117402959562,1.5957765818443663,1.617714139028214,1.6758466788590796,1.5479529711937017,1.6703583808252538,1.5084155484166721,1.644679319492381,1.5602182732023162,1.6560366392869148,1.6159356936917184,1.654973306569793,1.5286956913434109,1.796466303851911,1.68802547283686,1.810588952981985,1.3822285457074655,1.5711316287400081,1.5556001209108739,1.6033443666119842,1.6660594643770492,1.6990608995740033
Mega Charizard X,Fire Spin,Dragon Claw,40,1.5373211060415923,1.649683556699002,1.267242335154971,1.3488125111189868,1.2400295598720463,1.4162726802232743,1.333094169013924,1.4130477584278416,1.6820403051673944,1.7447731894605512,1.5553990183473452,1.6708514619696069,1.5323544521006094,1.666750438832952,1.570097278594941,1.663032992319861,1.7864362649486143,1.8216040186582831,1.420137332616241,1.6434225474685349,1.5604060645456177,1.6648908533583973,1.410361670368446,1.620701960533209,1.574040557650157,1.6220054879104862,1.6952006155307495,1.7424927881927115
Mega Charizard X,Ember,Dragon Claw,40,1.563406166355967,1.670992076361525,1.3020271234938972,1.3961401034996062,1.2937104727152502,1.4656934140313893,1.3786033226982686,1.4562697397329112,1.6996356541323518,1.7679276956628414,1.6034602671798477,1.7064412276938954,1.5493521493053264,1.6835583234424158,1.5762370018211187,1.6694349356204816,1.7467466902072892,1.7856202852608187,1.4239202949182692,1.6515824098532608,1.5690263342443027,1.667245416098892,1.4411475263520672,1.6543376287048093,1.587707046834622,1.639835381003484,1.6949955406843655,1.727597408823393
Shadow Granbull,Charm,Play Rough,40,1.3311986348568485,1.320918603801208,1.1785689565086743,1.2331274675779258,1.1910192248562623,1.2576171511245682,1.1139078176496167,1.2467242913272876,1.2762199618012566,1.3190862925346383,1.2096634728705942,1.2774271205878847,1.2155926085800974,1.3061315236424207,1.354316089017777,1.3267732032353519,1.3966935021261566,1.3351493173260058,1.226209349999382,1.3108282877701334,1.3522572920459284,1.3410730720197683,1.1267178757239618,1.2895597871448905,1.3452892411440067,1.3104446610657947,1.2659834003773198,1.2890677673154225
Shadow Granbull,Snarl,Play Rough,40,1.4555044120527196,1.4425226242974742,1.2828724920709789,1.3860127656499435,1.3004314562912955,1.4047883574115714,1.2202709299894519,1.401169885061292,1.2967161862949332,1.3289691194670075,1.2230363740472265,1.2820920897717931,1.2302851024663632,1.3063534083636223,1.3966223101871704,1.3469824354611306,1.5872413591004761,1.523183400890372,1.369192718163797,1.4812526257225491,1.4816623151505832,1.4861046234494488,1.1390883433718995,1.2961218835527828,1.350733287407341,1.341319767459433,1.4043435681640164,1.457581048088275
Shadow Granbull,Bite,Play Rough,40,1.5749494508961923,1.5732533196074003,1.4461310188988397,1.4513036718283248,1.4497474797456416,1.5146203586548732,1.379288534929522,1.550475235071628,1.4046618629493317,1.4508101349602764,1.273832580938176,1.3422133529192175,1.2942686529093526,1.3797247712346066,1.430721551152677,1.3910017545298483,1.824861300526273,1.661703082913268,1.5497603481285387,1.6320063785955152,1.5770433327974689,1.5660130548978985,1.1846420114588894,1.3481085724321105,1.4262249463732222,1.3721557647743705,1.5995785721368363,1.662609772285244
Shadow Salamence,Dragon Tail,Draco Meteor,40,1.0839797422766408,1.022262533625883,1.2098461636593818,1.0003346902772825,1.1734674911368976,1.0054597496531972,1.0879438909316015,1.0244471878830725,1.024478094879932,1.020226583985915,1.016790985964949,1.0294122192115143,1.011577878538697,1.0217242548449434,1.0910197232767,1.0370328549499446,1.0758940623395286,1.039095405036657,1.088179062346992,1.0187555053764046,1.0378642792951074,1.0067839546985065,1.0836631082763168,1.0342319875051909,1.0686866460916784,1.0190336192448175,1.048578086948432,1.0196478157035564
Shadow Salamence,Dragon Tail,Outrage,40,1.1039883016226488,1.0,1.1586814839509734,1.0,1.1263824452948257,0.9999999999999999,1.0242111370444908,1.0,1.0,0.9999999999999999,0.9999999999999999,1.0,1.045655012370167,1.0,1.0,1.0,1.0,1.0,1.0495771384039123,1.0,1.0006575989077684,1.0,1.0288226026954488,1.0,1.0,1.0,1.0,1.0
Shadow Salamence,Bite,Draco Meteor,40,1.481835870913456,1.3573907563237435,2.058834844388366,1.3720723242087522,2.039816887135233,1.3975540726478062,1.7333225659175135,1.3681238160206317,1.180235161013619,1.1903850365249973,1.140837029755402,1.130835659453105,1.1147819479400596,1.131395667997944,1.206431089574575,1.1549708938084327,1.514905771207944,1.4091411406358432,1.5671272653146413,1.3604490210024434,1.4545940635958878,1.356606173319868,1.2812716895942886,1.1835511349913446,1.1692549937323786,1.1178275483800828,1.4120949363216886,1.3644631291208358
Shadow Salamence,Bite,Outrage,40,1.3974661978369514,1.1923935148207387,1.5438403297336611,1.1538249908482705,1.5698212308530046,1.20136809225742,1.2747872135179634,1.1963184929321804,1.0975085249960914,1.1111384480458144,1.0699232993014538,1.058545096823718,1.118066418966043,1.0553562606725289,1.0732369241430733,1.0590250476522052,1.1884952393909036,1.1843561339330526,1.3239986797638597,1.1733835812294404,1.2010675246428821,1.2004886945757813,1.155525580852157,1.0613040614495373,1.048480333371635,1.0530455118851758,1.1926252325907611,1.2084652252498698
Shadow Salamence,Fire Fang,Outrage,40,1.4853687772466468,1.285417333577432,1.4853732015654475,1.1716166118283011,1.4870675305392058,1.195710884448039,1.2469009695085937,1.187582979318328,1.2524536037387441,1.2892495859163193,1.2266371541934569,1.2829855921192277,1.313733783665672,1.2705811180500648,1.2617209118349977,1.2737414825008677,1.3436444013635667,1.3643177665090114,1.4734875081697603,1.2672609590660353,1.276192865038613,1.2851594308817587,1.4210510074080813,1.2537590210851777,1.2285443888021859,1.271688617362178,1.2846318276023967,1.2846374207566666
Shadow Salamence,Fire Fang,Draco Meteor,40,1.7002367420807913,1.5102217823959956,1.922713216480404,1.3405914550229088,1.9122978602826923,1.3659768726056114,1.6813363381668702,1.3531723659830126,1.501606386035486,1.5436764498415463,1.4952599247614342,1.4875416192635578,1.5247980817768805,1.4912280201004537,1.65754102253358,1.5804831315009535,2.075372202691077,1.8144995104198165,1.9261797224650625,1.5335306656583751,1.6993233704901336,1.5348823368785138,,1.568112399360581,1.6010028373775718,1.5236598935298837,1.546161400045512,1.5266264557889357
Shadow Salamence,Splash,Outrage,40,1.802773627059139,1.457181779567452,1.927705167237626,1.5065464165240754,2.015418595335192,1.5670082564312517,1.5810430785225456,1.4680524994807032,1.3675049755553397,1.4265280589570526,1.3279300729954882,1.5095261820581343,1.4563115498293862,1.4462607558174085,1.3924421156468212,1.4239903123037334,1.3477078816850898,1.4059286162725817,1.985069325996737,1.4384104745081574,1.3929015006958823,1.435565600178443,1.6010442130533016,1.4143340189601465,1.3979440476119833,1.4436154245840036,1.3847640725796715,1.401998416024255
Zekrom,Dragon Breath,Outrage,40,1.147460213548429,1.1685767118048709,1.16549527198866,1.0844954958584712,1.1443102919551265,1.1440641018311208,1.1093080292605424,1.1755135092773437,1.2235996611129187,1.2428860746547183,1.1732107041808735,1.1878722050668116,1.1222250068227668,1.1756937687639282,1.1618758890083882,1.1925923003839372,1.2345746213746547,1.2259610574085347,1.0383928277031236,1.1569914446536755,1.0922150752444801,1.1574328486730552,1.0528091158746082,1.1810262983379074,1.1527339991343473,1.1552398242894124,1.2343701176239545,1.2468475335949987
Zekrom,Charge Beam,Outrage,40,1.3346008388884454,1.4108856324000887,1.3529618746700134,1.3342728460814666,1.3365477625019773,1.404831265592321,1.3064159236091661,1.3684050485661468,1.4059812302192627,1.4221908845043736,1.3722791573668267,1.4353171737948214,1.3211173105634266,1.4045997236126802,1.35260711939284,1.3974124043744687,1.3419994122942258,1.352321954066505,1.2406993090614686,1.415746161816709,1.2937867466947435,1.385684845344704,1.1946995320301688,1.336749372507301,1.3456362035639937,1.3875946918264133,1.3910568650305775,1.4210755320887454
Latios,Dragon Breath,Dragon Claw,40,1.1764265727798286,1.2438005293607672,1.1736497616372665,1.1635865295615715,1.1415991445058788,1.213872030779775,1.1894380474206032,1.2784126881567421,1.3096536337399698,1.3472462404845547,1.2959892241090607,1.3445350617224743,1.2394851352869933,1.3300362567682562,1.2860620325502587,1.3426747384570308,1.3069499902470805,1.342407961968046,1.1577140121727223,1.3245063853493597,1.1845286923657101,1.2541358495791606,1.1321517301263126,1.2746147327759199,1.1988298762066139,1.2245969360647164,1.3552266544109173,1.3472185477552396
Latios,Zen Headbutt,Dragon Claw,40,1.4442845057703049,1.5691008500592727,1.440115402794773,1.4338348592696784,1.41227025729697,1.5072892141372445,1.4217902546852517,1.5162507033147905,1.5499100491428524,1.6095818966347797,1.49889764300187,1.5587560240063258,1.5842400775565755,1.7340988153452144,1.6379795750947768,1.7458547982785122,1.5553974944865891,1.5840768046936202,1.3594138185893045,1.5766758128728489,1.4233006900790728,1.5280057489295498,1.4647683840635404,1.694452713655507,1.6085757260091984,1.6891372747896378,1.6065199109939732,1.620606346729813
Latios,Splash,Dragon Claw,40,1.7333673047489861,1.9105836224855102,1.8064530982421232,1.7897204231712176,1.753753789813618,1.9083329987722277,1.7800822749648653,1.895169852817277,1.900194004402997,2.012054433122368,1.8588508775505024,1.9420203360447468,1.7641222354416426,1.9201216875329705,1.8263525715958966,1.953576868625883,1.9052819929926765,1.9374135297686181,1.6255461875795592,1.9217689754026048,1.7580198049580384,1.9222753126886216,1.6292957201683531,1.8683416780594555,1.7660901911682914,1.865073632686617,1.9567063104563094,1.983977476116059
Garchomp,Dragon Tail,Outrage,40,1.1615397937052536,1.1905900801036269,1.1146930262237627,1.1223390448694526,1.1522020491744265,1.1863762269812852,1.1861766179719073,1.2161057982145902,1.1911115031459032,1.2166859329051865,1.1714306642615102,1.2095806826817386,1.1598548846551069,1.2015810994270957,1.1917638326389672,1.2145693372503465,1.210849315822819,1.2089820832966247,1.0535014864108678,1.174499263354218,1.0722640782506163,1.1427472832673675,1.0319311064662624,1.154094158167478,1.166479968696959,1.1810456338835198,1.2174190584840228,1.2168393897128462
Garchomp,Mud Shot,Outrage,40,1.337439431746469,1.3802620271946158,1.2921228547914607,1.2779962178972506,1.3445173168920963,1.3602794024282348,1.4146703637424596,1.3765221369166767,1.385654396447179,1.4452170191214857,1.348513654981669,1.3926840091736303,1.3096681727292672,1.3784279013626493,1.324910370271665,1.375107635993799,1.4065909694341374,1.4108754265141599,1.1198506531776211,1.2530288343600857,1.1654475220292193,1.254015209635103,1.2000990688222382,1.3495125908567864,1.3214918808635885,1.3543686901691774,1.4107845457274761,1.4307344240829478
Haxorus,Dragon Tail,Dragon Claw,40,1.1765246335076633,1.1939551700637938,1.224357474583404,1.1407910269952524,1.1581455698530825,1.1876946469801324,1.128888603622909,1.1821791189876973,1.2138108634014628,1.2245566599362154,1.153157309253648,1.1930944956738465,1.154688400226177,1.199073596195449,1.2201057937085837,1.235334444689637,1.2017133050574582,1.219412244504889,1.1939830481259666,1.2062323734593092,1.109341399258643,1.1773758928383884,1.1422988023686067,1.1796852632174133,1.1954484086931392,1.1986936285449012,1.2340374150378404,1.2196508872656937
Haxorus,Counter,Dragon Claw,40,1.445451986058421,1.5091972454484799,1.3280416881259154,1.2153336322520232,1.2374387461762233,1.2711946569306891,1.201594753994498,1.2423700421481558,1.7759272913964093,1.849441289583667,1.671324495742286,1.813024731323175,1.5946195125779714,1.704234966093563,1.6276542367058446,1.6983352335455189,1.4800600621939686,1.5137978008708997,1.52526483336695,1.5039090456860231,1.3407112658410965,1.4570437890211316,1.7152925922112858,1.664877521438476,1.609648576249285,1.6623871687051168,1.5254654412843933,1.530220268339135
Zacian (Hero),Snarl,Play Rough,40,1.2822290205351767,1.3829798305218328,1.1486167038045598,1.2985291450583414,1.162630889669416,1.3587663426389636,1.1454733113171602,1.3469395605862857,1.2710061925064546,1.3165828628606617,1.1663829140793136,1.2500022646918556,1.2070594677706765,1.3015744644094942,1.242399340094481,1.2987799982092467,1.3446333585481989,1.4260386282865434,1.246408228104052,1.423365398820869,1.313833426209449,1.4168302891057631,1.0623820997216549,1.2340626215808062,1.2014591122904896,1.2503401436557975,1.4059185553702775,1.4641965820131697
Zacian (Hero),Quick Attack,Play Rough,40,1.3161715423506284,1.4225973557883598,1.1677941586491924,1.31457218891762,1.1835472874253363,1.3696688167154627,1.1535348310658096,1.3546670441332793,1.600612172891569,1.6760209911955992,1.4389806340070448,1.5713842418300132,1.3313405800332845,1.4460892186204612,1.3702588762955026,1.436417452772642,1.3427715479548579,1.414265263300482,1.2367535360860649,1.4125009793074392,1.3291436885648849,1.4328568972428857,1.2025913187619164,1.4076161867840657,1.3479340316457777,1.4143873416276944,1.4274358456862788,1.4917940926563023
Zacian (Hero),Metal Claw,Play Rough,40,1.3861891234649393,1.4870515036024379,1.0793641135579843,1.197454517605832,1.0900857147756264,1.2570476111704374,1.0656698665116617,1.2510250079723015,1.5169136133729406,1.5852013761643944,1.4045477748360942,1.5111895020135035,1.389714924289585,1.5106079800451613,1.4279329830032437,1.5039932940263327,1.5172578596031032,1.6099408720480008,1.4026259281150795,1.6043511073153038,1.497316971039808,1.6242770355448288,1.2596261561908835,1.479029330673206,1.3914017515533288,1.4737535492404825,1.4834546006161777,1.5535954501510072
Zacian (Hero),Fire Fang,Play Rough,40,1.505669252000203,1.6384047396019816,1.2185946104333434,1.3762815256691834,1.2452999747477203,1.4461139970281771,1.2192560239333614,1.4419809726699606,1.6602568273915415,1.7432491115977504,1.5226784792563812,1.6684181467834125,1.5197206500625198,1.6701349528890355,1.6190087123611452,1.7284686898166868,1.6555197931631982,1.7613362086413218,1.463581156277394,1.6944538542124155,1.5162965283394998,1.6598474813258148,1.3753712420554067,1.6220529935979457,1.5279521431020833,1.6282400887107478,1.7057659009644524,1.7867431378162415
Gardevoir,Charm,Dazzling Gleam,40,1.3112640177425086,1.3800730923080105,1.2530262835620782,1.3366821083986036,1.2007251469712705,1.360067277266567,1.1274109533456338,1.3403960175031466,1.4089039728383272,1.4225309510717348,1.3771142854944158,1.4398216903008727,1.2986711212347692,1.4029206617536343,1.3543526124347605,1.4031555525124453,1.3188359498184703,1.4052225413775288,1.275983035051487,1.4179648129473796,1.356307251983175,1.4273408566869705,1.1858185534834635,1.3346929788594033,1.457669595752367,1.3762776052164734,1.3762262257853932,1.407328085430834
Gardevoir,Confusion,Dazzling Gleam,40,1.4849789824533406,1.5870443274122936,1.4267570733297106,1.5529663431309317,1.3703548817928215,1.5658385771233134,1.3029082460148638,1.5414923513524466,1.6275251207443686,1.663650590711431,1.554953253074683,1.6756635621145768,1.6625067112836969,1.801967184456952,1.6795855886806457,1.7948761343632567,1.5157155621472538,1.633447123355951,1.460903703260465,1.6467396650421597,1.5444881890597655,1.6247155292337092,1.5025875877194033,1.7249865102643689,1.8910533505744613,1.7395202094561355,1.5813576866580208,1.6341882005516255
Gardevoir,Charge Beam,Dazzling Gleam,40,1.5747771305880558,1.6835280133017783,1.4972624102978482,1.6028277952903132,1.4230968351917566,1.6452215873933234,1.3502615976312833,1.615060245576143,1.7127801522879105,1.7444789061333843,1.6423015852883778,1.7563480496858592,1.5595830888136948,1.701107944998418,1.600232465760086,1.6877712934925464,1.5478591000206194,1.658494844526213,1.5849032133014984,1.786051346062379,1.7158243957280799,1.7928034800317276,1.4157593782181075,1.6046335790880453,1.782466161049184,1.6651027767354287,1.6892330424381934,1.7306423281287042
Gardevoir,Splash,Dazzling Gleam,40,1.8030847193912707,1.9588670406354385,1.7811717235744766,1.961636727810337,1.682806738751249,1.9671923244741933,1.5672754022689692,1.9057818062462133,1.9464203467465573,2.040107325995729,1.9155653879796712,2.126852347715755,1.8144144995834992,1.996264363432762,1.8729235595406428,2.0087020832395055,1.8484237368754397,2.0143929959740925,1.759493467937487,2.039758584228942,1.9114871022927162,2.0307290664691084,1.6289081838987627,1.8975604641592423,2.133156111870251,1.981513358314906,1.9577832071414563,2.020165399378594
Togekiss,Charm,Dazzling Gleam,40,1.3354999329034316,1.4127766013887502,1.3304041614373372,1.3603099349706025,1.3719344849112414,1.4247407764954279,1.1732437213179017,1.3849379492570089,1.4134866600185079,1.451581362041945,1.3119387853694364,1.4069062148177163,1.3670970955526263,1.4504265455356393,1.3837928021291783,1.4360699434300366,1.365079871198702,1.4168167419755018,1.2933068159982195,1.4526352891707484,1.4929104917816816,1.4991103429275152,1.2176841838115053,1.3933235076383172,1.37362772721543,1.4066173660246153,1.4326046573270024,1.485482032464545
Togekiss,Hidden Power Ice,Dazzling Gleam,40,1.4704575623272715,1.5784515782996202,,,,,,,1.5632542561597587,1.6112618580298472,1.472230790124646,1.5825915357363936,1.4960661175156924,1.5966434297557053,1.5339102033375458,1.6077737399239223,1.6776372081931004,1.7599256462498105,1.4201267394247141,1.602739507611371,1.6418204523585769,1.6757202749234845,1.3498914140265383,1.5417713736014582,1.4970317135699798,1.5388191036583843,1.5941087455089453,1.6373001002754732
Togekiss,Hidden Power Dragon,Dazzling Gleam,40,1.4704575623272715,1.5784515782996202,1.464590532615442,1.5069943624914437,1.5153612777989414,1.55933493930333,1.2794487656979832,1.5272005964271267,1.5632542561597587,1.6112618580298472,1.472230790124646,1.5825915357363936,1.4960661175156924,1.5966434297557053,1.5339102033375458,1.6077737399239223,1.526133016462139,1.591581654857744,1.4201267394247141,1.602739507611371,1.6418204523585769,1.6757202749234845,1.3498914140265383,1.5417713736014582,1.4970317135699798,1.5388191036583843,1.5941087455089453,1.6373001002754732
Togekiss,Hidden Power Flying,Dazzling Gleam,40,1.5603658304379047,1.6810731463438646,1.567305049731887,1.618698876289681,1.6360326271870533,1.6762554755382533,1.3814241202237572,1.658372858706416,1.689417279015622,1.7514963952786349,1.5724124879260029,1.7016510343721019,1.5880928449243075,1.7015310794424978,1.6195440909216259,1.7068508785064131,1.6118061647967077,1.6880202996532327,,,,,1.4476796107904144,1.6667621526510095,1.5868337067292728,1.6422720506282138,1.6897517075349535,1.756208585881641
Togekiss,Air Slash,Dazzling Gleam,40,1.605027799740318,1.7103656302234063,1.6020103547572007,1.6004227996396125,1.6392762451350693,1.662807039380392,1.3938328316729025,1.6597760958187542,1.6822006110108725,1.7442892627118451,1.5897935143432957,1.7159311450785286,1.6208858716106902,1.7241766097568076,1.6495718129319,1.72710235359382,1.630607941437539,1.7089753897658826,,,,,1.4200193508757508,1.6335048710957936,1.6058460155785137,1.6535271763675654,1.7253704954667466,1.785530125321432
Togekiss,Hidden Power,Dazzling Gleam,40,1.6038683438390842,1.7407245359849721,1.578795496410668,1.6358825783152025,1.678474520103649,1.7167167971493322,1.3915752252307023,1.6770539701937073,,,1.629246705141948,1.7506766692037137,1.62262830815004,1.7380854408716524,1.652352276461426,1.7397479638242024,,,1.5734058785628016,1.7829356784517456,,,1.4604729299231736,1.6827455702928502,1.6243050636733134,1.6857558507227532,1.7514362120375857,
Togekiss,Hidden Power Steel,Dazzling Gleam,40,1.6236633275545658,1.7594762162665456,1.464590532615442,1.5069943624914437,1.5153612777989414,1.55933493930333,1.2794487656979832,1.5272005964271267,1.7252558555208592,1.791569961385092,1.629862796071223,1.7701030479199917,1.6583926274876342,1.7845679503944,1.6823753672603248,,,,,,,,1.484441818748216,,1.6567947361692004,1.7173229679925623,1.7643760030535698,1.819176797589316
Togekiss,Hidden Power Rock,Dazzling Gleam,40,1.6236633275545658,1.7594762162665456,1.464590532615442,1.5069943624914437,1.5153612777989414,1.55933493930333,1.2794487656979832,1.5272005964271267,1.7252558555208592,1.791569961385092,1.629862796071223,1.7701030479199917,,,,,1.6776372081931004,1.7599256462498105,1.584791316751362,1.8061521113020849,1.8007430301081704,1.8377578352337323,,,,,1.7643760030535698,1.819176797589316
Togekiss,Hidden Power Psychic,Dazzling Gleam,40,1.6236633275545658,1.7594762162665456,1.625878271928113,1.6723912008160027,1.7101194479138275,1.7465416639010254,1.4232942137550115,1.7182885250460986,1.7252558555208592,1.791569961385092,,,,,,,1.6776372081931004,1.7599256462498105,1.584791316751362,1.8061521113020849,1.8007430301081704,1.8377578352337323,,,,,1.7643760030535698,1.819176797589316
Togekiss,Hidden Power Poison,Dazzling Gleam,40,1.6236633275545658,1.7594762162665456,,,,,1.4232942137550115,,,,,,,,,,1.6776372081931004,1.7599256462498105,1.584791316751362,1.8061521113020849,1.8007430301081704,1.8377578352337323,,,,,1.7643760030535698,1.819176797589316
Kyurem,Dragon Breath,Draco Meteor,40,1.3101940541559975,1.352771119656252,1.1901803473894215,1.2417587177446767,1.3339207723585074,1.2976496209988264,1.3608389158367202,1.3563097459650941,1.4224901967826857,1.439786507290587,1.2762341840970675,1.350520716305752,1.2742828959924941,1.3503973383566064,1.3367018028253337,1.360833687059077,1.4230224879956086,1.3549057098462893,1.1869096592108255,1.327067972861941,1.3791997319406788,1.3451410998339715,1.1578854818684636,1.2750750501114192,1.3571773568674372,1.3289361112441715,1.43160092424572,1.4281000759066156
Kyurem,Dragon Breath,Dragon Claw,40,1.2928666374101447,1.374247798515453,1.1641987222372134,1.243093158178935,1.2381239107950877,1.3171038220375726,1.2437170138046376,1.3720239101196219,1.421729338240576,1.4718130388882946,1.292117906624716,1.3623526507108026,1.286993933534657,1.3850132265192203,1.324762066252847,1.3866975508921682,1.3364532553747597,1.378102841734508,1.1822774760547348,1.3501040913094338,1.32726149106303,1.3764356903522164,1.1347876019252976,1.3053218645304767,1.306306768005947,1.3489653633695942,1.4187377546009123,1.4540746308143526
Kyurem,Steel Wing,Dragon Claw,40,1.5178059784855757,1.6473123643087753,1.212603711397334,1.3142063357728224,1.2998238344378514,1.382736140801412,1.2636970621633188,1.3869365801935725,1.6860131434945935,1.7685773766423885,1.581830789896633,1.712412790861184,1.5244594852512294,1.6653669581176915,1.618699789511443,1.7426269277067707,1.827385773167638,1.890798829240623,1.573429164497329,1.8759076703384452,1.8043417413223313,1.9095960601250368,1.3365088429032912,1.5667094294094586,1.5305966189190991,1.6151956539280674,1.6852181445187095,1.747369444608959
Kyurem,Steel Wing,Draco Meteor,40,1.642806885195958,1.7120690461947465,1.260451370538999,1.3398309082285416,1.4236819167269057,1.3895244910807925,1.399545659528071,1.397727494129006,1.767740601376676,1.7974045418129354,1.680601600707752,1.7957178673530017,1.5885626347830897,1.6986226208806159,1.7771286889440565,1.8351482536338806,2.3387546812242785,2.0138399992168834,1.772763730744548,1.9904222540603453,2.177775476172775,2.018775820754494,1.4498708168096701,1.6157742471679046,1.6879640363876276,1.6787500591902627,1.7839868765860576,1.801624601821182
Granbull,Charm,Play Rough,40,1.4505690967713856,1.547080810667421,1.3887867731792902,1.4371569181619892,1.3857638097228757,1.4779344392907336,1.230097237081818,1.466133980603918,1.514356589917053,1.5712511913749416,1.4598461539776995,1.5288439147729846,1.4627232560918837,1.5341657550926102,1.5951564475830025,1.5523012846881883,1.4553028299257837,1.5615502957985,1.3668863608698574,1.5252580273148777,1.5086230761035577,1.5322204229032963,1.3008356870159454,1.4897372038483474,1.5696608651385215,1.5380625673818744,1.4893591941757576,1.5396509822974505
Granbull,Snarl,Play Rough,40,1.5897285581128817,1.7218308090711236,1.512296566943762,1.6053989748982833,1.5278593500420354,1.6635216388946437,1.3497012042109995,1.6158867007569315,1.5358748631986379,1.5884081981192013,1.4886648218520748,1.544096629220801,1.4712658952629485,1.5443469977574764,1.6606272512686888,1.582621179237967,1.6076630212915295,1.7474514447840594,1.526964658870364,1.7134405794385328,1.70935483823141,1.7542644914356753,1.3188237013910338,1.5276458136510511,1.577242250258536,1.557019433914862,1.6695872471761397,1.7565087844131628
Granbull,Bite,Play Rough,40,1.7525224682832705,1.926887774011575,1.7419884432756991,1.717052666758337,1.7112636107524137,1.820479994147002,1.4525402295869865,1.7512397917036646,1.6731053803606062,1.7516067055855709,1.5729880495574695,1.6757761750272282,1.5723512057122166,1.6495690654329715,1.6847789133367732,1.6326514532888003,1.7156951554155833,1.8684599508594308,1.6312304846094048,1.8309420044997027,1.8235811293523898,1.8726132767953765,1.4033722505675044,1.6022608085453591,1.6739341312659803,1.6287032611018266,1.9274534269708195,2.0337279583597994
Tapu Koko,Quick Attack,Dazzling Gleam,40,1.4240174432943324,1.4926001376341806,1.2857551699659717,1.3726218600440514,1.287530507659358,1.4412725623120537,1.2006020678388087,1.415444708766519,1.6596765572114918,1.7061446831245863,1.5632779480432641,1.634761569392971,1.3994952936286953,1.4818966024685825,1.5079971547521387,1.5037396756242674,1.4141605914632043,1.503012485683649,1.309522176918037,1.4510125654877917,1.404123254760351,1.4870136740458748,1.290309757667126,1.465282793912413,1.5528484724572618,1.4861199406750996,1.4698519848513325,1.4913023033152337
Tapu Koko,Volt Switch,Dazzling Gleam,40,1.4891670777087063,1.5984513724487477,1.3581109980737132,1.5005034126310393,1.3863533687930363,1.5744370084324353,1.2744891010043504,1.5161996606659807,1.5669404982738733,1.6177195000533175,1.526656905813275,1.6174587907492817,1.4879259324002048,1.6205712310315938,1.630507589187132,1.6637491861799847,1.43660369428651,1.54132551486612,1.4375139840864495,1.6416331230142045,1.5472896165349563,1.6674249034408113,1.381641621461861,1.5966604619499587,1.7380930931011929,1.6433568925080104,1.569624054335046,1.6237769115934841
Primarina,Charm,Moonblast,40,1.4478178201231673,1.5165786670069559,1.2688246760058315,1.3547715318941957,1.2700251266035745,1.4192513477252509,1.1904763032025387,1.4092641909612555,1.5108551088706441,1.547338741531085,1.4523908723005048,1.5167236392088321,1.4980077074968383,1.5746708062688097,1.6990181516119667,1.5804074060657956,1.4194222080913703,1.4965977021347072,1.3446241008372581,1.52209659247626,1.70856639731534,1.6773783934360311,1.320057406179245,1.5103557358430795,1.655324618903275,1.5351764181231289,1.512779047843045,1.5321149809588603
Primarina,Waterfall,Moonblast,40,2.262885714596586,2.3769250987774457,1.9714372352165397,2.09920609759562,1.9664611257611875,2.2175599486528266,1.943962056803104,2.2804660343229446,2.3838427555491704,2.4919742032442986,2.225895827163921,2.372452110648404,2.2679425389254453,2.4016089122230224,2.966650594258098,2.432518425895541,2.5376584166178007,2.725927219361818,2.0569428421446974,2.3823528772992804,2.8823290322266355,2.6481252352645615,1.9944801853044545,2.2997196456608737,3.019074076971172,2.436572813731518,2.426412002505557,2.4648536078212495
Mega Altaria,Dragon Breath,Dazzling Gleam,40,1.4453761397349503,1.5022359121523776,1.407105409574525,1.3446667155623038,1.3990684488409315,1.4308917734894393,1.2561582211856046,1.3930606398494814,1.4739665422953896,1.4886446801056228,1.3939995548047595,1.454597546495012,1.4231219108028035,1.5045100338966113,1.453507426884224,1.4891988334950852,1.4026868660918568,1.4660511264048146,1.3186248300496586,1.4587588807094685,1.4196025897715967,1.4861780854513116,1.2845743605418776,1.4407574247841923,1.4601495363974277,1.4787403689314182,1.5207295042648896,1.565386685066625
Mega Altaria,Dragon Breath,Dragon Pulse,40,1.5459528075380273,1.605029499097163,1.511106210885925,1.460695414781007,1.4976818325696,1.5366529617400522,1.3552831875194964,1.5035118898559394,1.5874746996708318,1.6003893885580016,1.5031828609523015,1.559746982113079,1.5296903623290519,1.6160806623488209,1.5685872931769416,1.5998044574710586,1.5143709042925297,1.5710694489530974,1.417865188467908,1.5694414125715903,1.5226557358785413,1.593716231512665,1.390154517035501,1.5583690844092357,1.5705835657954574,1.584870639165993,1.6403446853841175,1.687383991255721
Mega Altaria,Dragon Breath,Moonblast,40,1.6417904628575157,1.666686600528179,1.5508368546434574,1.4761443118369317,1.5888242964889359,1.5470455416847222,1.3276561039465233,1.5095222240004154,1.5870723768999015,1.6034895754659797,1.5294791358196052,1.574899694873478,1.5633744958733409,1.6409809288631596,1.6011562345472792,1.63021813547318,1.5359339668125402,1.5839758990562651,1.4516162418820724,1.576626072795213,1.5688888733565851,1.6266498804325347,1.4403905769694785,1.6006707235104094,1.6416775053087318,1.6263848346166823,1.6618513099502021,1.7041822627638255
Mega Altaria,Peck,Dazzling Gleam,40,1.6362403526015332,1.7532312630675992,1.7299947351648381,1.6778012258402715,1.7026326532076375,1.7344917123366541,1.4853234060772345,1.70732979284092,1.7682258500699326,1.7955174532589608,1.6513705144513167,1.7675708559913534,1.7040334592052058,1.8097399812404003,1.7118318714493608,1.7897905452736527,1.6727974420323808,1.7690234509040101,1.672557578648363,1.891392672910468,1.7779789034603075,1.9057228566516287,1.482129703009016,1.6816205207243904,1.6944015424228316,1.712556972631247,1.8059767284346624,1.8553591207661868
Mega Altaria,Peck,Dragon Pulse,40,1.7881471191997735,1.9139027772046464,1.908159298513662,1.851256176809793,1.866842891590075,1.9367333829442397,1.6318369100199484,1.8831973638090314,1.9566355527197592,1.9878442347061007,1.8184046334506934,1.929216093936458,1.865089106226466,1.9842991058448143,1.8905476870572588,1.9713863193536694,1.8461889163306795,1.9556215207860588,1.852641023413005,2.0881946666665256,1.9672956402447352,2.104384058901189,1.624418895116604,1.8448247907078281,1.8557198269917161,1.8768758275760404,1.9997641148986145,2.039847324694833
Mega Altaria,Peck,Moonblast,40,2.0301844792943613,2.1135957544401127,2.222125114708873,2.0176015652940924,2.331418898789951,2.163792547113585,1.8317761469315395,2.0893390767517728,2.1465929594307376,2.179184891362724,2.0475503858691266,2.1523219900395003,2.088225063902123,2.2238083148094065,2.1769998465384957,2.2119454966046095,2.0757910164425013,2.1397263166082374,2.1951850890617806,2.410752183862211,2.333436534901192,2.429775160707854,1.824148251544359,2.0335827202571455,2.0500284924568266,2.0887348359584808,2.203062425808528,2.2329180841529963
Latias,Dragon Breath,Outrage,40,1.3355196991897635,1.3583422448018605,1.3974621650706467,1.3227322154811292,1.3867003268753204,1.3839293448357932,1.2464721738519442,1.381464559252641,1.4565513591400214,1.4584371397424722,1.476746415138006,1.4624999296909391,1.3796365828729824,1.4416265843912008,1.409359036135448,1.4302370963912237,1.451185346670995,1.4496677442457462,1.2978568780614381,1.425873962033436,1.2935297223692495,1.3572993945552987,1.2379139162698194,1.405281872753505,1.318020908014769,1.3388065283035702,1.444367723679183,1.4522893913843868
Latias,Charm,Outrage,40,1.4734430876027302,1.532672774401834,1.493375153017837,1.4611800324763526,1.508705472885956,1.5290505638974707,1.3217868759691616,1.4952155920103811,1.548478863925428,1.5701779104161648,1.538664465581876,1.5957118281747205,1.4358874858862374,1.5225393606744098,1.4961561998131938,1.5284878657111254,1.5275558191425065,1.5504685603802772,1.3676565622411796,1.53046706886384,1.3964092420313456,1.4836699860155467,1.2921517021933742,1.4875347353671473,1.4515153509517236,1.508272760819774,1.565311392761837,1.5666417830536996
Latias,Zen Headbutt,Outrage,40,1.5837590489696143,1.6458206602418957,1.6233914159516283,1.5681352604551422,1.6136335038884084,1.6549619169764664,1.4536583801681848,1.6287163327823837,1.655886314370587,1.6689526259497198,1.6806898417105758,1.7186315458845813,1.6841592299994828,1.796905012283205,1.7126121779387193,1.7779085311985032,1.6857171503497337,1.6579830143059007,1.45910581915981,1.6429418856320412,1.5229840852486252,1.6230075099059786,1.5138269376214917,1.7404327724374276,1.6940239207167043,1.7483009303472805,1.669162113825021,1.6930374983433079
Latias,Splash,Outrage,40,1.8195612791144704,1.95292581277501,1.9418675489065313,1.9148747657789156,2.038179839277863,2.055569890236732,1.7499471403095788,1.9516275041943674,1.9350471357280792,1.987735552014355,1.9348608109336756,2.102512446183965,1.804576783328547,1.9396456713435277,1.84113560881589,1.9279850036766342,1.9840453976898489,1.949778253644601,1.6720839866397905,1.9534373545440424,1.747628534931692,1.9054468462406962,1.6298020046804964,1.8869386032609776,1.7924814529300837,1.896325495977764,1.9656583152009852,1.986518048312448
Sylveon,Charm,Dazzling Gleam,40,1.4592442750306467,1.5479258952106603,1.2784220743350871,1.4078767847222664,1.2875748250797523,1.4822570071187318,1.2828192502026423,1.4895264530706107,1.5453097732160892,1.592755873315044,1.4477647750239198,1.564725218868406,1.472745945136036,1.5830313027777518,1.5253665656431057,1.5857010385617136,1.4893159220183472,1.5497019526854683,1.380292903654398,1.5614369150938996,1.473919920666641,1.580605764777782,1.331351690860582,1.5287759183598582,1.5136954401819345,1.557726511403319,1.558759697833112,
Sylveon,Charm,Moonblast,40,1.5947389943493808,1.6802070955080386,1.4189949173037166,1.5314748742494584,1.4157487423087525,1.6081163642253444,1.375487963539134,1.6269557971283777,1.6542908090612154,1.701549137886361,1.575636134690656,1.6923142871268106,1.604921176976328,1.7200498440490117,1.6491904747770547,1.7111854475598944,1.6130282911599272,1.6679199707707006,1.5093503763469873,1.6803059539190761,1.6052140778587787,1.700775096359141,1.4670322822301551,1.654711709090528,1.6640133796765075,1.7027377087813438,1.6781889336445164,
Sylveon,Quick Attack,Dazzling Gleam,40,1.6504324555167884,1.7564306716656661,1.4334175258464037,1.598266026760316,1.458246502650828,1.6788139764713623,1.409710699048827,1.6461388072465872,1.9294513261809285,2.011772383160987,1.7911839371733178,1.9426470488104743,1.6515103732811534,1.7733420433926408,1.678856330771221,1.7555721075436614,1.6477403340569827,1.730668726051777,1.534633175194162,1.7377249672465036,1.6485409977627128,1.7726642223046865,1.4415429769542616,1.6603061767449316,1.6710978326132446,1.7330459167145151,1.760474574950943,
Sylveon,Charm,Draining Kiss,40,1.6839402550394962,1.7837610441137466,1.4979114326655487,1.6325396721666336,1.5049033842074593,1.717745845757629,1.4847015178720633,1.7396503715500227,1.7807266951748735,1.84386507994137,1.6896691617931276,1.8083534269228345,1.7151708902417488,1.8424631113141652,1.7659121055023632,1.8390932854595234,1.7118482435583915,1.7821119227127373,1.5965295750216741,1.7931988204132645,1.713196065187384,1.821159812750803,1.5450922092906016,1.766155835373176,1.764477971257953,1.8144722092443788,1.8143125280793073,
Sylveon,Quick Attack,Moonblast,40,2.002277384466963,2.1352012806973923,1.7778813635549322,1.9403760369754715,1.7775546359761494,2.030142364282172,1.6920836143998297,1.9743922143278334,2.4110009422920093,2.5702070499784444,2.3307633616287875,2.562166383506175,2.0064662438037684,2.1385461862265083,2.0276013882687627,2.093467813250436,2.0067760269085433,2.0444832475212107,1.8466718554218315,2.0624772455036218,2.02046006824753,2.1265254618075944,1.7198143031543205,1.9476577288040777,2.080328993021371,2.0921294032403384,2.0567863104618143,
Sylveon,Quick Attack,Draining Kiss,40,2.137980012476335,2.2902594511996672,1.866689789085172,2.099484619099565,1.8813029891464044,2.1985202774514288,1.8149117805392625,2.1458649509862964,2.623474585581665,2.7613355391194423,2.446261770811096,2.6824123438435756,2.147802355593688,2.3397954411907698,2.1651705222553916,2.2885968888401136,2.109077371778968,2.2265346903474788,1.9572397712118756,2.2382333066022353,2.119201040890272,2.2688883754328395,1.8221852975376716,2.121560922491967,2.1546519128067887,2.2679231091699252,2.251285893775049,
Hydreigon,Dragon Breath,Dragon Pulse,40,1.353363442162758,1.395019914642411,1.3842441149333697,1.2812593535859926,1.4516496689091825,1.3636337178236095,1.297313996030116,1.3511981359224654,1.3709365241678888,1.406415460538181,1.321995466532975,1.384504119814929,1.3414050083567746,1.4010817605424957,1.3628488854674061,1.3960403175330343,1.388759069278931,1.4009058754648762,1.2376400239787864,1.3737935581249359,1.3980891665782382,1.3945649121251091,1.2329562852171174,1.3473409400089644,1.3378367419086905,1.3601026123307536,1.4081417277234975,1.4072406901545573
Hydreigon,Bite,Dragon Pulse,40,1.5169764744924232,1.5824586180182603,1.6036147715377977,1.462242972503333,1.6942346292456,1.581118260812948,1.5581574419288553,1.6164868876103742,1.3709365241678888,1.406415460538181,1.321995466532975,1.384504119814929,1.3414050083567746,1.4010817605424957,1.3628488854674061,1.3960403175330343,1.6322797042198105,1.638895604466834,1.4342093377838099,1.6275578464124931,1.6452319287118093,1.6476617911680893,1.2329562852171174,1.3473409400089644,1.3378367419086905,1.3601026123307536,1.6687031941306174,1.697124288131535
Goodra,Dragon Breath,Draco Meteor,40,1.4664878029319384,1.5024928921885596,1.3603990211841717,1.3653362840662262,1.3116318065973527,1.4350161354315625,1.273471020676774,1.4270940106618133,1.4523134219566716,1.4938456981946755,1.4576337445451468,1.478794639222746,1.4738850796346208,1.5379057900495139,1.4961995121650344,1.5214042322617873,1.5746358496675756,1.500559954854384,1.311591332612519,1.4829515221761556,1.4369837671188048,1.5005866402070096,1.3078487833077015,1.4824350723390585,1.513902053201144,1.5158926198420781,,
Goodra,Water Gun,Draco Meteor,40,2.0255093898927177,2.062020104196756,2.0086544621159854,1.8354546586758667,1.8199368453862894,1.9528933745512616,1.82015239516,2.023472709020736,2.0948286972284786,2.2185966481312795,2.018909112052108,2.037810821556196,2.014087898641333,2.110279279963024,2.1987344372878197,2.144230458135121,2.5103465976076955,2.1897213295309843,1.907572686114144,2.1306265549402466,2.048658718504459,2.123504184166683,1.7341300339478314,1.9495549416992537,2.110681011975823,2.1027023640659555,,
Mega Ampharos,Charge Beam,Dragon Pulse,40,1.4017534872081296,1.4898775215898017,1.4077493489967785,1.4228420902431278,1.40326751170303,1.4937496699923765,1.4015094037523763,1.4752134718730416,1.4785467469798064,1.516423871108418,1.424773091510423,1.5136604140448788,1.419222008372828,1.5244902804478762,1.437185301292929,1.5149541342486743,1.4138860723347781,1.4286542378648006,1.3482440138805163,1.5455301548028815,1.4076949079954582,1.5153570036572075,1.292496308196615,1.4375586443087172,1.4495662834885268,1.5094620614917449,1.4740817288203496,1.5113094748188753
Mega Ampharos,Volt Switch,Dragon Pulse,40,1.4125438394469791,1.51566506080749,1.4166192881334903,1.4631125623297858,1.4813998361934522,1.5393210913494462,1.4407658882241092,1.5130211353291878,1.4939138183108889,1.5369953520035495,1.444896087383674,1.5740802612714306,1.4184819388430372,1.5370777697993279,1.4629876744519437,1.5400285510150273,1.407216229263152,1.4342697662211632,1.3753271303993724,1.5781936003536792,1.408998297730116,1.5139923997390932,1.3154718817729063,1.4972255891953303,1.4838746990040317,1.554281889996145,1.5027841391903762,1.5488147588390988
Giratina (Origin),Dragon Tail,Dragon Pulse,40,1.3672232810584573,1.4378653912553216,1.2827548866665122,1.360673411744221,1.2562691723088273,1.4016795274256322,1.200547674813856,1.4220487560626371,1.4719813907892014,1.5176885281113557,1.455922279513637,1.525402708097798,1.3809681372330427,1.4687406914399572,1.4232951405751586,1.4820069594308372,1.4420014570163475,1.473373954863379,1.3115750133715183,1.4601559465322242,1.3335870217436012,1.4231948102263108,1.2386677398235648,1.3959053737639715,1.3897061401828874,1.4299043952467907,1.46197945721517,1.5004779588264732
Giratina (Origin),Shadow Claw,Dragon Pulse,40,1.6099939431746468,1.711176835143852,1.4319260301872143,1.5386390392633766,1.4399675256597102,1.6349943707457777,1.3867060003738108,1.6729574241439322,1.4728750892642095,1.5200832225898706,1.4298969980103022,1.4964544990842061,1.4035014617666417,1.4873896764553922,1.3963340172790497,1.4539304510516486,1.647788111722402,1.6820712059387757,1.4931827325061195,1.6906474934470497,1.555776502575644,1.6986137464631825,1.2451751501661479,1.3990740106247816,1.396904598910903,1.4423708033416922,1.7342543770345349,1.7941612149267057
Rapidash (Galarian),Psycho Cut,Play Rough,40,1.7279044200317708,,1.565412898372735,,1.578718092920147,,1.4444809156880138,,1.718107165644794,,1.7598072492719972,,1.770857064373028,,1.8983341743192172,,1.6693172136348955,,1.6064296759766983,,1.7426625220832292,,1.5530723838209228,,1.9181119238369384,,,
Rapidash (Galarian),Low Kick,Play Rough,40,1.8684329687148646,,1.5836714862457737,,1.5568437061961606,,1.3860621074730852,,2.114188625310048,,2.201531391822259,,1.945104062801562,,2.0849947277868686,,1.7995637858657674,,1.7342135321150494,,1.91053498972644,,1.7115933400425591,,2.127892020331872,,,
Exeggutor (Alola),Dragon Tail,Dragon Pulse,40,1.476020865219315,1.5042301877826934,1.574346723157127,1.4502026558540337,1.5076805244170417,1.520676681566427,1.5287014399679086,1.533105359434552,1.5005319407412416,1.5069415950240337,1.4684156208236225,1.5043625070050028,1.4734143087244014,1.519712131947198,1.4950523926837809,1.5164463928949443,1.5438975521335814,1.5304028367871159,1.509279277899353,1.4689238667989328,1.3762125522335487,1.4619653541640898,1.50120257951377,1.490454284868018,1.5073242427201279,1.5090414328174264,1.5601079690423514,1.5389982329184235
Exeggutor (Alola),Bullet Seed,Dragon Pulse,40,1.8648826988778548,1.9348451015068762,2.181012308452066,1.8816803709472205,1.9379064094438134,1.9612363123766172,1.9948729597370025,1.9547795122526324,1.8954763117085067,1.9609746705798736,1.8475093435422318,1.9528716736783305,1.8351441164561568,1.9326758146308973,1.9080343517998677,1.9673762034244238,1.8234659801259085,1.8325497669302013,2.1948274495550546,1.936861301515081,1.7382943793746821,1.895975026920323,2.0196871351259897,1.9203268691194209,1.8674120289776108,1.9559947760528977,1.959081332123264,1.9777301563085727
Shadow Flygon,Dragon Tail,Dragon Claw,40,1.5321209406576186,1.3637322497699187,1.3223822768655469,1.2705069761076402,1.4220568259232589,1.327927726978812,1.3110370710792556,1.3744262759588437,1.3471951495201917,1.379912949889246,1.3561658258214948,1.3734174910589076,1.431261248646595,1.3606131130594836,1.4678409734637903,1.3980860866524705,1.425398566447345,1.413657660031605,1.3097280761137033,1.342820692529141,1.2057654993505025,1.2901456781504115,1.300331464220699,1.3487346609255253,1.4222313720561015,1.386560636794719,1.396133125486539,1.3874087504223398
Shadow Flygon,Mud Shot,Dragon Claw,40,1.875513651431514,1.6261383148227972,1.6574832293945738,1.5350388369261725,1.8122736459768765,1.5867408429858527,1.613608629111771,1.6605032668228943,1.6315613419421358,1.71752428598753,1.5788340159945367,1.6313075146620297,1.78729409068126,1.639978563933261,1.8004859403790479,1.7139110257845913,1.7736804380726046,1.7267114471810314,1.4265950280616984,1.4444338972643331,1.337821939647257,1.4368906390849636,1.6354848612783761,1.6540817637122556,1.6740358643518096,1.637358640601397,1.6711439305793176,1.7138709200618318
Shadow Flygon,Splash,Dragon Claw,40,2.8269360080080657,2.1150209858293594,2.3267808684909954,1.973843606475957,2.6602296334359115,2.1339845330387814,2.112072712122306,2.1140059347661255,2.0299982147158127,2.1473646993681856,1.9788070534658961,2.0979638792010404,2.4940613834965744,2.1193743543374532,2.314514879555875,2.15028473086084,2.240776405283359,2.1797432594425743,2.3174539006493196,,1.8659294082213471,2.0721055109949056,2.180761760498728,2.0823940320885335,2.1767650802778795,2.102255586347213,2.070116089462659,2.1403955052015466
Arceus (Dragon),Shadow Claw,Outrage,40,,,,,,,,,,,,,,,,,,,,,,,,,,,,
Arceus (Dragon),Iron Tail,Outrage,40,,,,,,,,,,,,,,,,,,,,,,,,,,,,
Druddigon,Dragon Tail,Dragon Claw,40,1.516036442503681,1.5385419544568286,1.5642532891515741,1.4652126803598216,1.4874774793981238,1.5240341604335728,1.4660974355006866,1.5387076636242136,1.5461050697845404,1.5617028656160568,1.5257869794928023,1.5833883520237022,1.5307309011581758,1.5909611782219073,1.5964880787356457,1.6109632372091465,1.5697520511245315,1.5916574795972982,1.5528769414230386,1.5720198979380222,1.4422787117987401,1.538978815937009,1.5059560673401964,1.549404485744317,1.531112881737333,1.5319497817447798,,1.5727013472618212
Druddigon,Bite,Dragon Claw,40,2.000501728189988,2.098418874695238,2.1669529810104646,1.8924816800685,1.9717727543113956,1.995455126382998,1.878844298325136,1.9159086055229264,1.6900077960930802,1.7266872344723017,1.7112751537448414,1.802009684592073,1.6858935059746034,1.7677349856055682,1.7122031577704255,1.7436717667308337,1.960884718870447,1.998313018599814,2.0069504697197673,1.976886119641997,1.8301784047462766,2.0020682720948084,1.7161982179849284,1.740427604960628,1.7013923991224071,1.7281110287510348,,2.020005712087378
Shadow Flygon,Dragon Tail,Earthquake,40,1.873159377924141,,,,,,,,,,,,,,,,,,,,,,,,,,,
Shadow Flygon,Dragon Tail,Stone Edge,40,1.9193425352347653,,,,,,,,,,,,,,,,,,,,,,,,,,,
Shadow Flygon,Dragon Tail,Earth Power,40,2.014239433197206,,,,,,,,,,,,,,,,,,,,,,,,,,,
Shadow Flygon,Dragon Tail,Frustration,40,2.039964620160886,,,,,,,,,,,,,,,,,,,,,,,,,,,
Shadow Flygon,Mud Shot,Earth Power,40,2.7774205540363117,,,,,,,,,,,,,,,,,,,,,,,,,,,
Shadow Flygon,Mud Shot,Earthquake,40,3.2540134175002353,,,,,,,,,,,,,,,,,,,,,,,,,,,
Shadow Flygon,Mud Shot,Stone Edge,40,3.304001675600786,,,,,,,,,,,,,,,,,,,,,,,,,,,
Druddigon,Dragon Tail,Return,40,1.8258677671712809,,1.7859373337608986,1.7311889967965437,1.7439345555341799,1.796225310972151,1.7365182502856038,1.8443842224184666,2.1352896808461193,,2.2040925470269532,2.2427032072477244,1.8908284176710555,1.9294634460596936,1.9496515750223615,1.9340474992494638,1.8796202748572162,1.901115808929064,1.8275499995061282,1.882842199948014,,1.8315784139075906,1.7530844282380196,1.826747608825002,,,,
Druddigon,Dragon Tail,Hyper Beam,40,1.9780184841978512,,2.0047316242178432,1.8771490631750716,1.974774076558013,1.9428959985073013,1.9359486353376472,1.973180138160001,2.1352896808461193,,2.2040925470269532,2.242105328597907,2.0228667482425804,2.0559458320531996,2.2664520100194157,2.106108049070942,2.0620981096139093,2.0662875429688956,2.0118105496449203,2.0004266310812344,,1.9322419724980937,1.9676395576167405,1.992095370652252,,,,
Druddigon,Dragon Tail,Night Slash,40,2.1286572163265896,,2.0620368508561646,2.032610023555239,2.0225194570520695,2.0939376262297134,1.9927641674461567,2.138406063816881,1.8909416370527812,,1.8803235389430404,1.9260562419200087,1.9018498170785003,1.9339134466165107,1.9553674371528829,1.9675067478403203,2.201101659838611,2.254310514743097,2.129843420699965,2.2143936660699097,,2.1261842691514383,1.7995582871309226,1.8681033749989235,,,,
Druddigon,Bite,Return,40,2.944065489877485,,2.9191814165521133,2.7337619046744623,2.7614690914486157,2.8628231788381915,2.55191822301915,2.6927665781699184,2.6139426469531855,,2.9836979307541838,3.010481053114277,2.2123707018798733,2.2956699070320803,2.2071208243051026,2.2196895375395544,2.726424126182434,2.7870258738033993,2.709849907359677,2.7807314884938066,,2.810671194860016,2.1441080919594904,2.237257208162067,,,,
Druddigon,Bite,Hyper Beam,40,3.224932631418602,,3.5371192307011894,3.0325259324205405,3.3962403257895177,3.104488782386617,3.0694078132917184,2.8805010047620923,2.6139426469531855,,3.004507929577067,3.1287488273188746,2.3563477595460767,2.4105528972333103,2.589179237774181,2.3871865684468183,3.1425003287245095,3.0432949738462853,3.0698229223971896,2.9152571040246187,,2.928799983195984,2.466956896549431,2.43032485080783,,,,
Druddigon,Bite,Night Slash,40,3.450528068126591,,3.3851126009456767,3.2040787062776057,3.306034277260467,3.323445662655883,2.9669382946371705,3.1363877627863856,2.0753984141605786,,2.1263423049769803,2.2055626752730877,2.095512492352258,2.158512395363948,2.117467518893764,2.128933382792236,3.196146802140642,3.2569622640960336,3.1599602459471856,3.2093595888195963,,3.243145111681692,2.0665927241877697,2.1155912136418396,,,,
Giratina,Dragon Breath,Dragon Claw,40,1.5345772644185083,,1.4031299980739622,,1.4370973239554077,,1.4461762994687346,,1.7080208909941392,,1.6041735486193387,,1.6516205186016273,,1.6423436497776915,,1.6140059618833429,,1.5176941847720773,,1.6388548766738615,,1.3708453079180836,,1.5447572530790104,,,
Giratina,Shadow Claw,Dragon Claw,40,1.8128851705703568,,1.5402864538756338,,1.5811090966160979,,1.588040625510103,,1.626391148370849,,1.567206838791725,,1.5347764005401134,,1.570449355914278,,1.788061211692207,,1.6843764787820996,,1.8192067384216735,,1.3502643852638585,,1.5481990951105002,,,
Giratina,Dragon Breath,Return,40,1.8857233916771239,,,,1.797801184318187,,1.824957865581116,,2.4705287610339015,,2.452310611750133,,2.1080968404792526,,,,2.042512404731892,,1.9084862295906297,,2.0577359026870106,,1.6793106443384056,,1.8761543311141764,,,
Giratina,Dragon Breath,Shadow Sneak,40,2.206658337020622,,,,2.164285745904671,,2.262517416797233,,2.1418814993851862,,2.10925837940382,,2.1032861209761284,,,,2.4371245416962872,,2.313879652850616,,2.4629512196000163,,1.7700494652438425,,2.0025688166108955,,,
Giratina,Dragon Breath,Ancient Power,40,2.206658337020622,,,,1.927152947660516,,1.8754136640658803,,2.4705287610339015,,2.452310611750133,,2.562718707580674,,,,2.4371245416962872,,2.313879652850616,,2.4629512196000163,,1.9540523777182406,,2.210123192787929,,,
Giratina,Shadow Claw,Return,40,2.54290508193035,,,,2.163905969525999,,2.1802446039805794,,2.2662844327444365,,2.3600854250431724,,1.8912962454269624,,,,2.4682090248568365,,2.297522476772161,,2.4928261937334355,,1.6481767239877168,,1.9004278094290699,,,
Giratina,Shadow Claw,Shadow Sneak,40,3.166518540413895,,,,2.816602048543501,,2.745136881580628,,2.0598888370088355,,2.084089742467949,,1.9832902859854125,,,,3.127239008682275,,2.912155195791048,,3.032995590449582,,1.7574886213179397,,2.0231015473319136,,,
Giratina,Shadow Claw,Ancient Power,40,3.3238470270779983,,,,2.1008180100297804,,2.037690707809816,,2.2662844327444365,,2.3600854250431724,,2.203329599392105,,,,3.1926245658381798,,3.020141092722062,,3.078350058447352,,1.9210166897978,,2.2807711340932877,,,
Flygon,Dragon Tail,Dragon Claw,40,1.56992949420068,1.6218613817377683,1.5985466762644636,1.5311344050695344,1.5324562011850102,1.5832504983043214,1.5338736194474594,1.6256870138226605,1.6197695927016738,1.6394099926437045,1.5550426911453743,1.6084619545090015,1.5459883468926534,1.6094769013887589,1.661918622458807,1.6429407609970907,1.6165402026279134,1.6403095533086811,1.5577412204511392,1.579850331629652,1.4455606169685193,1.554703240741204,1.512525894499153,1.5538256740467973,1.69070197357691,1.6179505084226027,,
Flygon,Mud Shot,Dragon Claw,40,1.899240902068025,2.0060401029902413,2.0092983018726414,1.8222709294300932,1.856490169190275,1.914703828295495,1.912078705577281,1.994020104703412,1.9100691084565427,1.9624776944526305,1.854643640021171,1.9753891643523884,1.8887291459679678,2.0112991355105487,1.9372365077550688,1.9529882095121252,1.9265481659095627,1.9503198211319264,1.689347357764573,1.6988871306527762,1.5599109194142429,1.6931946735269732,1.8532936126946429,1.8464203427834502,2.0565795097786936,1.973700106272281,,
Flygon,Dragon Tail,Return,40,1.9189624875780673,1.9448170991171,1.8386482753740512,1.8145983830090324,1.8076724190610498,1.876752980364273,1.8227999527840566,1.9432123143253621,2.2657907858208297,2.2707431811717895,2.2034153486331904,2.236666278856689,1.8643253130891884,1.9126434892743398,2.016059988501965,1.964513738980176,1.9436052479716508,1.950615183097168,1.8211143493511455,1.881668037476368,,,1.7686774259025597,1.841505248546273,2.041837697831067,1.9427915694015332,,
Flygon,Dragon Tail,Earthquake,40,1.9471619058326866,1.9618324368178388,1.9758413084498236,1.8753855797260108,1.924522752009027,1.908613972583168,1.9388932294510846,1.959607399864438,1.9489118217504662,1.961465107789341,1.9071053673388012,1.9262302531451834,1.8829712658952629,1.9420153739627872,2.0927063262557897,2.013571352331586,2.028601208633222,1.99876764955742,1.6665446063787142,1.5961285798487428,,,1.8686268007766953,1.879561693120029,2.208912106030421,1.9755433620307268,,
Flygon,Dragon Tail,Stone Edge,40,2.0354784438673734,2.037477152697414,1.8533782027851051,1.7228680791024835,1.7567484466387984,1.7663143402706158,1.804370831952884,1.8101176738470601,2.055257609113612,2.03927041676557,1.9933902472600682,2.0200060806236224,1.9759526455389809,2.013348504346311,2.1320357310588194,2.07381354258849,2.0826167948818783,2.067402637568592,1.9269168081835932,1.9637145868789914,,,1.8857287424351616,1.950424051384191,2.177058096739848,2.0604810453316356,,
Flygon,Dragon Tail,Earth Power,40,2.1114986290539015,2.071368545205185,2.086302682923122,2.0015139104667594,2.104237269464824,2.041508315731968,2.029303260321144,2.0928369921264225,2.1018179791850655,2.068885662710564,2.0878247082218326,2.0750702424522856,2.0656247603112963,2.0455438276602376,2.241579457798823,2.126771687651767,2.1639534621245087,2.1473229184111515,1.6399533097925896,1.5674423805696507,,,1.9949350931616707,2.0054629216689155,2.2939174493775623,2.132928552842273,,
Flygon,Splash,Dragon Claw,40,2.353462908291685,2.4941210992093517,2.781469474545531,2.3525550796932277,2.468457266838343,2.471202571361884,2.4560556007545515,2.498330998754622,2.450831952995263,2.5688293524753476,2.3189382122019406,2.50481929387204,2.3314307029857853,2.506239396488532,2.47830245894168,2.5226430337382886,2.4774936322595607,2.510780791101255,,,,,2.555173273338702,2.3946963714202587,2.61123584615404,2.4607450636694885,,
Flygon,Mud Shot,Earth Power,40,2.774334746592582,2.7666824263299277,2.9135373537936835,2.5837120494872816,2.950566537925663,2.664801464537884,2.876185872856331,2.7841658482724894,2.6503468099401246,2.660965340669572,2.7336695003923244,2.7602046570945693,2.791680862183678,2.7785688276391816,2.895800691187247,2.7417085485470984,2.7878742005971597,2.7254291465959954,1.7262959803562146,1.662454616152007,,,2.6664856346217336,2.5761605572487154,3.0451072724366184,2.8232301241388105,,
Flygon,Mud Shot,Return,40,2.926974769876905,3.078822872281065,2.834364498516353,2.7624332010162655,2.766975543652888,,2.9001453816340526,3.087572938855824,,,,,2.8574955897278564,3.033310315094085,2.8918538465473373,2.9127057176304403,2.8103903870527382,2.8692021126158767,2.194303897764822,2.2958158424213155,,,2.5918007048677536,2.7255646685381922,3.1352100592668277,3.0275676873281365,,
Flygon,Mud Shot,Earthquake,40,2.972396290466484,2.9360557619517635,,,,2.8711387957709786,,,2.734340944911835,2.7146673487949426,2.8045926363795193,2.9394779604037136,2.915496956064949,2.943262317432905,2.9381739070393778,2.807011014423089,3.0648026089034692,2.9027668092944303,1.9113120827230916,1.7288525345482981,,,2.8668113592886195,2.689663960481534,3.4653789676577795,3.056152119112149,,
Rapidash (Galarian),Psycho Cut,Psychic,40,2.4890725078158433,,2.2319455148114287,,2.251954863801272,,,,2.4321312067676004,,2.513669574496526,,3.755293664369817,,3.801865620349711,,2.3539258108006473,,2.2702889083033777,,2.475158021774736,,3.2131914366655203,,4.015617085116472,,,
Rapidash (Galarian),Low Kick,Psychic,40,2.6368584117335576,,2.1383883225806612,,2.091446427489297,,,,3.0958625774855593,,3.221926179104724,,3.9970769126489634,,3.9942061440597243,,2.4923018742712513,,2.4033018405383975,,2.6566411823923826,,3.417913606347215,,4.299501845041673,,,
Rapidash (Galarian),Psycho Cut,Megahorn,40,3.1865923829074205,,2.9311908718273014,,2.8764201863356726,,,,3.5835262109297426,,4.068387575233578,,2.5477366251473805,,2.693681996186829,,2.922025331677716,,2.796552651001054,,3.1425586956931535,,2.2463306759797743,,2.9077863527875043,,,
Rapidash (Galarian),Psycho Cut,Body Slam,40,3.217699621357744,,2.937430536193437,,2.8808969072495416,,,,4.638268675762814,,5.544302199213184,,3.4243745351153985,,3.5620778098243573,,3.032513865392299,,2.8747006290113064,,3.1389795234110296,,2.975885826640734,,3.731396511602607,,,
Rapidash (Galarian),Low Kick,Body Slam,40,3.3579513513611534,,2.614762318730081,,2.5693864011461267,,,,7.467772451269137,,8.130119567128856,,3.6734909199230144,,3.7697595896073093,,3.1424001677077036,,3.0170742206238272,,3.255988020781375,,3.154480057611021,,4.024733502471894,,,
Rapidash (Galarian),Low Kick,Megahorn,40,3.436868793567433,,2.544410367115735,,2.527596498384449,,,,5.626593551004197,,6.233490937768716,,2.9420626695658223,,3.2850559545063476,,3.1429183326849945,,3.101085721012459,,3.4143143169221126,,2.573652840926171,,3.4884470684957223,,,
Tapu Lele,Charm,Play Rough,40,1.1858806152573969,1.2710003866374957,1.0716553284591872,1.1669942998416583,1.0436483850777802,1.2077584202703306,1.0156378601708662,1.2023261504499503,1.254834739728806,1.2907898874273078,1.2350189093970683,1.2972675974698211,1.1586143451124908,1.2500721757027529,1.1982645798428209,1.276412886674011,1.1913621523757292,1.266201505965047,1.125282049689035,1.2707030889753583,1.205064586495834,1.2872545982934367,1.0588139993503596,1.2197478870449485,1.2685889229887282,1.2403668706353193,1.256177447526403,1.2908527861359527
Tapu Lele,Charm,Moonblast,40,1.332931721081379,1.3910322687444137,1.1926370046900139,1.2841546378178086,1.1564001961770909,1.32643313036115,1.1283842710651382,1.3090830953781067,1.3698799845345797,1.4050130862886492,1.3704699887960146,1.4332784182563176,1.2874423632280516,1.357483190898815,1.3414630038836919,1.3900647799120038,1.3192025826662426,1.3830294920139299,1.2478681798515876,1.3945795604725193,1.3618491602918916,1.4148939929976598,1.1936981694348208,1.341015049714497,1.4215251745106785,1.361733378481269,1.3784416396656902,1.4004088911032797
Tapu Lele,Charm,Draining Kiss,40,1.3936787778994784,1.4808698781372363,1.2630803994896125,1.356758286217274,1.2351186707053354,1.4087407990423537,1.1970561375830409,1.4044192476350912,1.466438241843681,1.5068396853116288,1.4502388292904265,1.5099594042883495,1.360477317198902,1.4555488914233181,1.4109782760399858,1.4877346292683697,1.4028385500571763,1.4743168167155187,1.3296833585303367,1.4830517969013577,1.4255650352029072,1.5045601454303135,1.2525413653567181,1.4304924567944644,1.4681026990781174,1.4475545422813563,1.4724028881749796,1.513858837452762
Shadow Dragonite,Steel Wing,Dragon Pulse,40,,,1.2787789768379643,,,,1.185515508683462,,,,,,,,,,,,,,,,,,,,,
Dragonite,Steel Wing,Dragon Claw,40,,,1.229440420030692,1.2609824804195116,1.2287846886212759,1.3248888959955165,1.3036286442385197,1.3369305328846308,1.5740259109174881,,1.498743620269551,1.611799488623698,1.4846834682130416,,,,,,,,,,1.3309814464101253,,,,,
Dragonite,Steel Wing,Dragon Pulse,40,,,,,,,1.4193100726305599,,,,,,,,,,,,,,,,,,,,,
Clefable,Charm,Dazzling Gleam,40,,,,,,,,,,,,,,,,,,,,,,,,,,,,
Clefable,Charm,Moonblast,40,,,,,,,,,,,,,,,,,,,,,,,,,,,,
Clefable,Pound,Dazzling Gleam,40,,,,,,,,,,,,,,,,,,,,,,,,,,,,
Clefable,Zen Headbutt,Dazzling Gleam,40,,,,,,,,,,,,,,,,,,,,,,,,,,,,
Clefable,Charge Beam,Dazzling Gleam,40,,,,,,,,,,,,,,,,,,,,,,,,,,,,
Ninetales (Alola),Charm,Dazzling Gleam,40,,,,,,,,,,,,,,,,,,,,,,,,,,,,
Ninetales (Alola),Powder Snow,Dazzling Gleam,40,,,,,,,,,,,,,,,,,,,,,,,,,,,,
Ninetales (Alola),Feint Attack,Dazzling Gleam,40,,,,,,,,,,,,,,,,,,,,,,,,,,,,
Slurpuff,Charm,Play Rough,40,,,,,,,,,,,,,,,,,,,,,,,,,,,,
Slurpuff,Charm,Draining Kiss,40,,,,,,,,,,,,,,,,,,,,,,,,,,,,
Slurpuff,Tackle,Play Rough,40,,,,,,,,,,,,,,,,,,,,,,,,,,,,
Slurpuff,Tackle,Draining Kiss,40,,,,,,,,,,,,,,,,,,,,,,,,,,,,
Togekiss,Hidden Power Fighting,Dazzling Gleam,40,,,1.464590532615442,1.5069943624914437,1.5153612777989414,1.55933493930333,1.2794487656979832,1.5272005964271267,,,,,,,,,,,1.584791316751362,,1.8007430301081704,1.8377578352337323,,,,,,
Dragonite,Steel Wing,Draco Meteor,40,,,1.361637864554952,1.300146211637673,1.3475153827496145,1.3280204454605387,,1.3491449764976613,,,,,,,,,,,,,,,,,,,,
Xerneas,Tackle,Moonblast,40,,,,,,,,,,,,,,,,,,,,,,,,,,,,
Xerneas,Zen Headbutt,Moonblast,40,,,,,,,,,,,,,,,,,,,,,,,,,,,,
Kingdra,Dragon Breath,Outrage,40,,,,,,,,,,,,,,,,,,,,,,,,,,,,
Kingdra,Water Gun,Outrage,40,,,,,,,,,,,,,,,,,,,,,,,,,,,,
Kingdra,Waterfall,Outrage,40,,,,,,,,,,,,,,,,,,,,,,,,,,,,
Shadow Dragonite,Steel Wing,Draco Meteor,40,,,,,,,,,,,,,,,,,,,,,,,,,,,,
Mega Ampharos,Volt Switch,Power Gem,40,,,1.665960286747889,,,1.7757707051240534,1.6733726828221662,,,,,,,,,,,,,,,,,,,,,
Mega Ampharos,Charge Beam,Power Gem,40,,,1.67590467085312,,,1.7279237122455462,1.6403631646346128,,,,,,,,,,,,,,,,,,,,,
Mega Ampharos,Volt Switch,Focus Blast,40,,,2.0871414685875216,,,1.9027969806905134,2.221633499475062,,,,,,,,,,,,,,,,,,,,,
Mega Ampharos,Volt Switch,Return,40,,,2.089426651228466,,,2.275639852428068,2.137680474819365,,,,,,,,,,,,,,,,,,,,,
Mega Ampharos,Charge Beam,Focus Blast,40,,,2.120338235136558,,,1.8218654222297277,2.226812242702431,,,,,,,,,,,,,,,,,,,,,
Mega Ampharos,Charge Beam,Return,40,,,2.1461354789343057,,,2.311123364930856,2.1712623302961833,,,,,,,,,,,,,,,,,,,,,
Mega Ampharos,Volt Switch,Thunder,40,,,3.1457417499933347,,,,3.330598761216342,,,,,,,,,,,,,,,,,,,,,
Mega Ampharos,Volt Switch,Thunder Punch,40,,,3.146327285375743,,,,3.0994853268493547,,,,,,,,,,,,,,,,,,,,,
Mega Altaria,Dragon Breath,Return,40,,,1.6807848964760985,,,,,,,,,,,,,,,,,,,,,,,,,
Mega Altaria,Dragon Breath,Sky Attack,40,,,1.7510609527383245,,,,,,,,,,,,,,,,,,,,,,,,,
Mega Altaria,Peck,Sky Attack,40,,,2.535175004067602,,,,,,,,,,,,,,,,,,,,,,,,,
Mega Altaria,Peck,Return,40,,,2.557543003836378,,,,,,,,,,,,,,,,,,,,,,,,,
Flygon,Mud Shot,Stone Edge,40,,,2.8904333734238197,2.4925184814167234,2.618877460602653,2.5682904402989033,2.753571835539165,2.716407790178859,3.078159266364401,3.1274199028250727,3.352412790043131,3.3751931278887777,,,,,,,2.413903477988135,,,,,,,,,
Exeggutor (Alola),Dragon Tail,Seed Bomb,40,,,1.9312881454499788,1.9239882032613966,1.8756285276170546,1.9833515108338555,1.8889756044862034,2.0463993861934737,,,,,,,,,,,1.8563345639090822,,,,1.874063415219408,,,,,
Exeggutor (Alola),Dragon Tail,Solar Beam,40,,,1.971618227940702,1.9188257529073012,1.9066504166066482,1.9948484875326427,1.916943303529973,2.017675758047138,,,,,,,,,,,1.889247896285211,,,,1.9019746060325038,,,,,
Exeggutor (Alola),Bullet Seed,Seed Bomb,40,,,4.046116268390483,3.767563516351,3.702356521588257,3.9779812011552766,3.7851750976572696,4.04047040905143,,,,,,,,,,,4.18416845617642,,,,4.0316328558397005,,,,,
Exeggutor (Alola),Bullet Seed,Solar Beam,40,,,4.9137979793298525,3.904302236392115,4.301947966870922,3.977228870050446,4.80605147420162,4.031418368767825,,,,,,,,,,,4.531366511686366,,,,4.261578469078104,,,,,
Hydreigon,Dragon Breath,Return,40,,,,,1.5834653994157122,,,,,,,,,,,,,,,,,,,,,,,
Hydreigon,Dragon Breath,Flash Cannon,40,,,,,1.6464367903584018,,,,,,,,,,,,,,,,,,,,,,,
Hydreigon,Dragon Breath,Dark Pulse,40,,,,,1.7202508884981336,,,,,,,,,,,,,,,,,,,,,,,
Hydreigon,Bite,Return,40,,,,,2.0478075062923358,,,,,,,,,,,,,,,,,,,,,,,
Hydreigon,Bite,Dark Pulse,40,,,,,2.1152437119762513,,,,,,,,,,,,,,,,,,,,,,,
Hydreigon,Bite,Flash Cannon,40,,,,,2.2341812885745367,,,,,,,,,,,,,,,,,,,,,,,
Togekiss,Hidden Power Ghost,Dazzling Gleam,40,,,,,,,,,1.5632542561597587,1.6112618580298472,1.472230790124646,1.5825915357363936,1.4960661175156924,1.5966434297557053,1.5339102033375458,1.6077737399239223,,,1.584791316751362,1.8061521113020849,1.8007430301081704,1.8377578352337323,1.3498914140265383,1.5417713736014582,1.4970317135699798,1.5388191036583843,,
Togekiss,Hidden Power Dark,Dazzling Gleam,40,,,,,,,,,1.5632542561597587,1.6112618580298472,1.472230790124646,1.5825915357363936,1.4960661175156924,1.5966434297557053,1.5339102033375458,1.6077737399239223,,,,,,,1.3498914140265383,1.5417713736014582,1.4970317135699798,1.5388191036583843,,
Tapu Koko,Volt Switch,Brave Bird,40,,,,,,,,,2.62955617201266,2.748030047456534,2.6138467120393387,2.7224106505053522,,,,,,,,,,,,,2.9515924936716895,,,
Tapu Koko,Quick Attack,Brave Bird,40,,,,,,,,,3.055301396113363,3.161653008087515,2.8207617740887816,2.8725626808978126,,,,,,,,,,,,,2.3899248910426514,,,
Tapu Koko,Volt Switch,Thunderbolt,40,,,,,,,,,3.4206108418512873,3.495157661045566,3.360618120244327,3.455645817587804,,,,,,,,,,,,,3.7363887604675385,,,
Tapu Koko,Volt Switch,Thunder,40,,,,,,,,,3.8330738156910638,3.981751913537301,3.7794613365604763,3.9597118719883673,,,,,,,,,,,,,4.291157753985212,,,
Tapu Koko,Quick Attack,Thunderbolt,40,,,,,,,,,3.928019243039505,4.027440332020898,3.6426267887257864,3.6941061468473566,,,,,,,,,,,,,3.1064303402137807,,,
Tapu Koko,Volt Switch,Return,40,,,,,,,,,4.667879568320396,4.784159849452946,4.712711407173229,4.8785020943219,,,,,,,,,,,,,2.961284244669375,,,
Tapu Koko,Quick Attack,Thunder,40,,,,,,,,,4.7663929230912245,4.893273859224202,4.257664013261231,4.358318301996215,,,,,,,,,,,,,3.2635584174485683,,,
Tapu Koko,Quick Attack,Return,40,,,,,,,,,6.099172536624736,6.268272671327631,5.44975236371026,5.6326219832602265,,,,,,,,,,,,,2.4736518950046222,,,
Togekiss,Hidden Power Bug,Dazzling Gleam,40,,,,,,,,,,,,,1.4960661175156924,1.5966434297557053,1.5339102033375458,1.6077737399239223,,,,,,,1.3498914140265383,1.5417713736014582,1.4970317135699798,1.5388191036583843,,
Primarina,Charm,Return,40,,,,,,,,,,,,,1.692028198985771,,1.8394119035183945,,,,,,1.8494191165522182,1.8506263552544615,,1.6968234995875382,1.7604132332312137,1.714483850377641,,
Primarina,Charm,Hydro Pump,40,,,,,,,,,,,,,1.9199796476419981,,2.0405055746101834,,,,,,2.0858341577809534,2.0945628227368567,,1.9177611045519107,1.9765917249417877,1.9251705023025354,,
Primarina,Charm,Psychic,40,,,,,,,,,,,,,1.976800630726888,,2.0949938289108423,,,,,,1.9912178589863097,1.9907686826040312,,1.98208776547444,2.0091102135702497,1.9770555186802636,,
Primarina,Waterfall,Return,40,,,,,,,,,,,,,2.8663170258801367,,3.2315447279236995,,,,,,3.213988318577998,3.222648935317763,,2.868376352577691,3.1493405736001785,3.023481658712198,,
Primarina,Waterfall,Hydro Pump,40,,,,,,,,,,,,,3.4665119875567005,,3.883919634167983,,,,,,4.029716491684675,3.8797575398297974,,3.4393632170763393,3.887412268138024,3.618227569226046,,
Primarina,Waterfall,Psychic,40,,,,,,,,,,,,,3.5441629223203472,,3.92649204473666,,,,,,3.1273575124704984,3.094396227365007,,3.5775703797234204,3.9041094412439508,3.7241526312853765,,
Noivern,Bite,Draco Meteor,40,,,,,,,,,,,,,,,,,,,,,,,,,,,,
Noivern,Air Slash,Draco Meteor,40,,,,,,,,,,,,,,,,,,,,,,,,,,,,
Granbull,Charm,Return,40,,1.9324668091675687,,1.7269550054640335,,,,,,,,,,,1.9717018249288425,,,1.927916970587356,,,1.8856505447708416,,,,1.949030330395616,1.908171791619868,,
Granbull,Charm,Crunch,40,,2.2691260953815737,,2.017350750117765,,,,,,,,,,,1.9786717454214686,,,2.2590420737351935,,,2.199625191391517,,,,1.952846602330717,1.9314210856185658,,
Granbull,Bite,Crunch,40,,,,,,,,,,,,,,,2.12263521400512,,,3.085809900022991,,,3.1377450759243715,,,,2.0919914348204256,2.041249361958737,,
Granbull,Snarl,Crunch,40,,3.258758454300106,,,,,,,,,,,,,2.157745743127335,,,,,,,,,,2.086170216400614,2.0524733011845107,,
Granbull,Bite,Return,40,,3.0136070285874443,,2.642808998194282,,,,,,,,,,,2.244380972289147,,,2.735022166698547,,,2.760063714921792,,,,2.242650942139184,2.2037072842078733,,
Granbull,Charm,Close Combat,40,,2.0361350717185394,,1.6461306790275414,,,,,,,,,,,2.266793035584334,,,2.052316742107785,,,2.025298839758094,,,,2.263062474274521,2.2154570894181,,
Granbull,Snarl,Return,40,,2.7547195362866006,,2.4596300443744115,,,,,,,,,,,2.3331414011982625,,,2.699559311693387,,,2.746981102622707,,,,2.207692163144805,2.147158029345731,,
Clefable,Pound,Moonblast,40,,,,,,,,,,,,,,,,,,,,,,,,,,,,
Clefable,Charge Beam,Moonblast,40,,,,,,,,,,,,,,,,,,,,,,,,,,,,
Shadow Salamence,Splash,Draco Meteor,40,,,,,,,,,,,,,,,,,,,,,,,,,,,,
Togekiss,Hidden Power Ground,Dazzling Gleam,40,,,,,,,,,,,,,,,,,1.6776372081931004,1.7599256462498105,1.4201267394247141,1.602739507611371,1.6418204523585769,1.6757202749234845,,,,,,1.819176797589316
Togekiss,Hidden Power Grass,Dazzling Gleam,40,,,,,,,,,,,,,,,,,,,,,,,,,,,,
Goodra,Dragon Breath,Return,40,,,,,,,,,,,,,,,,,1.847134954595528,,,,,,,,,,,
Goodra,Dragon Breath,Power Whip,40,,,,,,,,,,,,,,,,,1.9217093613755838,,,,,,,,,,,
Goodra,Dragon Breath,Sludge Wave,40,,,,,,,,,,,,,,,,,2.0477458305129836,,,,,,,,,,,
Goodra,Dragon Breath,Muddy Water,40,,,,,,,,,,,,,,,,,2.1834138518586674,,,,,,,,,,,
Goodra,Water Gun,Power Whip,40,,,,,,,,,,,,,,,,,3.0323001311962545,,,,,,,,,,,
Goodra,Water Gun,Return,40,,,,,,,,,,,,,,,,,3.3667807358428554,,,,,,,,,,,
Goodra,Water Gun,Sludge Wave,40,,,,,,,,,,,,,,,,,4.136587235285668,,,,,,,,,,,
Goodra,Water Gun,Muddy Water,40,,,,,,,,,,,,,,,,,6.855480052672852,,,,,,,,,,,
Clefable,Zen Headbutt,Moonblast,40,,,,,,,,,,,,,,,,,,,,,,,,,,,,
Granbull,Snarl,Close Combat,40,,3.204891283578352,,2.282743073337083,,,,,,,,,,,,,,,,,,,,,,,,
Sylveon,Charm,Return,40,,1.9005255677743509,,,,,,,,2.2338191029624643,,,,1.9439516012431162,,1.94774923476465,,,,1.916203118983616,,1.9291126690390115,1.6614939187332385,1.8918859006144433,,1.931407621837374,,
Sylveon,Charm,Last Resort,40,,2.0774827449794544,,,,,,,,2.2336563939471406,,,,2.1302360372418208,,2.12504935051869,,,,2.0827109687783283,,2.1151010647100215,1.8502261104872755,2.0734234795916495,,2.106284004634105,,
Sylveon,Charm,Psyshock,40,,2.179436822508802,,,,,,,,2.2338191029624643,,,,2.2603857911799934,,2.2348344095947406,,,,2.194693417046396,,2.2298462665910486,1.9397999283320602,2.1971077857024905,,2.246933349062449,,
Sylveon,Quick Attack,Return,40,,2.9009834430140455,,,,,,,,,,,,2.855115266351973,,2.816240757224255,,,,2.7726591877153983,,2.8123575423415086,2.2348356066754933,2.5731493037573925,,2.8162827672485005,,
Granbull,Bite,Close Combat,40,,,,2.42781745537526,,,,,,,,,,,,,,2.987763643757065,,,3.1921743453081035,,,,,,,
Mega Ampharos,Volt Switch,Zap Cannon,40,,,,,,3.1821832464605637,,,,,,,,,,,,,,,,,,,,,,
Mega Ampharos,Charge Beam,Zap Cannon,40,,,,,,3.2024770329073533,,,,,,,,,,,,,,,,,,,,,,
Sylveon,Quick Attack,Psyshock,40,,,,,,,,,,3.8431018859282218,,,,,,,,,,,,,,,,,,
Flygon,Splash,Earth Power,40,,,,,,,,,,,,,,,,,,,,2.380607260133773,,,,,,,,
Togekiss,Charm,Return,40,,,,,,,,,,,,,,,,,,,,,1.7918216808225962,,,,,,,
