Attacker,Fast Move,Charged Move,Level,"Regice, Tier 5","Arceus (Bug), Tier 5","Arceus (Grass), Tier 5","Arceus (Ice), Tier 5","Arceus (Steel), Tier 5","Genesect (Chill), Tier 5","Genesect (Shock), Tier 5","Genesect, Tier 5","Genesect (Burn), Tier 5","Genesect (Douse), Tier 5","Shaymin, Tier 5","Zacian (Crowned Sword), Tier 5","Zamazenta (Crowned Shield), Tier 5","Cobalion, Tier 5","Registeel, Tier 5","Mega Abomasnow, Mega Tier","Mega Aggron, Mega Tier","Mega Beedrill, Mega Tier","Mega Glalie, Mega Tier","Mega Lucario, Mega Tier","Mega Mawile, Mega Tier","Mega Metagross, Mega Tier","Mega Scizor, Mega Tier","Mega Steelix, Mega Tier","Mega Venusaur, Mega Tier","Piloswine, Tier 3","Amoonguss, Tier 3","Ariados, Tier 3","Bellossom, Tier 3","Cryogonal, Tier 3","Durant, Tier 3","Excadrill, Tier 3","Galvantula, Tier 3","Glaceon, Tier 3","Glalie, Tier 3","Gloom, Tier 3","Jynx, Tier 3","Mawile, Tier 3","Meganium, Tier 3","Metagross, Tier 3","Metang, Tier 3","Parasect, Tier 3","Pinsir, Tier 3","Skarmory, Tier 3","Stunfisk (Galarian), Tier 3","Tangela, Tier 3","Venusaur, Tier 3","Vileplume, Tier 3"
(Battle settings),,,,"Extreme,Best Friend,No Dodging,Realistic Dodging","Extreme,Best Friend,No Dodging,Realistic Dodging","Extreme,Best Friend,No Dodging,Realistic Dodging","Extreme,Best Friend,No Dodging,Realistic Dodging","Extreme,Best Friend,No Dodging,Realistic Dodging","Extreme,Best Friend,No Dodging,Realistic Dodging","Extreme,Best Friend,No Dodging,Realistic Dodging","Extreme,Best Friend,No Dodging,Realistic Dodging","Extreme,Best Friend,No Dodging,Realistic Dodging","Extreme,Best Friend,No Dodging,Realistic Dodging","Extreme,Best Friend,No Dodging,Realistic Dodging","Extreme,Best Friend,No Dodging,Realistic Dodging","Extreme,Best Friend,No Dodging,Realistic Dodging","Extreme,Best Friend,No Dodging,Realistic Dodging","Extreme,Best Friend,No Dodging,Realistic Dodging","Extreme,Best Friend,No Dodging,Realistic Dodging","Extreme,Best Friend,No Dodging,Realistic Dodging","Extreme,Best Friend,No Dodging,Realistic Dodging","Extreme,Best Friend,No Dodging,Realistic Dodging","Extreme,Best Friend,No Dodging,Realistic Dodging","Extreme,Best Friend,No Dodging,Realistic Dodging","Extreme,Best Friend,No Dodging,Realistic Dodging","Extreme,Best Friend,No Dodging,Realistic Dodging","Extreme,Best Friend,No Dodging,Realistic Dodging","Extreme,Best Friend,No Dodging,Realistic Dodging","Extreme,No Friend,No Dodging,Realistic Dodging","Extreme,No Friend,No Dodging,Realistic Dodging","Extreme,No Friend,No Dodging,Realistic Dodging","Extreme,No Friend,No Dodging,Realistic Dodging","Extreme,No Friend,No Dodging,Realistic Dodging","Extreme,No Friend,No Dodging,Realistic Dodging","Extreme,No Friend,No Dodging,Realistic Dodging","Extreme,No Friend,No Dodging,Realistic Dodging","Extreme,No Friend,No Dodging,Realistic Dodging","Extreme,No Friend,No Dodging,Realistic Dodging","Extreme,No Friend,No Dodging,Realistic Dodging","Extreme,No Friend,No Dodging,Realistic Dodging","Extreme,No Friend,No Dodging,Realistic Dodging","Extreme,No Friend,No Dodging,Realistic Dodging","Extreme,No Friend,No Dodging,Realistic Dodging","Extreme,No Friend,No Dodging,Realistic Dodging","Extreme,No Friend,No Dodging,Realistic Dodging","Extreme,No Friend,No Dodging,Realistic Dodging","Extreme,No Friend,No Dodging,Realistic Dodging","Extreme,No Friend,No Dodging,Realistic Dodging","Extreme,No Friend,No Dodging,Realistic Dodging","Extreme,No Friend,No Dodging,Realistic Dodging","Extreme,No Friend,No Dodging,Realistic Dodging"
(Boss weights),,,,6.25,1.5625,1.5625,1.5625,1.5625,1.25,1.25,1.25,1.25,1.25,6.25,6.25,6.25,6.25,6.25,3.5,3.5,3.5,3.5,3.5,3.5,3.5,3.5,3.5,3.5,0.6521739130434783,0.6521739130434783,0.6521739130434783,0.6521739130434783,0.6521739130434783,0.6521739130434783,0.6521739130434783,0.6521739130434783,0.6521739130434783,0.6521739130434783,0.6521739130434783,0.6521739130434783,0.6521739130434783,0.6521739130434783,0.6521739130434783,0.6521739130434783,0.6521739130434783,0.6521739130434783,0.6521739130434783,0.6521739130434783,0.6521739130434783,0.6521739130434783,0.6521739130434783
Moltres,Fire Spin,Overheat,40,1.319468553082801,1.3582624695249923,1.3510441812867133,1.3568099056975493,1.3517125912305845,1.3259745263390608,1.35082405043239,1.3300637316796122,1.3263202688423406,1.3337186112304273,1.3288225408473522,1.3172387443830587,1.3392459243026567,1.33527767613378,1.3023993066851522,1.343437082553571,1.3658454414520622,1.3254902485850828,1.3487701599531305,1.3268135356027038,1.3469539246876168,1.355359122627769,1.3299362476664245,1.3193176433154075,1.2912924171697429,1.3112778370671216,1.2955987587548836,1.2870724386824908,1.3235875528103134,1.3130170485860293,1.3448112282730116,1.3292722062621645,1.3138812010267453,1.3347013842269024,1.3475901049082648,1.3159109855032116,1.3433716276270755,1.301280263445034,1.332066571407047,1.3324397898433957,1.316345585294322,1.4133770460502637,1.3187825236200217,1.29985967446191,1.3359539587200548,1.295508590430445,1.31735207322049,1.307282596938554
Shadow Houndoom,Fire Fang,Flamethrower,40,1.4890186745821135,1.33390816823071,1.3386209441759238,1.3289207891173989,1.3537970207424852,1.340030237224452,1.4312101992570807,1.4492931070281625,1.3718083625497248,1.350208627546716,1.3629350002877691,1.426112900850063,1.4852105451755913,1.4643434486439646,1.350880075663697,1.3093326887606709,1.246620411102132,1.4046300632453337,1.3143736735054827,1.6288789210654933,1.3699883348827362,1.3971421607891468,1.36831585177323,1.3942898364629916,1.3758919645554946,1.3091132651372244,1.2897937955214813,1.3027557239641074,1.3526602921347137,1.2836768119561548,1.336414628290468,1.521265890430704,1.3339299055115346,1.2817002069488317,1.2843856615279472,1.337393914866302,1.368662610872942,1.3260199238009587,1.3789285644182747,1.3653517405302482,1.2731079405121983,1.3952913884972074,1.4424934795206235,1.3427839923973957,1.3995433561785986,1.3590830223535932,1.3441083373273572,1.3900181452814542
Flareon,Fire Spin,Overheat or Flamethrower,40,1.470234827390374,1.4670993735985212,1.4537575656169601,1.4578062788016102,1.4603014994832335,1.3805376377224299,1.4341388109429014,1.4203948772855373,1.4156874640956842,1.4235869259555691,1.4225066944094622,1.4588604344679872,1.446187255045275,1.4366884070681751,1.449446633091146,1.4593396515736952,1.2978822928333882,1.5009589912690557,1.3626201444773611,1.521339344279805,1.4227244321479986,1.5906650858760596,1.4205233627372233,1.5370227328221095,1.4301077024585465,1.4090123908846146,1.3830997241802445,1.337476394888336,1.4034019093041976,1.3724064351213465,1.4031887789789226,1.5491668487291734,1.372143051567351,1.337393713936463,1.4109182259523108,1.3783317264952764,1.4582205145566947,1.3578725545898849,1.3834280940077814,1.452429178553777,1.3885137319802936,1.4621795803147135,1.4407552950912959,1.4021633588210445,1.4044547586876162,1.4055801588767782,1.4044266460787806,1.4244793716993946
Shadow Typhlosion,Incinerate,Blast Burn,40,1.2665743033374581,1.2751698118814456,1.27001269682216,1.2713947457992048,1.2798884485156052,1.177217434537459,1.2082308154332957,1.2170107933358338,1.2157648513318176,1.198488869849785,1.2466544252688625,1.2974256673131275,1.2419835958760717,1.248558699377576,1.2576698963944088,1.2362009344848888,1.2032486135783649,1.3104674913091046,1.2447201372921826,1.3488829520697274,1.235291819474634,1.3939336603050434,1.2438889578071661,1.3172730343256558,1.2924437099568968,1.2304832290447387,1.2197666183110725,1.1786169586236366,1.211116513359585,1.201794357135226,1.1966728126807318,1.399450276991862,1.1833927193680531,1.1833788401035497,1.2371039103439128,1.2219461384085681,1.2687784491623728,1.1788155568290226,1.234275516692942,1.3205331000404188,1.2064257988138336,1.246851768037593,1.2626378197921795,1.2279632677977101,1.239052608872852,1.2510652133752078,1.227632967183067,1.2191885983469102
Shadow Ho-Oh,Incinerate,Fire Blast,40,1.2713439686869397,1.3080696706037054,1.3088158214060568,1.3044608166921836,1.3038680204632749,1.2703634854258659,1.2887023910790887,1.2832011718584595,1.283726864752588,1.251060133867733,1.2581430792546835,1.317537766163702,1.2995840108734134,1.2700242396253705,1.2714008175560763,1.27702761677788,1.2552276124809658,1.2859155876942037,1.2881804502343475,1.2863172682953754,1.2677183890382406,1.2907838960022608,1.2816181223883234,1.2812514332681562,1.2564948418008377,1.2524893049029397,1.2759096166398594,1.2302738977709733,1.2948812214243581,1.2528545079314095,1.2782823483523476,1.3072356928332038,1.282124396008589,1.2990332557925726,1.2891754730097613,1.2858145244868948,1.289283531061867,1.2701609024762939,1.259989222471618,1.2937335228838263,1.2782905674885843,1.2771888674378584,1.279635664664494,1.264651564912498,1.2981390948477904,1.2861754110474783,1.2695885758503906,1.2805228504721378
Magmortar,Fire Spin,Fire Blast or Fire Punch,40,1.549726097081837,1.48863757987888,1.4850678270568136,1.4847902741234245,1.4918186079820068,1.4977756653049774,1.52544479992147,1.5070911240073774,1.535866709613025,1.5281634634104133,1.5160570694368682,1.497994027742095,1.5340249093271343,1.5286734174883376,1.5535120067599848,1.4891470375511846,1.3255746558668322,1.545264078917982,1.4710088405332507,1.5728971224162778,1.5290497681451938,1.6244169023081438,1.5158431677586357,1.5853316716897277,1.500106777497549,1.5062239411763212,1.485425623068014,1.4586452442656201,1.5157745693317137,1.4725375345524472,1.488675561163718,1.621829642072666,1.473775514078126,1.4002846052388875,1.4832601279352313,1.473738477849666,1.526429841719386,1.4584666348822006,1.4894663124537348,1.5665005419557365,1.478045448903655,1.5569490014818284,1.5264663313140787,1.4992528129801868,1.5185211492968789,1.51941289488269,1.5247640503155584,1.5261291868986064
Shadow Blaziken,Counter or Fire Spin,Blast Burn,40,1.2796758318559724,1.4314437445906474,1.4284709289517206,1.4074604005750877,1.3864419522865252,1.1355800512094258,1.1789531236973512,1.2075026820532793,1.150711692245785,1.1470492007181639,1.1734762627860895,1.2754039763325453,1.1619223553082707,1.1402751383987462,1.1562036738019312,1.1318606024995508,1.0000568301240524,1.2021167289132244,1.1224668100017685,1.310025889051717,1.1742026911358268,1.5413683314576774,1.1381645152189916,1.1967844210780003,1.1882747997459442,1.1096220213255839,1.1266062061736886,1.0837975163321967,1.1365232568615473,1.102349955533733,1.1328034759555654,1.2622086735484783,1.102904380195397,1.0795519924968762,1.1174662944939944,1.1329917200370687,1.2210074442553012,1.1140275121652181,1.195276899123459,1.4080168172456642,1.1670146230068135,1.1444084062488349,1.1892447563618636,1.2378238486800004,1.1907422945317723,1.1506604470718642,1.151262597095977,1.1848868789600826
Mega Charizard X,Fire Spin,Blast Burn,40,1.1736746417425499,1.1844085836442226,1.1822156645440263,1.178121541501294,1.174110341639654,1.1782727527530874,1.167163732552527,1.1775995766731404,1.1566166835030622,1.1859326860381392,1.1660777230170267,1.174592212271488,1.2055994025142183,1.1722678364670842,1.168872454446641,1.174880967636607,1.018758347638519,1.1669063913763438,1.1536833712858154,1.2063741481800077,1.1724555846785456,1.2556278876880604,1.175220489260164,1.2080193098393757,1.1374541373505418,1.1463338700585366,1.1362559191493773,1.1322954095650066,1.17982742373651,1.1444882700322832,1.1623512220415282,1.2734805108507743,1.1065704080037073,1.1477749964872475,1.17085940313637,1.17466277762014,1.1765697436096672,1.142717359006531,1.1587199639919827,1.1734724728298451,1.1649872365329186,1.2006812995909903,1.1729714686703607,1.154514900101568,1.149569289842436,1.168112876408646,1.151064981751848,1.1490313686737095
Delphox,Fire Spin,Flamethrower,40,1.5121239001012048,1.4856868190716281,1.4843565059292194,1.4804127597538725,1.4854719195906392,1.5140087052329494,1.5438055904996755,1.5229451471067652,1.552154039503002,1.5428098820159268,1.5444173482486423,1.507783717541193,1.5694238720925069,1.5492706153016218,1.497209983726472,1.494023089560819,1.3498746097662093,1.58557348184936,1.5251795603776086,1.5091139108324083,1.5366389665214937,1.6333644920762591,1.5816934641684297,1.6814116267254227,1.538334453563875,1.4975119690531222,1.5298753634777833,1.5021925290348637,1.5473593087292252,1.5134213131026557,1.5237103277123074,1.6718112394060018,1.5247644407069183,1.416602092733199,1.5445609667372027,1.520592522720322,1.4881047714116495,1.5119184345461745,1.5197269671922655,1.5771508298730719,1.5078417237097868,1.5799455977712298,1.5202417939375539,1.5465335840806678,1.5269064269708383,1.52948254202845,1.5404360632049372,1.5521088187098013
Infernape,Fire Spin,Blast Burn,40,1.484620847711129,1.67484337486643,1.678131572076142,1.6716390802105894,1.6944801674706902,1.3885809999750145,1.4185482201586335,1.4128981721153484,1.421682530983573,1.414104821339728,1.4740586706301941,1.5045620413973093,1.4461505158791246,1.4643806968629476,1.479541791452853,1.4610496073647916,1.2587124317708007,1.518891244630358,1.4576539424522463,1.5514403840944642,1.4550714601749855,,1.4334371577868261,1.5328750046309305,1.4530107233811642,1.4021304278103832,1.4149402958469801,1.3815779305103066,1.4438898160008113,1.4159605951758523,1.394347117446884,1.5965802315472473,1.3967892288646557,1.3979442735772196,1.4436760936424238,1.4395276020718955,1.5446595852814808,1.4228087079138236,1.4563254675088568,1.5788173035584674,1.497993517322432,1.475388862350933,1.4662088969972313,1.4944259071710582,1.43865656887168,1.452509883613523,1.4624905970630848,1.4617649818142486
Emboar,Ember or Low Kick,Blast Burn,40,1.3838528667792627,1.4098195087100636,1.4134192946635764,1.3760599816174675,1.3987731572772437,1.3512510260308264,1.3764733555018547,1.3712880660042581,1.388403226403352,1.3843747199500622,1.4102719746654158,1.421803394858578,1.3653393133656828,1.3540341288674178,1.3942418327167896,1.3698062076552857,1.2016711777685776,1.4572539614392737,1.3494850852272726,1.4412196852857797,1.4099371358671795,1.7094891749844903,1.3819746028431263,1.5046786513214452,1.3419397295414044,1.3396416561864992,1.377953888084692,1.3661348261723267,1.4170386272738862,1.351891574473745,1.3568940899068878,1.4782142568994134,1.3429482603787979,1.2763366818683566,1.3914291092524549,1.3735024008225492,1.4338463069310308,1.381496132621768,1.419975786513389,1.506554394451574,1.4269832507583482,1.446344085909112,1.4018033538274606,1.4379485999365758,1.3659065524124003,1.3736164788472198,1.4177958821590817,1.407382465889299
Victini,Confusion or Quick Attack,V-Create,40,1.387287499573344,1.3589280226440605,1.3570174961228914,1.3519952168725569,1.3849328619279035,1.4986993482498585,1.5069242259198494,1.5182567982421347,1.5378003930010735,1.4747538843892054,1.4155189738801115,1.3686223005897589,1.4444341241309486,1.3895990271917869,1.4662934905062222,1.4388846525715,1.2551891925751588,1.2986992594031572,1.4092498120799435,1.431325281541696,1.4810255126554386,1.3860744666085854,1.4848728106539248,1.4597375880814583,1.2764209189179192,1.3676297893329632,1.2949949841125363,1.3032681689036294,1.4578669404149425,1.3798926159112117,1.4692006478049044,1.4859349914468392,1.394084131477289,1.338280821296012,1.4565903338313229,1.3269291891745636,1.4067857570440545,1.5088230214797465,1.4454779144870062,1.433462335952518,1.4900241871188096,1.5459380029218464,1.4564776886494708,1.4907337791194555,1.472003714388405,1.442750600406429,1.3195226250119347,1.3204032873422313
Shadow Ninetales,Fire Spin,Weather Ball Fire,40,1.5901682402565116,1.618146450907533,1.6127760900234946,1.6136053424740355,1.6214090278479978,1.5660569412960164,1.5949347185279314,1.5773330310497131,1.6051009540335976,1.5833586022070254,1.5991289754881806,1.6070987176867368,1.619675936406746,1.6052714981591214,1.6542333414626071,1.595926635358474,1.4045861551045873,1.6155028510669012,1.5901983800185708,1.6443976239366285,1.5874697515525953,1.7114312314280795,1.6052562506615755,1.6839405208313756,1.5826767877954482,1.60187705000763,1.5969893345254875,1.5420246059093923,1.6158583265377082,1.5750333762313122,1.5718231284377082,,1.5560303353689224,1.542276338850234,1.590263521287409,1.5905652987419312,1.6104911749618036,1.5660069534044319,1.6047289848261619,1.657279065927763,1.5852327904521741,1.6581797238635687,1.6253804555414135,1.5934728704847514,1.6081323456475969,1.614115093293922,1.619928804968969,1.5955956302689196
Shadow Arcanine,Fire Fang,Flamethrower,40,1.2758087034549066,1.283196071463506,1.2796431876555256,1.2805922256623032,1.2832983842418613,1.2474606982677519,1.2775213721350054,1.2619158752731578,1.276891889991221,1.2710867946218052,1.273960005256305,1.263469633980401,1.3090887608767554,1.2604662292331172,1.283909871271009,1.2711664556663216,1.1331890829625475,1.293237180419101,1.2498245158295012,1.3157798888581278,1.2981020862984731,1.3510297016954482,1.2602185183038694,1.3713734400145035,1.2383952050021894,1.270746007489855,1.2561333375885564,1.227314588565194,1.2554016441401092,1.2392933224189933,1.259472385541819,1.373708527143027,1.2352711955102373,1.2141447126857496,1.2705623188826567,1.2844423779446879,1.2996717122262915,1.2340892882594674,1.2834938466748314,1.3590939207683228,1.268051123747234,1.3250094857222894,1.2962360597764162,1.2559548216307397,1.289330425037706,1.2941548124884537,1.2846914434180903,1.2777557318412898
Typhlosion,Incinerate or Ember or Shadow Claw,Blast Burn,40,1.4674353466976409,1.45196306720041,1.4482608582192154,1.450119454899426,1.4509853585832189,1.4322505635574267,1.4555244163472059,1.444471105712664,1.466112260969152,1.4478935223097436,1.4644689368554056,1.4978695124051447,1.477607219504875,1.4611224916219523,1.4549907580338337,1.4412305849596099,1.323048604183931,1.5379355935299919,1.4314931906614785,1.5682976245138132,1.4499605070422041,1.6330609869685107,1.459213977201408,1.6017954707295414,1.4677361024610132,1.4309591203122634,1.4076770970660495,1.4019780216997535,1.439831963171109,1.422818517493956,1.4556580754558552,1.6207724859283057,1.3971920966397289,1.3607407542327947,1.434959253701281,1.4297135478877496,1.4469368859718328,1.3947053953970199,1.4338780117194303,1.5463490087731429,1.416878457755594,1.4788958793464904,1.4883731225682986,1.4540547340530923,1.4537856737426167,1.4639600036948088,1.464052808728716,1.4559968646778476
Shadow Charizard,Fire Spin,Blast Burn,40,1.2001956243798066,1.2414817199481445,1.2410162468914672,1.2379026948784655,1.2530831846422141,1.2157521531456796,1.3899870556813392,1.197798131844395,1.1931007054527876,1.1808031368683232,1.1955475871941759,1.5227341250977067,1.2294757640086398,1.3905309797653054,1.2106340530843716,1.2317831188879496,1.255755306786212,1.2525353710475033,1.2417641962548638,1.2437891121354923,1.202820683255951,1.2507286630892638,1.2034190543656642,1.2034084885980882,1.202814841307525,1.2436103239553877,1.195011728242426,1.1507820560516007,1.193642997884621,1.2048196197762748,1.2559985796569266,1.4069327060713388,1.1989470006183893,1.2745672953771021,1.2280009668823686,1.197142452424124,1.2410032063657939,1.1600085676879857,1.1693506129497993,1.2127527384578438,1.194143893914801,1.21814366940838,1.1842916818162839,1.2000122687769412,1.2216507980583566,1.1880530205061888,1.192067785739601,1.1919003319276749
Mega Charizard Y,Fire Spin,Blast Burn,40,0.9999999999999999,1.0,1.0,1.0,1.0,1.0,1.0,1.0,1.0,1.0,1.0,1.0,1.0,1.0,1.0,1.0,1.0,1.0,1.0,1.0,1.0,1.0,1.0,1.0,1.0,0.9999999999999999,0.9999999999999999,1.0,1.0,1.0,1.0,0.9999999999999999,1.0,1.0,1.0,1.0,1.0,1.0,0.9999999999999999,1.0,1.0,1.0,0.9999999999999999,1.0,1.0,1.0,1.0,1.0
Shadow Entei,Fire Fang,Overheat or Flamethrower,40,1.1796045648704343,1.160541932000956,1.1531914352083508,1.1546778455766673,1.167519715383728,1.1317112964353384,1.1802643078414279,1.159221342573426,1.1558116886647052,1.1684202943112394,1.1851297542132089,1.152082390016888,1.1591551889113263,1.149742056083544,1.1653307172908551,1.1232745216983868,1.0340365438262262,1.1541680369465757,1.1243154735585426,1.1965545130628488,1.1493371294921595,1.2887792573071153,1.1509054025596408,1.218872509381163,1.1578384524785874,1.1234984959873948,1.1223328205443552,1.140130912708847,1.1478309229749475,1.115832042738556,1.135555429510036,1.2514422976681192,1.1216052587091372,1.0631355841548549,1.1242662548025373,1.129534318393893,1.1525261627238572,1.120705876047491,1.142423381725477,1.185345243494119,1.142516905835213,1.1710804107030306,1.181582379426858,1.1262111316889751,1.1280621872065224,1.1478839830038794,1.143464817074583,1.156270901841091
Heatmor,Fire Spin,Flamethrower,40,,,,,,,,,,,,,,,,,,,,1.79798658105493,,,,,,,,,,,,,,,,,,,,,,,,,,,,
Chandelure,Incinerate or Fire Spin,Overheat,40,1.2342412985807054,1.3265158135728161,1.3244720167555863,1.3177930348566862,1.32937528358828,1.2477653843375611,1.2892274917225623,1.2212761852456067,1.2802233915539782,1.2521254824584445,1.3037982494038498,1.337579478314812,1.3635083920103526,1.2514631532666556,1.2069839052303393,1.3083342888190712,1.1762409539809502,1.2889242747472551,1.247477104151928,1.4010315814851648,1.237689294966629,1.541485929235652,1.29740628857195,1.4219349640241477,1.2590673186613965,1.2804642476236732,1.2607537357961387,1.2342837537419575,1.26800551456735,1.288329136689375,1.2601825570785479,1.4159295023755756,1.2232411454810923,1.2634758152043497,1.283539400695288,1.2338970928810549,1.2847146183798341,1.2318008238686362,1.25319877490404,1.2903502395648059,1.2692357896098236,1.245963367865195,1.2234216372001785,1.2621884172932898,1.3015713651086624,1.2766449288749309,1.2381383236175467,1.270718144030563
Blaziken,Counter or Fire Spin,Blast Burn or Blaze Kick,40,1.3669846333903715,1.5626407669858313,1.5558736679812448,1.516674815092219,1.5156349280633121,1.2933570756437125,1.3248249068558648,1.3260253445152315,1.3254935281706797,1.3123291695379833,1.3677831533526992,1.3988853686885498,1.3269238149570666,1.3237007375627636,1.3651256266289693,1.3558155160039564,1.1643819009144427,1.3937090743177236,1.3484316274982313,1.3778125725005237,1.3593191244465357,1.6931828405068114,1.341660843205278,1.4092358117764001,1.3603560729855892,1.2988473811751822,1.3069600746774355,1.2894822509651014,1.3420960129974053,1.2923622872287364,1.3086420520486843,1.430360637874501,1.30583979476863,1.276960159314172,1.3330903075199745,1.335509610944632,1.4203461114886056,1.335312234961827,1.341402187491428,1.4555521247774015,1.400719453372242,1.3606459419749048,1.3936062438858363,1.3962809484874823,1.2998822740613716,1.3442698318861999,1.3451666626919285,1.3303615590814337
Entei,Fire Fang or Fire Spin,Overheat,40,1.4040999284040265,1.3302027539872887,1.3238875103448573,1.3271932965991722,1.3271399697756483,1.3566338780771567,1.4136956436337866,1.3861210544662457,1.387140970556441,1.3424923826416937,1.3645319852503386,1.345949264916553,1.347324358110279,1.3509352691592058,1.3682528441986934,1.3420102018104902,1.166712523560754,1.3782072373437833,1.31768251735497,1.3883912385499344,1.3588770840540565,1.404817035750059,1.3545729618643507,1.3704011959750233,1.3442581504479896,1.316213971185693,1.3326581409985467,1.3453556867401222,1.3674577849973462,1.3234617041794043,1.3384247089967234,1.4354750834239112,1.3549107444490889,1.254454979811069,1.3593569028897308,1.3363301263622671,1.351771984894243,1.3568666472578454,1.3612039651240948,1.3721681338603868,1.358383982627202,1.4691202371482837,1.3803972853865392,1.3535774180712188,1.3732625430278527,1.4014448549787548,1.3352744062212856,1.3406210748687852
Shadow Entei,Fire Fang,Overheat,50,1.0858127705667762,1.0583189558572068,1.0512975680839296,1.053896188499565,1.0517476755407742,1.0480899420833976,1.095749653173964,1.0776311451289426,1.0737128885658713,1.0675032369910042,1.0913168010250862,1.079953595402259,1.0657359411241927,1.0703485446058896,1.0772230865626409,1.0473798597360164,0.9355025749660658,1.093822058534238,1.037036279625044,1.0810064003138822,1.0710090691973353,1.2022099017914327,1.0678876697006143,1.1150470088752218,1.0770436273270478,1.0306159008212517,1.0611037495175035,1.0505728998733805,1.0911846648951324,1.0246802284653442,1.1020975183104857,1.16118546715124,1.0559630911527296,1.0000598468960278,1.0771916326664512,1.0764390160454766,1.0606666370661915,1.0653057062085036,1.0754796221796263,1.0756971716450474,1.0561314656128853,1.1176321198228774,1.0688856112343588,1.060675774663501,1.0696781130838129,1.084367929059671,1.069670783177019,1.0696503611764558
Mega Houndoom,Fire Fang,Flamethrower,40,1.2523014959487206,1.1561950846242521,1.1550420585638383,1.1523425498815314,1.157811918415226,1.2092979416579648,1.240949385882062,1.214992378500626,1.2367283333943482,1.2331742134652646,1.215604113218724,1.237989697451096,1.2308094992305043,1.2470401140371834,1.2642832241415034,1.1983026010768358,1.0492952526020671,1.2649266363162377,1.1530670349531307,1.3435923585269107,1.2413835314512207,1.260542412957578,1.215315998816628,1.2643641022797172,1.2110924776005279,1.1984701287081476,1.1986018565054015,1.1786519322561693,1.229181669386622,1.1857082517646775,1.2233591528083503,1.317261180073266,1.2042859983385208,1.1300910337785133,1.1997898530260487,1.199213043941087,1.1934400324759504,1.196252599866979,1.212941906978986,1.2049658101514582,1.201333954541798,1.2791319684345823,1.2806594789480086,1.214411960689336,1.2054336971855026,1.2207363753925735,1.2145983969554894,1.238099793161451
Arcanine,Fire Fang,Flamethrower,40,1.5027834425367264,1.4782684623756701,1.4694227236622148,1.4730361743738738,1.4747342506966896,1.5030705336585264,1.5384837542579932,1.5169786797571438,1.539717816889909,1.535704532250937,1.5330716600695138,1.4668597903761427,1.5457767854178284,1.5080750990266314,1.5061966986466,1.4897880726021047,1.3240286218832014,1.5430008294171256,1.4726904486867702,1.5343906161193597,1.5032449730187505,1.5720337601356493,1.5040175896473786,1.641358273765452,1.503706972355999,1.4851744123439903,1.483356628949995,1.4866225736116727,1.4899393143885142,1.5089132755684573,1.509920904709846,1.6341364027410001,1.4619869319162193,1.4172712070511786,1.4805704300363096,1.5208544868697953,1.4852839385969852,1.4848958453686372,1.523809717016957,1.5601326960662911,1.4968510464859575,1.5797533050207604,1.511104317068598,1.492728717015361,1.4905403737356175,1.5033955292813597,1.5301308497527093,1.525141939367093
Heatran,Fire Spin,Flamethrower,40,1.3887878073825688,1.3221827348943636,1.3208190992768094,1.3189022201755543,1.3185387731097857,1.3014905604191795,1.3371249975630823,1.3228578885073787,1.3600807747980557,1.296633722493302,1.3562162001004436,1.335189932618608,1.3827154297167248,1.3592268401060432,1.3728768081175584,1.3070585665809573,1.1567698305878007,1.3135893131080942,1.3067693364211177,1.4196678110180827,1.3904687599152765,1.457281447058843,1.3507889492974885,1.4666889724763787,1.2794562215959895,1.3738782554741364,1.3555862906052718,1.3731297915698113,1.385067019745927,1.3532814831427922,1.3599406791798787,1.5003632033694105,1.3386020685846882,1.3003115797094158,1.3984222359259832,1.390089295218755,1.349284355646542,1.3764368798244873,1.4093979928431684,1.4502345526533318,1.366011843066061,1.4259217177920096,1.424518974250525,1.3595735164543616,1.3960283417692962,1.3692048771476077,1.3860226502965225,1.3599286918399949
Darmanitan,Fire Fang,Overheat,40,1.3268513686509977,1.3194483110438084,1.3156447023015856,1.3164543391130443,1.3086099430082785,1.2229434832617587,1.2694784173349047,1.2723639341635622,1.255459874997369,1.2550161772295065,1.2935469727731341,1.2979240207219223,1.3024053804767555,1.2778092241211993,1.3143700214886147,1.2575748859467422,1.1882818242737487,1.3214673893452265,1.246073438052706,1.3253620158258712,1.2604333200666629,1.4438652253379107,1.2839218821171758,1.3876964355640922,1.2799998520062406,1.2546068190977986,1.2516332229483487,1.2275240959130849,1.258509649606254,1.2613231774313707,1.26153670035449,1.3885955592461614,1.2221613311468313,1.2263430713195749,1.2800929674015282,1.295076480269892,1.3178984627045904,1.2305440136434187,1.2674567158822916,1.2975165454637072,1.2482682252574777,1.302934424304633,1.3209938526596292,1.2773780378855684,1.3000013217571762,1.2928906336597081,1.2879772909112717,1.2626919474243046
Charizard,Fire Spin,Blast Burn,40,1.453541697766296,1.4449865965684738,1.4313350796890112,1.439042198849923,1.4368123262480703,1.3929023117545145,1.634447856183555,1.3928931355692393,1.402837472140645,1.3974290063750954,1.426576063173342,1.44381651871668,1.4166016616279677,1.440805082364724,1.421960668928861,1.4234199671260008,1.4234733742708257,1.46351883760862,1.4454479129819595,1.437231804039589,1.4100217657226861,1.4646576244998017,1.4147769354846693,1.4095721778181407,1.395756180281065,1.4137961745374745,1.3939722948651652,1.373202892195187,1.3975462023530723,1.4203537349895397,1.461778811351038,1.4177544485953688,1.3935709978958948,1.4387868889617461,1.4459897732420173,1.404593337650672,1.463533139185929,1.3736240382565332,1.4150511117993823,1.4109863165557561,1.3858998592982552,1.4735335282392303,1.4123550501466293,1.4115192825165417,1.4572733754189413,1.4316456678366896,1.4396995898808667,1.4106598745723975
Reshiram,Fire Fang,Overheat,40,1.201637989210022,1.1880854699373102,1.1853375051628348,1.1809625097137548,1.182476010385589,1.1760506054979407,1.196997090491789,1.2116786154034402,1.1761892302463794,1.181689736343606,1.1656884197755852,1.1715875861227023,1.251259502270541,1.1561171047717156,1.1820592126026428,1.1931130241103767,1.0349914596499101,1.2065359558939281,1.19200317253272,1.212476714415756,1.1990247973664734,1.213856973008948,1.184250566420429,1.2159749197311824,1.1427704678452728,1.1642607071498376,1.1637765961173163,1.1731035470119557,1.2040250108115065,1.150561859758276,1.1613928789634085,1.2651296209503933,1.159697659340525,1.1772903580579075,1.1801851765013966,1.1716524039021243,1.2189138713378334,1.156033256584168,1.2005279638543773,1.2147614858700186,1.192840814297788,1.2009922640406983,1.198969817956303,1.1538613690446702,1.184800476634951,1.184669314612969,1.170241417179073,1.1896316750684863
Pyroar,Fire Fang,Overheat,40,1.5242106245792553,1.5684285730205327,1.5552295423127627,1.5611344955746504,1.554441232395265,1.4691501465536108,1.5173628544392608,1.4949442285746994,1.4948112745961086,1.5031404220603641,1.5025772668837907,,1.6166261544054013,1.5088176620168117,1.5761255428904184,1.5028091280693412,1.3790657081906634,1.5615409839728154,1.4553961382428369,,1.5526492741688567,1.7636849031710014,1.4962948576161694,1.6798316576519174,1.498983307537199,1.4904921041671195,1.4512292405438694,1.4451190963272025,1.4885941590653076,1.468779020695032,1.473950146579716,1.6527425865809204,1.4644770822242787,1.3856608282694765,1.4727159911017023,1.470015307090606,1.5572678021091926,1.4760957063872295,1.4812100627506934,1.5047598026444868,1.454721514236489,1.5203285735738403,1.5754069366525616,1.4670523200815122,1.5074528299250984,1.514029743210789,1.4955191131049619,1.4785854774467984
Shadow Chandelure,Fire Spin,Overheat,40,1.242444404143437,1.063280095192223,1.0635783428985763,1.0611206874700227,1.0677856378329569,1.111972422313559,1.129728269233991,1.0658836495549024,1.1206909708606831,1.1155803754909566,1.1187905377262877,1.15966293046018,1.1528764136709369,1.0599423100865135,1.0454573762061266,1.0953221997093474,1.1082076572080035,1.0568016442883552,1.2588598779625044,1.2641927207467414,1.0717703869783486,1.2712907996983343,1.1715568574989819,1.2890513897548117,1.1077392103299646,1.079925319122848,1.0842059783981697,1.0305475330008116,1.0767773649441483,1.0604316729999554,1.055921346559825,1.3202939712682702,1.048625152241733,1.0559968902743302,1.0816019495037947,1.0309121924118556,1.1081308013298015,1.0295083386806287,1.1123432245043379,1.1158153780342286,1.0759721092990653,1.1299704575062288,1.050797391027819,1.1019638257803395,1.1664907189363243,1.060911583225568,1.0746937910030296,1.0778700044369847
Reshiram,Fire Fang,Overheat,50,1.1059410675901356,1.0912148028364508,1.0912319730354576,1.0855598984236372,1.0946989942299863,1.090327364474246,1.0864163811023724,1.0964029384849263,1.087339944931171,1.070818352271147,1.0784791591476748,1.0621419149679994,1.123579429689127,1.0607117686388245,1.087285883138587,1.0919082392493968,0.9695608911603238,1.1248761994521204,1.1073473978599222,1.1287482584117856,1.1156382462611822,1.1408539613687327,1.1215915587829532,1.1278479449148595,1.0735725816894723,1.080703407447658,1.1178445115535793,1.0860013329636256,1.1114449437716414,1.080507969614364,1.0971484618518488,1.179567736771157,1.0925804625537965,1.0600415429975374,1.1266776349812768,1.1259560923787102,1.097082159555549,1.1150760519625171,1.1040422185604366,1.111974836314358,1.0850413983220326,1.1205641748745603,1.1245919099678823,1.1170862989302641,1.1183724175855745,1.1234077221503787,1.1132770380177948,1.1009300008609075
Shadow Emboar,Ember,Blast Burn,40,1.2418456463191816,1.4451333471185406,1.4223788212589399,1.455455005156834,1.4330978515856505,1.1303480839047495,1.1577995030549395,1.1554829676840443,1.1622148390573919,1.1484496435447138,1.1840365281192462,1.2241500952070163,1.1628863703299324,1.2027588122855726,1.2087948775119617,1.1756263456975171,1.0326302185909844,1.2284149322970148,1.1604220325212238,1.2543860225259893,1.1893091495869248,1.6123629419427337,1.1640001679583654,1.2632121510666376,1.2098197312679984,1.1303795363609392,1.149326567701594,1.14216709957287,1.1910242638098967,1.136836251645818,1.1523005077130792,1.2651105837090166,1.14746229153029,1.1351583745467393,1.1834517184844242,1.1934011691348958,1.227364437090136,1.1545339326423782,1.1984346657497564,1.3472966004204847,1.2090879069618692,1.1997505664430859,1.2078272894920872,1.276530353994307,1.194958574554018,1.2008648993164603,1.16347346914705,1.1753416588731234
Ho-Oh,Incinerate,Fire Blast,40,1.4781762642693324,1.4895884125012846,1.4859520638389543,1.4863076861926745,1.5022067200008864,1.4923107599584173,1.528363321053881,1.4901174574339335,1.5073226101104757,1.4935835730818319,1.4790408985934405,1.5668256971228196,1.529714741072965,1.505848744161355,1.5207594105209556,1.4672855899922757,1.4015372728088484,1.5167484978946084,1.5270238713742483,1.5165849353357523,1.5080961879426145,1.5263931135276323,1.5360930074238557,1.5363332559126832,1.4695867644247669,1.4990537180192727,1.5142983279827362,1.4872323188280432,1.5055463488480472,1.5112133524735198,1.5200710482333901,1.5641483871377144,1.5190394207381899,1.469741611749189,1.5242104040706854,1.5058207975636824,1.5106783715404117,1.4761206808157963,1.5030630767075441,1.4987765791496601,1.5003716543535617,1.5741361895374486,1.5220384415880763,1.5291945444203041,1.5430750275939198,1.5428125438758544,1.4985871898019716,1.4854090892702225
Shadow Magmortar,Fire Spin,Fire Blast or Fire Punch,40,1.3050778858091518,1.2880791551566373,1.288189786517996,1.2833159236147487,1.2836365629565485,1.244851033886166,1.2722269665239523,1.2627318074240481,1.2778252650472939,1.2690511212813231,1.284071101898286,1.2952997553405057,1.2849467303651365,1.2704368517015525,1.3140197503747368,1.2646024670178888,1.1902200873042579,1.309342481930725,1.2644793094490627,1.3477439744414694,1.2725405946958077,1.3507284122585963,1.27321725047366,1.3497251644260697,1.312422275527382,1.2728232374115367,1.2757493971118623,1.239536726458917,1.268483566953489,1.2438362113184158,1.2479383140134042,1.3945735703258357,1.2597937316991625,1.2403180443306487,1.2860230773925156,1.2628139475560813,1.2916861250149656,1.2220341916662518,1.2707669075080874,1.3585167191468512,1.275671165074409,1.3135774569762826,1.3062636417779903,1.2979552944945238,1.2992973338259297,1.3042375023092554,1.272802024565918,1.2682706281166507
Shadow Moltres,Fire Spin,Overheat,40,1.1514227283699763,1.1568818355953043,1.1504405808678533,1.1511978580079065,1.148883278081646,1.1189383002931073,1.3922863303272954,1.1187929850082445,1.119039085541824,1.1262334751222949,1.1243947736395474,1.1588962703519052,1.1240187473237977,1.1741262984646423,1.1311756608260328,1.1492564271128372,1.1792496210481804,1.1840132681387758,1.1644030360143263,1.1768693997751103,1.1228871706227372,1.1678751966930485,1.1276720667197047,1.140562643167295,1.0943674808378914,1.1344531550418366,1.1074011605515566,1.067567075258551,1.0972275826030808,1.1371669929412895,1.2525410906235341,1.143057707317825,1.1032834849767779,1.1375787044505854,1.1531932665486684,1.1226846445618441,1.1590796287148928,1.1009815915932986,1.095587973012723,1.1121670537013273,1.1119791186043717,1.1588650302794012,1.1236223632284363,1.114248162984758,1.1458358452092678,1.121675041566599,1.1456053654732479,1.1391316680782115
Houndoom,Fire Fang,Flamethrower,40,1.6019460040523075,1.5654241737233308,1.5628663532826268,1.5573426420999443,1.5597569605154087,1.5583644443995075,1.5892137666105939,1.5749273842774685,1.5915562924311832,1.576254700976196,1.5922335425877772,1.7065615493718889,1.7229847036567976,1.5553462374042453,1.580900016078169,1.5599675743186066,1.4390398339998929,1.6448264581923935,1.5217743384108595,,1.580019049028292,1.6419902242927829,1.5806733406168512,1.6671506037379868,1.600984257163823,1.5304011317511097,1.5416902455324264,1.5173375691562374,1.5913445101451524,1.5404907632562184,1.5686312932865998,1.6895799659324031,1.576596264163227,1.5111150430810918,1.5467014594059822,1.576409822385058,1.618622055578593,1.542694268387954,1.5847866879493533,1.5764472523219402,1.5063687721303756,1.6283584247673342,1.6626817518122647,1.5603386216079573,1.5715699093847697,1.5780248845372251,1.5621984365639072,1.5595759772955877
