Attacker,Fast Move,Charged Move,Level,"Arceus (Ground), Tier 5","Arceus (Ground), Tier 5","Arceus (Rock), Tier 5","Arceus (Rock), Tier 5","Arceus (Water), Tier 5","Arceus (Water), Tier 5","Keldeo, Tier 5","Keldeo, Tier 5","Manaphy, Tier 5","Manaphy, Tier 5","Phione, Tier 5","Phione, Tier 5","Suicune, Tier 5","Suicune, Tier 5","Groudon, Tier 5","Groudon, Tier 5","Kyogre, Tier 5","Kyogre, Tier 5","Regirock, Tier 5","Regirock, Tier 5","Terrakion, Tier 5","Terrakion, Tier 5","Mega Blastoise, Mega Tier","Mega Blastoise, Mega Tier","Mega Gyarados, Mega Tier","Mega Gyarados, Mega Tier","Mega Sharpedo, Mega Tier","Mega Sharpedo, Mega Tier","Mega Slowbro, Mega Tier","Mega Slowbro, Mega Tier","Mega Swampert, Mega Tier","Mega Swampert, Mega Tier","Rhydon, Tier 3","Rhydon, Tier 3","Alomomola, Tier 3","Alomomola, Tier 3","Azumarill, Tier 3","Azumarill, Tier 3","Boldore, Tier 3","Boldore, Tier 3","Claydol, Tier 3","Claydol, Tier 3","Cloyster, Tier 3","Cloyster, Tier 3","Crawdaunt, Tier 3","Crawdaunt, Tier 3","Dewgong, Tier 3","Dewgong, Tier 3","Donphan, Tier 3","Donphan, Tier 3","Floatzel, Tier 3","Floatzel, Tier 3","Golem, Tier 3","Golem, Tier 3","Golurk, Tier 3","Golurk, Tier 3","Graveler, Tier 3","Graveler, Tier 3","Hippowdon, Tier 3","Hippowdon, Tier 3","Kabutops, Tier 3","Kabutops, Tier 3","Lapras, Tier 3","Lapras, Tier 3","Lumineon, Tier 3","Lumineon, Tier 3","Nosepass, Tier 3","Nosepass, Tier 3","Octillery, Tier 3","Octillery, Tier 3","Omastar, Tier 3","Omastar, Tier 3","Onix, Tier 3","Onix, Tier 3","Piloswine, Tier 3","Piloswine, Tier 3","Poliwrath, Tier 3","Poliwrath, Tier 3","Sharpedo, Tier 3","Sharpedo, Tier 3","Slowbro, Tier 3","Slowbro, Tier 3","Slowking, Tier 3","Slowking, Tier 3","Starmie, Tier 3","Starmie, Tier 3","Stunfisk, Tier 3","Stunfisk, Tier 3","Sudowoodo, Tier 3","Sudowoodo, Tier 3","Vaporeon, Tier 3","Vaporeon, Tier 3","Walrein, Tier 3","Walrein, Tier 3","Whiscash, Tier 3","Whiscash, Tier 3"
(Boss weights),,,,1.8518518518518516,0.0,1.8518518518518516,0.0,1.8518518518518516,0.0,5.555555555555555,0.0,5.555555555555555,0.0,5.555555555555555,0.0,5.555555555555555,0.0,5.555555555555555,0.0,5.555555555555555,0.0,5.555555555555555,0.0,5.555555555555555,0.0,7.0,0.0,7.0,0.0,7.0,0.0,7.0,0.0,7.0,0.0,0.46875,0.0,0.46875,0.0,0.46875,0.0,0.46875,0.0,0.46875,0.0,0.46875,0.0,0.46875,0.0,0.46875,0.0,0.46875,0.0,0.46875,0.0,0.46875,0.0,0.46875,0.0,0.46875,0.0,0.46875,0.0,0.46875,0.0,0.46875,0.0,0.46875,0.0,0.46875,0.0,0.46875,0.0,0.46875,0.0,0.46875,0.0,0.46875,0.0,0.46875,0.0,0.46875,0.0,0.46875,0.0,0.46875,0.0,0.46875,0.0,0.46875,0.0,0.46875,0.0,0.46875,0.0,0.46875,0.0,0.46875,0.0
(Weather),,,,Extreme,Extreme,Extreme,Extreme,Extreme,Extreme,Extreme,Extreme,Extreme,Extreme,Extreme,Extreme,Extreme,Extreme,Extreme,Extreme,Extreme,Extreme,Extreme,Extreme,Extreme,Extreme,Extreme,Extreme,Extreme,Extreme,Extreme,Extreme,Extreme,Extreme,Extreme,Extreme,Extreme,Extreme,Extreme,Extreme,Extreme,Extreme,Extreme,Extreme,Extreme,Extreme,Extreme,Extreme,Extreme,Extreme,Extreme,Extreme,Extreme,Extreme,Extreme,Extreme,Extreme,Extreme,Extreme,Extreme,Extreme,Extreme,Extreme,Extreme,Extreme,Extreme,Extreme,Extreme,Extreme,Extreme,Extreme,Extreme,Extreme,Extreme,Extreme,Extreme,Extreme,Extreme,Extreme,Extreme,Extreme,Extreme,Extreme,Extreme,Extreme,Extreme,Extreme,Extreme,Extreme,Extreme,Extreme,Extreme,Extreme,Extreme,Extreme,Extreme,Extreme,Extreme,Extreme,Extreme
(Friendship),,,,Best Friend,Best Friend,Best Friend,Best Friend,Best Friend,Best Friend,Best Friend,Best Friend,Best Friend,Best Friend,Best Friend,Best Friend,Best Friend,Best Friend,Best Friend,Best Friend,Best Friend,Best Friend,Best Friend,Best Friend,Best Friend,Best Friend,Best Friend,Best Friend,Best Friend,Best Friend,Best Friend,Best Friend,Best Friend,Best Friend,Best Friend,Best Friend,No Friend,No Friend,No Friend,No Friend,No Friend,No Friend,No Friend,No Friend,No Friend,No Friend,No Friend,No Friend,No Friend,No Friend,No Friend,No Friend,No Friend,No Friend,No Friend,No Friend,No Friend,No Friend,No Friend,No Friend,No Friend,No Friend,No Friend,No Friend,No Friend,No Friend,No Friend,No Friend,No Friend,No Friend,No Friend,No Friend,No Friend,No Friend,No Friend,No Friend,No Friend,No Friend,No Friend,No Friend,No Friend,No Friend,No Friend,No Friend,No Friend,No Friend,No Friend,No Friend,No Friend,No Friend,No Friend,No Friend,No Friend,No Friend,No Friend,No Friend,No Friend,No Friend,No Friend,No Friend
(Attack Strategy),,,,No Dodging,Dodge Specials PRO,No Dodging,Dodge Specials PRO,No Dodging,Dodge Specials PRO,No Dodging,Dodge Specials PRO,No Dodging,Dodge Specials PRO,No Dodging,Dodge Specials PRO,No Dodging,Dodge Specials PRO,No Dodging,Dodge Specials PRO,No Dodging,Dodge Specials PRO,No Dodging,Dodge Specials PRO,No Dodging,Dodge Specials PRO,No Dodging,Dodge Specials PRO,No Dodging,Dodge Specials PRO,No Dodging,Dodge Specials PRO,No Dodging,Dodge Specials PRO,No Dodging,Dodge Specials PRO,No Dodging,Dodge Specials PRO,No Dodging,Dodge Specials PRO,No Dodging,Dodge Specials PRO,No Dodging,Dodge Specials PRO,No Dodging,Dodge Specials PRO,No Dodging,Dodge Specials PRO,No Dodging,Dodge Specials PRO,No Dodging,Dodge Specials PRO,No Dodging,Dodge Specials PRO,No Dodging,Dodge Specials PRO,No Dodging,Dodge Specials PRO,No Dodging,Dodge Specials PRO,No Dodging,Dodge Specials PRO,No Dodging,Dodge Specials PRO,No Dodging,Dodge Specials PRO,No Dodging,Dodge Specials PRO,No Dodging,Dodge Specials PRO,No Dodging,Dodge Specials PRO,No Dodging,Dodge Specials PRO,No Dodging,Dodge Specials PRO,No Dodging,Dodge Specials PRO,No Dodging,Dodge Specials PRO,No Dodging,Dodge Specials PRO,No Dodging,Dodge Specials PRO,No Dodging,Dodge Specials PRO,No Dodging,Dodge Specials PRO,No Dodging,Dodge Specials PRO,No Dodging,Dodge Specials PRO,No Dodging,Dodge Specials PRO,No Dodging,Dodge Specials PRO,No Dodging,Dodge Specials PRO,No Dodging,Dodge Specials PRO
(Dodge Strategy),,,,Realistic Dodging,Realistic Dodging,Realistic Dodging,Realistic Dodging,Realistic Dodging,Realistic Dodging,Realistic Dodging,Realistic Dodging,Realistic Dodging,Realistic Dodging,Realistic Dodging,Realistic Dodging,Realistic Dodging,Realistic Dodging,Realistic Dodging,Realistic Dodging,Realistic Dodging,Realistic Dodging,Realistic Dodging,Realistic Dodging,Realistic Dodging,Realistic Dodging,Realistic Dodging,Realistic Dodging,Realistic Dodging,Realistic Dodging,Realistic Dodging,Realistic Dodging,Realistic Dodging,Realistic Dodging,Realistic Dodging,Realistic Dodging,Realistic Dodging,Realistic Dodging,Realistic Dodging,Realistic Dodging,Realistic Dodging,Realistic Dodging,Realistic Dodging,Realistic Dodging,Realistic Dodging,Realistic Dodging,Realistic Dodging,Realistic Dodging,Realistic Dodging,Realistic Dodging,Realistic Dodging,Realistic Dodging,Realistic Dodging,Realistic Dodging,Realistic Dodging,Realistic Dodging,Realistic Dodging,Realistic Dodging,Realistic Dodging,Realistic Dodging,Realistic Dodging,Realistic Dodging,Realistic Dodging,Realistic Dodging,Realistic Dodging,Realistic Dodging,Realistic Dodging,Realistic Dodging,Realistic Dodging,Realistic Dodging,Realistic Dodging,Realistic Dodging,Realistic Dodging,Realistic Dodging,Realistic Dodging,Realistic Dodging,Realistic Dodging,Realistic Dodging,Realistic Dodging,Realistic Dodging,Realistic Dodging,Realistic Dodging,Realistic Dodging,Realistic Dodging,Realistic Dodging,Realistic Dodging,Realistic Dodging,Realistic Dodging,Realistic Dodging,Realistic Dodging,Realistic Dodging,Realistic Dodging,Realistic Dodging,Realistic Dodging,Realistic Dodging,Realistic Dodging,Realistic Dodging,Realistic Dodging,Realistic Dodging,Realistic Dodging
Trevenant,Sucker Punch or Shadow Claw,Seed Bomb,40,1.606709656819146,1.610853159969246,1.6027999741544365,1.6163195989303116,1.6037474270450827,1.6113835558817728,1.6355138388568837,1.6601259789164693,1.6587505636294266,1.6825849765959635,1.6508731318391647,1.6427326729321214,1.6098128031766892,1.6179274141315063,1.6832855891801355,1.624420530334707,1.6886743596922134,1.6498410286746954,1.6920744653093613,1.7381148820518357,1.6244521874539017,1.636751053102431,1.6142060681749655,1.6350242790603857,1.8119660729401654,1.8680415116962206,1.7823589582999724,1.8359738940003532,1.4028594044680591,1.3936936755445235,1.777746276089734,1.820865189341763,1.7810601651118172,1.8197163359980049,1.650461537992864,1.65986223326664,1.6651646625681868,1.6868183328988124,1.676565238256644,1.684247719575492,1.3885104596773146,1.3852815087076464,1.6330200209635688,1.6385537139520514,1.8046587226607342,1.8032293225703342,1.6495979495619935,1.6487911471740442,1.678582144478545,1.6498518410536425,1.6714179356805534,1.66421296930733,1.8266978320061082,1.8097031713532743,1.4406799988787964,1.4361008195573208,1.8176149508171109,1.8479021946044454,1.6551516955787493,1.6553375134155188,1.8020380173716786,1.8126105002223647,1.648101266526621,1.6546064719363351,1.7188627114561617,1.7172076931901168,1.6847537478383867,1.6877740806580543,1.6194278638943658,1.62263272230601,1.8099503723329766,1.8514967300707963,1.842541318304828,1.8939108897936305,1.6298277461970678,1.6390737871398326,1.7081203016303663,1.7555048911812403,1.8410843376593589,1.796285024525024,1.3900705079080387,1.3838156204453862,1.3786963324073032,1.3823968708916508,1.3845901322268706,1.3760265310991218,1.7221773901088475,1.7303399115584543,1.6737492184980987,1.6674849697743463,1.6293908667188504,1.6323783941444179,1.6831835332551173,1.6648838359707516,1.8648626837501578,1.8558391006396475
Venusaur,Vine Whip,Frenzy Plant,40,1.2232711964021472,1.1981401858187983,1.2259964736234634,1.2055503426696836,1.225344869654419,1.201920867425028,1.2207610232611936,1.2362603447853115,1.2120932348634395,1.1751381165720682,1.226686278324841,1.2146154701527974,1.2028437337298283,1.190747219277163,1.2737643061034165,1.1999662067873318,1.2405690460375878,1.2138056603937784,1.2365588595849961,1.2357207251798332,1.2152755430615845,1.233813721830868,1.20854606304323,1.199910615880315,1.2387944451968287,1.2111993259779765,1.2397784052712206,1.2367962929531535,1.266986187013955,1.2259300659979573,1.2153466394497698,1.2113078728606563,1.2147084002686122,1.2117469719130722,1.2296248617975447,1.2066484334362828,1.1966704865320423,1.191764454400664,1.2101323927685694,1.204928389606616,1.204392867182519,1.2078866758577136,1.2446822946396017,1.2162311921098679,1.2058447363341767,1.1981995622264254,1.1751960672287003,1.1771429535157145,1.2288426177707963,1.2184978470052001,1.186710056546999,1.1835203580224194,1.241061442268861,1.1985193574281816,1.221915814600882,1.2137896414148581,1.2312909356241126,1.2296180444265503,1.2416984799418804,1.2232656655491503,1.1925825437043,1.1911730953013664,1.1771257190866418,1.1666409352303606,1.2307718787690474,1.2070495261704444,1.2319459515391378,1.2291862799842104,1.2254070365929173,1.2110689142901774,1.2143263931622486,1.1973273461839171,1.1775500225691873,1.2086424963891467,1.215303188219111,1.1910498473871152,1.268209776490355,1.288384381503197,1.2352825159055805,1.2111293650631447,1.2431743583885893,1.2244127106731608,1.2442977633217853,1.2231605383733646,1.2238813609387655,1.2159017024706005,1.2157362606441104,1.2029439554703625,1.1975205291477042,1.1873722167001128,1.2249566231856541,1.2207576792892105,1.206178002731082,1.1904730807737176,1.2497852468413155,1.2350753357379078
Vileplume,Acid or Razor Leaf,Solar Beam,40,1.5507205359597735,1.4616282984176894,1.5461941081013149,1.458895245950365,1.5503715172967945,1.4628365948856668,1.4054990028285177,1.3970558858905007,1.4362670370660806,1.3623905314700517,1.383614930607225,1.3382136011984938,1.4300437623192805,1.3940842490941645,1.5598523186076145,1.3922890942367734,1.5187839896303383,1.4119253434402543,1.3643336740327634,1.3402661932693845,1.436660832738383,1.4235960115411734,1.4268984623010645,1.4134479841771652,1.4510584300706562,1.430457833293191,1.4080018494241138,1.3983861409318268,1.5298231209194095,1.4192130319148344,1.3900545566641762,1.3895693142946768,1.390366320750454,1.3478151151277729,1.3656632241806843,1.3072078158455427,1.2726289106558628,1.2556617368139464,1.3970183940371237,1.3425232394436835,1.377011196570604,1.3383436561508648,1.3896760400906973,1.3853190687201937,1.4033072935184905,1.323223618051895,1.3843357171973316,1.330206973177821,1.4119207880145963,1.355933595006876,1.3778410021327006,1.336973665148804,1.4585501116888362,1.3278494368671512,1.4235711145232475,1.3587870272891445,1.4025172721866053,1.3705089950313782,1.4402362725507656,1.3460187404088864,1.368938967181637,1.3358298868353222,1.3208912670937722,1.3060243226266823,1.3751379876566856,1.3359435741325716,1.3589883881636644,1.3400210812254356,1.3629399159852733,1.3222724284422853,1.3926240389061857,1.3252351952094834,1.3530105000622479,1.3619984585813376,1.4139424846456492,1.3563492371309196,1.4256517648065963,1.4307364257978643,1.4418026834654405,1.3393927370647718,1.3923796586510007,1.344864019414622,1.363280921558783,1.3595269497193296,1.3872063808889117,1.3605546272087778,1.3713676324377317,1.3392109395627296,1.3738901753379718,1.3275579434323674,1.3540371639118747,1.322403047239816,1.3979272067213293,1.3514367669577871,1.3646177972161617,1.330829348482815
Chesnaught,Low Kick or Vine Whip,Solar Beam,40,1.329215210379736,1.2825139688521083,1.3391591432416077,1.287658552361478,1.3348059255988283,1.2857024872046448,1.3511031321470994,1.3508820102937795,1.280041966829183,1.2602605312192106,1.2305359448125597,1.245238407250268,1.2812875286960896,1.2667801917060368,1.2879304034014474,1.2939332111826538,1.303211369864663,1.2829280355202584,1.3232530668461102,1.324039998185693,1.3155803075283,1.3081390549430152,1.3008005654221513,1.2715984431606648,1.292429791741206,1.278054501568373,1.2659729559218647,1.2719337538888844,1.3780057291099805,1.326971629598182,1.3129568900335282,1.3010872922400412,1.2802692757624343,1.289804017590339,1.270631451487901,1.261727426070771,1.2671441268099763,1.2567209735074216,1.29611178043943,1.295980350378558,1.2835064631988808,1.2942086509533737,1.3491003174945007,1.3228400173195785,1.2574645211755504,1.2359654381661884,1.2388534489483567,1.2561865379919246,1.3601644452318629,1.3104873492868783,1.2705145560294357,1.2474669443976776,1.2883676787021379,1.2771616349824404,1.2820100099979284,1.2862503267178507,1.237549008422744,1.2718034542014318,1.3098300261680882,1.3048501441550415,1.259288738978265,1.287040741693217,1.2384985893502336,1.2382564583747355,1.2890136055275694,1.2777770161188786,1.3049849367266315,1.302049024077286,1.2828797965855694,1.2360763131676133,1.2902442747205152,1.2704533085431196,1.2470876532983355,1.2533249818718697,1.2785059279352935,1.2707254722327497,1.3433542843491346,1.37531967999199,1.3028883724576696,1.2626977100979768,1.3144366609517706,1.2401880023539344,1.2796073715393932,1.2420508801143522,1.3239460303321167,1.2927448265072112,1.2912408476538886,1.2865812178231468,1.2590009989925186,1.2439016841418333,1.307447646955372,1.2963583429292715,1.2459775733387726,1.254607578139113,1.2886231707513374,1.2621058078989598
Leavanny,Bug Bite or Razor Leaf,Leaf Blade,40,1.3540373268415953,1.345660195912663,1.3634051962726061,1.351885833912751,1.3596332047914494,1.3470153311328792,1.3497840101492968,1.3615143908278586,1.303589424049898,1.309131704409081,1.3153426997548725,1.282154369975084,1.2947305132175924,1.2929899669390355,1.3563753982228361,1.316727479189112,1.3557857428343574,1.348371114361503,1.325682529736365,1.3341887283197762,1.348810317832353,1.353940173117598,1.354845613759063,1.3727021162151758,1.3102094012008805,1.3212306346424592,1.2928014359930073,1.3034995333657817,1.261485805330189,1.2596391205733715,1.32846302257667,1.3247393755053427,1.2879422984353432,1.3148204965437469,1.2889566274038595,1.282952485125561,1.3069655244591187,1.3060844677204717,1.3539856096275888,1.319589470199897,1.282706840512661,1.299514762503209,1.3237005661846601,1.3331691036373121,1.2827120687261486,1.2573958748380085,1.3050085590569434,1.2922332080883923,1.341279069232431,1.3114531205760225,1.2922730523726644,1.2685220024823514,1.3608327325588734,1.3034725712488893,1.2946335716790953,1.3156925273529756,1.3359678533804709,1.3216002563200564,1.3574024873606234,1.3343900140378164,1.3350683407385437,1.3129445525659094,1.291337820871389,1.286011940788998,1.3130963005056975,1.294791568156192,1.3327378911845946,1.3339541032633861,1.2926519052478473,1.2698331064989739,1.3484914435107758,1.279522031002312,1.287364089328078,1.312684052225898,1.322036943527234,1.3111536575075784,1.3664010570757665,1.4031481198518543,1.3389358131780953,1.2753429812751949,1.292224925165782,1.2803449469355963,1.3223518395354155,1.2881412709055446,1.309542847255893,1.2929260735866512,1.3303263162125216,1.3222855203953023,1.3674920109601971,1.3102899924431652,1.316236528156922,1.3008926191646397,1.3361687157190598,1.3115417256870991,1.307333527765675,1.303351086523433
Shadow Tangela,Vine Whip,Power Whip,40,1.2778980600779308,1.2238001921446247,1.2817021940442632,1.2264259970334623,1.2788754635784425,1.2254190501071847,1.2379850431954114,1.25251223520261,1.2109460416248814,1.2011876091055913,1.20584706115849,1.1788929227175313,1.1697981298610505,1.1524704355919198,1.2248034526686364,1.1723174496755817,1.2476160732469275,1.199473385595727,1.2103437790215077,1.1977111921221995,1.2359167513871636,1.2053326579258674,1.2489040738806514,1.258716846797201,1.2528308602539415,1.2391795194532567,1.2023357124972984,1.1939592079402452,1.2036073580283952,1.1914142590407746,1.2433897885242065,1.1840099450812287,1.2094861871037774,1.18477131931179,1.184329199753475,1.164368466803445,1.1795904249150637,1.1539419000619036,1.212369914456485,1.178080745034125,1.1584205577150235,1.1383011442779136,1.216366941440955,1.1768305840142355,1.1936004361415022,1.1310409836299287,1.1901479925770233,1.13464772695523,1.2549994936091087,1.1701854771442046,1.209544092871462,1.1404740743060966,1.2453190270135541,1.1776237697115919,1.240765851949191,1.1732665803996247,1.1950210943731745,1.1880342840064868,1.2346993413395568,1.1738400297283336,1.2108491076433607,1.1707699914603222,1.2065827634945858,1.1359625358918473,1.2062895346173832,1.1631034087189116,1.1686803939062955,1.1701600851341618,1.1916989736841805,1.1334586435832448,1.2288033354232542,1.1624200823444744,1.1413735280473445,1.163026887034947,1.1992760573083083,1.1715495783049863,1.2764265430812693,1.2487061994572093,1.2605416624183632,1.1725304264832455,1.2071859289512517,1.1784219553718296,1.2610255338532328,1.1799670174212433,1.2190046439597932,1.1770786687752586,1.1640562337519245,1.1615853969048227,1.1990038936798053,1.1294354261479704,1.2019613556282047,1.1640516794117637,1.2253982688698357,1.1541209740186287,1.1868985431488381,1.1674231485654276
Shadow Exeggutor,Extrasensory or Confusion or Bullet Seed,Solar Beam or Seed Bomb,40,1.191706530648055,1.1297770928680904,1.1933096725878942,1.1247415837122308,1.1915293917673844,1.1311080573540206,1.0842887022543701,1.0458825872356101,1.0525520348718844,1.063286732916312,1.0587466293225163,1.034754623134395,1.0892965819094385,1.0653133224872238,1.1959262398372856,1.1001231171686816,1.1823356343676825,1.1089742438647088,1.1030134694206726,1.074879826991922,1.0435322188232103,1.0095583486879913,1.1579743303767447,1.1249420750035595,1.1541208854730913,1.1566404132210537,1.1724646815138202,1.1510548867734236,1.0684344612036922,1.0663486836945624,1.2200643097833874,1.1120031348990442,1.03034111006621,1.0325430969143263,1.0432013277300183,1.0157572126665397,1.0594948182786583,1.0146774271271843,1.0444834668447565,1.0448142931517213,1.0543186873543966,1.0503553986195557,1.1299029787068016,1.1116901709673164,1.0954228845613359,1.075120924674054,1.1172574320411977,1.0749317991435174,1.110779300126108,1.054612307311135,1.083137502290421,1.03402610775911,1.0810631420530552,1.0580938380109723,1.1208072284918487,1.076494993108771,1.0954965484208339,1.0804837552253215,1.0939961939176504,1.0435961904742592,1.0690616665066506,1.0359580022149968,1.0525704741050963,1.0024302721231553,1.0946358669110066,1.029049696844214,1.0386509508360144,1.0180830853850324,1.0595870591879017,1.035370829800645,1.0615337211578364,1.0424575433719154,1.0414584493959875,1.0514143318169578,1.0750294014023352,1.0809712394756148,1.0,1.0,1.079350293237879,1.0426962686999497,1.0607281330146507,1.0465401889005042,1.0593246662679778,1.053394726787201,1.0552313460378322,1.0400630047766803,1.0297842115696478,1.0084381055862974,1.096254945267632,1.0510119058415812,1.0202294405281056,1.0167727461379847,1.124740035914226,1.0725735384740058,1.0,1.0
Shaymin (Sky),Magical Leaf,Grass Knot,40,0.9802313709067462,0.9887605241634755,0.9839256676365828,0.9940963402677331,0.9804065759167139,0.9893208542581011,0.9822378094059089,1.0031856935889099,0.971834504450976,0.9742647940497157,0.952160525180487,0.9544011457253757,0.9871455269752052,0.9950048538471657,0.9728887713029704,0.9656709368536602,1.0274674282028278,1.0168283549062695,1.006234752798476,1.0053762750224553,0.9919349809216237,1.0036085914989505,0.9813439117988497,1.0232367400372302,1.0009464734157225,1.0239575091000988,0.9762285517906306,0.9879748712848676,0.9767771979994169,1.002931107398014,0.9372675243878883,0.9671662119529355,0.941921956987774,0.9614294702447815,0.9691782866253823,0.9692106350374503,0.9759348481327974,0.9737012569796161,0.9829790554304527,0.9706378458413295,0.9714035699839345,0.9864314144442706,1.0303222978947784,1.0220121601933008,0.9505113996146514,0.9488418972178795,1.0245477241588445,0.9850101950703674,0.9751852088823182,0.9706914168506421,0.9605830349200868,0.9422335289718602,0.9872735067139504,0.9726441517110087,0.9606048591789692,0.9767916027558177,0.9803570930946266,0.9779967741873752,0.9925308399226667,0.9791591150244179,0.9752916066537187,0.9724011483574804,1.0034975718141388,0.975894188989362,0.9985113060901826,0.9754978218109887,0.9850553228944015,0.9860600453005816,0.9881676823096915,0.9590172225211179,0.9813551564247256,0.9714948158128169,0.9651432291394983,0.9788986707163377,1.0019532489897092,1.013147266153789,1.017901235226714,1.024853034881445,0.9876915240150673,0.9726616889773466,0.9772819991353643,0.9745389528376143,0.9798034136077427,0.9753249839218481,0.9807807562832271,0.981431486193392,0.9790174348921749,0.9718932402385231,1.0056553927132827,0.9651230526079644,0.9686852582349815,0.9580822664862579,1.0066353227695193,0.9896820747278869,0.9668365630655122,0.9610185272702682
Breloom,Counter or Bullet Seed,Grass Knot,40,1.4997347565320993,1.2892569270596925,1.3747195693080914,1.1573784904941713,1.5089594273561637,1.2846452917019797,1.2721351342637537,1.280290067975576,1.2291688973070953,1.2379664440611688,1.2045147447711448,1.1718102408399031,1.2340740601779958,1.229553301555151,1.326417402767809,1.2530778444372777,1.313452665611138,1.2594119111645437,1.0816471918756516,1.073231290703961,1.1631279314318086,1.124322864517607,1.283368186165178,1.2715036455669169,1.1470158896838023,1.129374608349737,1.127975196719496,1.106954029990897,1.379539532043109,1.337527875794403,1.3404487361632755,1.2375799239476515,1.225230059827721,1.1964406342602816,1.2210654305892743,1.1731893095260442,1.2408891422969635,1.1953954302433767,1.0449465898374708,1.0420118244593264,1.2367432510308385,1.2058902348972476,1.1522628117365001,1.1202821413960373,1.0922714574508072,1.0410911142562245,1.1234810970096039,1.0698910374084856,1.2977662207341385,1.2463182309476342,1.2385940769976473,1.150659154356057,1.200878011497009,1.1731577021144282,1.2802679994273285,1.2103635170210714,1.1581004989147348,1.1599658452049408,1.2384539229950045,1.1813755336423444,1.1980596626668523,1.1807072806514247,1.1431689132158476,1.0664368692966029,1.2226303005904653,1.178091083834396,1.0714117873016504,1.0614861207398076,1.257019062971422,1.159859435852136,1.190361669164173,1.1629462044194403,1.1513387457652347,1.1711413673379634,1.114691905986011,1.0963238888313893,1.304024492539427,1.262254978480783,1.1499068216718589,1.0707350458924434,1.2645199128243965,1.2509948314712338,1.3286144570194807,1.274040521153164,1.2210753803027423,1.221374107139432,1.1958145435336442,1.1746044402327664,1.0779041558569809,1.0547677343716233,1.1986150179017072,1.1495787150528212,1.1419466849924442,1.0788017200481503,1.2078792842525354,1.2026384610443763
Meganium,Razor Leaf or Vine Whip,Frenzy Plant,40,1.3936147833157373,1.3677984633087976,1.402596491362696,1.3753360879463283,1.3965407757152453,1.3684683492952692,1.446375357147061,1.4479016450482276,1.358199271843562,1.3513566880285985,1.3881744702994483,1.3930264737394644,1.3895121020687586,1.3782280290798563,1.4033946528521462,1.3809019854402629,1.39341777788555,1.4015279246786452,1.3796644468084267,1.3659068538757801,1.4199485151300677,1.4092268164412347,1.413035547274417,1.387650555552626,1.417746682690437,1.4043279626800815,1.4194606764323,1.4207125628903636,1.4512656656232161,1.4270992083530856,1.3712948099517903,1.3786279348509913,1.383467132876699,,1.3670264627011313,,1.4235057739648889,,1.3730933931142337,,1.374709338352557,,1.4461600531462135,,1.3860109644890068,,1.421956975082047,,1.4238641430374825,,1.3910352395776782,,1.3651134477775815,,1.43265842222035,,1.412742082732625,,1.409569241295659,,1.3929685907518345,,1.3576678851151707,,1.409557554900812,,1.434876541409088,,1.4191467141661618,,1.404013730691891,,1.4053609296418628,,1.4115847257469019,,1.4805360470172455,,1.4194602224066428,,1.4149029052809707,,1.3943816700633223,,1.4152032941260062,,1.3908529741366311,,1.4371901669481888,,1.4151559354469645,,1.436317830340574,,1.4164443381038372,
Tangela,Vine Whip,Solar Beam or Power Whip,40,1.463359709280765,,1.4637298209598788,,1.4701135531925766,,1.4355032965255854,,1.4106343865977593,,1.4034891839057255,,1.4378049752013242,,1.4124254070119067,,1.4263352474045747,,1.417129991832969,,1.406144703323385,,1.4491474187787694,,1.4763776009992595,,1.447389191483986,,1.4154742737998767,,1.4651553298855131,,1.3945661579193045,,1.3946995029099853,,1.411139705564567,,1.3858097437050512,,1.4288211004469318,,1.3838906421218933,,1.4005998638750903,,1.413612306583442,,1.4357180473978626,,1.3923689432134867,,1.4380579314848936,,1.4529615775747842,,1.410644197124077,,1.4866471598371551,,1.4038870391117306,,1.4163007058253108,,1.4449782387465941,,1.3760808959876243,,1.394405364478286,,1.4202523276900219,,1.3694393382672567,,1.389969694268194,,1.4519122480616151,,1.4772121000890825,,1.411218070421623,,1.392702549138545,,1.3900122299493631,,1.4146394692523012,,1.4263857395763315,,1.3603344246073172,,1.461805148372661,,1.405928349408559,
Shadow Venusaur,Vine Whip,Frenzy Plant,40,1.1102373215579258,1.0397138252073923,1.1107929351160024,1.0449781703159255,1.110317018550397,1.041896858012514,1.0204823679509034,1.0290937576416874,1.0375225923032727,1.0168984742698017,1.0337346267607495,1.0064069677474339,1.0353322931741369,1.02229396510902,1.1098001448352093,1.0253500386765269,1.1181491039056992,1.0430332904782553,1.0510961614954053,1.041427680828966,1.0500827629479033,1.0169800300576073,1.0472220132332113,1.0410272120592097,1.0530380000053174,1.0383159549110452,1.0505019879305164,1.0432942143098183,1.082648887214656,1.0539201624016148,1.0476596902129613,1.0353627128959855,1.042529921989729,1.028361725788231,1.0377349731871097,1.00882159708011,1.010698750665274,1.0053964990405537,1.0492057272876767,1.0116737576535904,1.0397107057553103,1.0214231753751997,1.0446813192340696,1.0277296651844283,1.0330797075684774,1.0005813764805003,1.0329827214724654,1.0049461482157138,1.0355475850188627,1.0078737276695888,1.0250552904474026,1.007624283974738,1.064222461129761,1.0053134646064144,1.0380029584847361,1.0,1.0480318865274443,1.0156538814142066,1.0483870893138465,1.0072632645705082,1.0458947092707542,1.0173941265481148,1.0292843273864,1.0110269723712344,1.01986948416725,1.0002158043910725,1.0005696430955007,1.0040694205787648,1.0307722161107444,1.0,1.036600121498181,1.0054756781643686,1.001513074479709,1.0085139322805652,1.0297802453718778,1.0023213707642855,1.0441648079668724,1.0695102409687436,1.0620773344241488,1.0,1.0362799945271088,1.0144747181793532,1.0476117492709969,1.0249741591731776,1.0186953492640651,1.010328115663864,1.0396521354554602,1.0450059420452702,1.0417839479544846,1.0116018150159374,1.009528480589957,1.0128346275735427,1.0718662447958553,1.0116272418619334,1.030836032696281,1.021895902840841
Shadow Shiftry,Snarl or Razor Leaf,Leaf Blade,40,1.1739629820247608,1.1093544229076793,1.1772164417785618,1.1113235950215679,1.1748940935399232,1.1078415831565993,1.2804810271301268,1.2414940422697078,1.1079159019654266,1.1310223598755498,1.113762626331958,1.1078655377913382,1.1133006866349449,1.123739724850519,1.1834832338426688,1.139181746442726,1.1890581857195692,1.1599758619145288,1.2450553982351382,1.183088076328028,1.2379595651788313,1.1711735303469266,1.2944171832915858,1.1816211484409194,1.1733615750000828,1.1752539411880991,1.127546845063344,1.1454170013058103,1.0698890889572243,1.1075013438439236,1.187881614222324,1.1359836581360148,1.147381319223842,1.1415912688171237,1.124031150287604,1.1088348421945489,1.1461745825753022,1.1192196915686112,1.1228808599321425,1.0967483707555596,1.0490153664677528,1.0664631004708969,1.1567229969736608,1.1595377510357407,1.1152832380120346,1.0767943323113618,1.1629642793966248,1.1106433524509303,1.1819589678849658,1.1499100377782978,1.1444209351430636,1.088993668829262,1.1481566017882836,1.0958040849644253,1.104241603816666,1.099830194787019,1.1325124871591443,1.1168321932530747,1.1805124307173929,1.132957107347978,1.1437053149842975,1.1165758195742224,1.160101103053609,1.0942502997685357,1.1633398750250867,1.1315187307467398,1.1028456316030941,1.1044517622537713,1.1619704867504024,1.0951894225583623,1.148438222859313,1.096752385126589,1.0977233636643737,1.1192056882231731,1.1545161118658123,1.1406296683762491,1.2061190735881095,1.2195224195816141,1.1587662574619506,1.1010549609575269,1.0402544491989303,1.0609821831739508,1.122604818673413,1.0689959286224786,1.0983693181556526,1.0953672106005785,1.1202060007085402,1.1178660861710035,1.1643266152347984,1.095118279266822,1.1493921863060226,1.1023155584627486,1.1799115844220516,1.1161784811643922,1.1066337623121916,1.1122618162980866
Roserade,Poison Jab or Razor Leaf,Grass Knot,40,1.2819361533777487,1.168104850346321,1.2911405187619323,1.1673207491745468,1.2802046545459471,1.1691491962760074,1.139730003730757,1.147012291627673,1.1682314138012677,1.1416315190346675,1.1261074647362022,1.0869130295324319,1.1428793101113925,1.1182427653190403,1.2405040211924767,1.140080030398631,1.2004303989535379,1.1562345011182862,1.1660235873050808,1.1522076110178758,1.1645830318284018,1.1336493628063775,1.1454526346625116,1.1423427274548992,1.191815067408839,1.1757464827334811,1.1510657170697876,1.1374632960132278,1.187492727707121,1.1764487700529354,1.156147852821773,1.132707159998375,1.1634548011249948,1.1329424614148846,1.1447251795716191,1.105566544419816,1.076002831946628,1.0520656667749877,1.1389586612389546,1.0921126158089371,1.1458438313785848,1.115083874244433,1.167389343350302,1.1449308281904889,1.1285269727106804,1.0885615434916027,1.118446470734947,1.0934554210210876,1.1490640348197734,1.1086679244801707,1.1284226387615104,1.083573333124513,1.1733807485045056,1.0968748611459413,1.1941106000670658,1.1318533151915742,1.1383258072560454,1.1167238253536478,1.188776303199824,1.137105892993208,1.1429248351894699,1.1055244027581472,1.1122882635273916,1.097459999754014,1.1404231803609246,1.120439163194901,1.1117517823077476,1.098571318743273,1.1239746122064351,1.0831313501652282,1.1494617559724878,1.106549825699414,1.1001682430322417,1.1246533285273037,1.1764499258997394,1.1335395842743305,1.1674361778372806,1.1750343249837059,1.1732657071120054,1.099499849226898,1.183664595181732,1.150276402458224,1.1837371793805633,1.1601666812273497,1.1439090707541058,1.1220111792835716,1.138048690035745,1.1241704799633792,1.1403615331429668,1.095565121717502,1.1273108020744587,1.112575832622591,1.1646942094285124,1.105662348537672,1.1459999547112694,1.122441658080765
Torterra,Razor Leaf,Frenzy Plant,40,1.2222910267963578,1.235143695585973,1.2297067732642422,1.2383644398404674,1.2254819362282778,1.2394606660135512,1.2604713240912229,1.262662857886054,1.2247363948527625,1.2270707470538333,1.2597140824750033,1.2194439426074941,1.2666744817960187,1.2585381255941857,1.1901418352120796,1.2111060130214928,1.315830699740199,1.2470565311329724,1.2061207497846322,1.2148063343152,1.2205364977296833,1.2103452872555351,1.2560853583551588,1.282246672484984,1.2515319165289078,1.261644866471548,1.2274053390355517,1.2407132773542382,1.2464714693969696,1.2542638935546264,1.2059973784323295,1.218353703907135,1.1814372938050497,1.2096772219797434,1.2059262460379785,1.198906532472898,1.2283456032704723,1.2209599157812534,1.217566288673287,1.218821741033857,1.1970016983262097,1.2090187300120525,1.2495642949553654,1.2574365438328516,1.230847817768703,1.2097812788443643,1.2764115302253372,1.2157937303059176,1.2310249432834084,1.2266293288461436,1.2526197712903866,1.213547413303681,1.1825989029884652,1.1884668209736917,1.2196894472426452,1.2324506316213255,1.2055995539373108,1.2304045186923906,1.2189392831396757,1.2266510403649327,1.1963512851481615,1.2103798923772604,1.2444751404255414,1.2066577151477136,1.2607044824593414,1.2450139896532526,1.2488956913715623,1.2497241771847998,1.2474291214141626,1.2161373793224532,1.2201953477395837,1.21973966838656,1.2465255970749778,1.2625039358513215,1.204457001058673,1.2307050048608088,1.2963233048458462,1.303333281528957,1.2603564296160712,1.2047770204889046,1.2021086619374133,1.1954321384421678,1.1848710691908657,1.1990867293933878,1.2377786359428937,1.2354246243876221,1.252758753637347,1.2451791663645366,1.2173939155823732,1.2083289981721859,1.2461829057017315,1.2190292810384533,1.2837678202532448,1.2290420034137588,1.2404063053917325,1.2339730156384385
Simisage,Vine Whip,Solar Beam or Grass Knot,40,1.3230428570822859,1.2759261531486552,1.3306536996932452,1.2760084990836709,1.3291740431878383,1.272674585702573,1.3469470995027193,1.3393330207237608,1.2593823564007944,1.249810192220633,1.2675344630170704,1.2330874607922655,1.2819862640754562,1.2606344145447421,1.3398600326477386,1.2698618632488892,1.3915825010602485,1.29533703215744,1.2648985842899678,1.2406280945439352,1.3367590774400262,1.3062040717985786,1.2894782760211945,1.3033666782461728,1.30809478075662,1.2866866435063544,1.3094055899955772,1.2728015085394382,1.320042091420264,1.3104334845391603,1.3592584034555995,1.2597612646274485,1.2991752706554878,1.2611026914135584,1.23616787720521,1.221494452402234,1.2691088355725813,1.249190679594376,1.2691844504777214,1.2236956418338136,1.2739238529431096,1.2562775493373373,1.3318048473638566,1.2899139054952027,1.277015546006495,1.215608499213474,1.2791930863915388,1.2367314579584405,1.3029391620196982,1.2238066844231223,1.2932659575552867,1.2289554155589402,1.295462917097857,1.2184086114575192,1.3252214516108924,1.268732123373868,1.265829116165652,1.2561287523163351,1.3458060428881975,1.2768734959029753,1.2961614918727828,1.2508025906680877,1.2836798887049046,1.2241316800049369,1.320001494512466,1.262355941545633,1.2916589319120517,1.2881507687521299,1.257451375824592,1.2187242108375076,1.310710488808262,1.2419355718445975,1.234414846004419,1.2478656922919782,1.2892878965809844,1.250225476181369,1.3372013500038957,1.3043220116015213,1.3356135382972205,1.238725042979426,1.243504922291035,1.2181933982839084,1.2866484773952074,1.2237178792207122,1.2676039233203886,1.2292564434794753,1.2681730138729521,1.2616368051446432,1.291641908790186,1.223751562933762,1.2448329280370518,1.213577956103984,1.315231714006715,1.2478474579991188,1.2502638341384815,1.24866798853867
Shadow Meganium,Razor Leaf or Vine Whip,Solar Beam,40,1.3441958401866112,1.2959405576623255,1.3581215908050532,1.2957920862460206,1.3488594703031465,1.294333485231118,1.4081732749854532,1.3691190070325985,1.2821854080677049,1.2594437352590588,1.2834223222084884,1.2488775504545573,1.2943430531387345,1.2715203083874338,,1.3091843271386459,,1.3350118769484043,1.2946799172619552,1.2579069518748445,1.3764193871738093,1.3526592687825485,1.3481756648076584,1.3079994420084269,1.348836320280868,1.3078288413498755,1.3681581635156486,1.2966947115001255,1.338520698613814,1.3124823865567883,1.3019217738193307,1.2839694652218292,1.3009545053894511,1.2798231573200674,1.2707834986685491,1.2578652910460395,1.2668248853341495,1.247724543166432,1.2628021625830181,1.2410963704436404,1.2838009807149886,1.2793105587002687,1.3739998387712031,1.3505530621276356,1.2771796069985812,1.2419823659706475,1.2801137481088218,1.2571924487550576,1.3452912765278051,1.300023944828059,1.2743345100260057,1.2610065269397777,1.2805322256997904,1.24682962728989,1.3113336137401121,1.289895169231997,1.2486575604267511,1.26779734658662,1.3062662759274508,1.3150133660899284,1.2974297871999227,1.2936977371187535,1.2693950442099973,1.2334232638940585,1.2874913736947198,1.2709975462148195,1.3029682048895717,1.297016662665325,1.269673915435555,1.2335742500346143,1.3036451717758524,1.2766409494600028,1.241678959744777,1.2493071635448578,1.2868317480047002,1.2905555553793193,1.3493491213139144,1.3106416870548978,1.361052311882752,1.263678618847698,1.2989105101427092,1.2397575411095696,1.2732327074769791,1.2303520904755239,1.2615567100580973,1.23122618515761,1.2846598809456573,1.2847880873477888,1.2762776698361558,1.2463538288514118,1.265120980997714,1.2229085845430432,1.2920219231284393,1.2677596322189937,1.2893309299386064,1.2468607193566865
Sceptile,Bullet Seed or Fury Cutter,Frenzy Plant,40,1.2575668995721205,1.2111390193285823,1.2603079287470629,1.2141255637945745,1.2605753019736485,1.2111968895649163,1.262117309535641,1.246246388021784,1.1996308510012623,1.195400711488592,1.1755536873718408,1.1363764012560484,1.1953088257158389,1.167168861784396,1.2862194838245884,1.1782561447522855,1.2810178825453356,1.2141434917060885,1.1997923864936029,1.1754967906961808,1.2379804534571024,1.2153284909382833,1.2403263479811621,1.2224407203990908,1.1920622397308884,1.1690528145400876,1.202458089449471,1.172649302217581,1.1337306378432923,1.1059299886865106,1.3247202428934612,1.1976101009870752,1.1677471432507094,1.1702417276976838,1.1575914174380362,1.144241576852803,1.1875649548757716,1.15372253407486,1.192341137067626,1.1471685396385036,1.1252555092051983,1.1275498745867834,1.2087736962581435,1.185964627063112,1.1724817738227058,1.1356736382400467,1.1851083259077928,1.153898662743112,1.2259550258849377,1.1688186674230692,1.1636926619322747,1.1337522072959205,1.2114111521618416,1.1666672761639416,1.2095311836344929,1.186162893077089,1.1629602433051893,1.1525238756963014,1.1989336488553688,1.1761743807061897,1.1921496653633892,1.171087713074584,1.1631823469164206,1.153312563694745,1.1980230494581727,1.163531072418839,1.1659358191792781,1.1586733124903899,1.173216680120844,1.1373324602066264,1.1807779760977473,1.1483723464887639,1.1566289423918887,1.1689670046926322,1.191651883974101,1.1850005291817745,1.2517974062817323,1.234106910204082,1.1803575778427988,1.0969079963425166,1.113291524172329,1.0944719898855275,1.1253825403899185,1.0877873673618252,1.125253023113223,1.0965751572605158,1.1890161046826502,1.1670994184157462,1.1816813266213184,1.1474894578882953,1.1618468283806904,1.1223511938443598,1.2064462200860675,1.169645303380499,1.1963237554943278,1.1557877680015416
Shadow Torterra,Razor Leaf,Frenzy Plant,40,1.0311133930909824,1.0291357786194506,1.0336947861800034,1.032286617216188,1.028845111957617,1.0308979382154024,1.059820718956289,1.067776019454692,1.0571118252092782,1.061133862929886,1.0352188627251653,1.020205813791608,1.0516701719445882,1.0366683572849622,1.13387486122877,1.0435668354462144,1.1363654091609192,1.0756475966876569,1.0142954447370356,1.0157203411294458,1.0130666400386816,1.0268111090704064,1.2493835096478993,1.0773631997800994,1.0788814453425701,1.0874857842104253,1.0378400784712305,1.0523587195531539,1.0394514205196426,1.036823293463176,1.0391557791005208,1.0379337328828548,1.0077332349902859,1.0042046549860038,1.0219310242180966,1.0093733306550716,1.0314653524350381,1.0104057289999888,1.004108135862835,1.0134082586781674,1.01556179543197,1.0268382794521587,1.1065109371170396,1.086497405645216,1.0297983184171586,1.0014929909486021,1.09546636422468,1.0229720183885662,1.0506956013712556,1.0215524882559577,1.0393233441520056,1.0109934104141298,1.0,1.0,1.0425097364861813,1.0419898202644025,1.0201642819731653,1.0324607281073153,1.0269364753276455,1.0196689123455218,1.0100956642131953,1.0094555326772638,1.0788049733605714,1.0220862843568619,1.0414802525726066,1.0270828495244917,1.0282213025322804,1.0221375346520676,1.0272951612771182,1.008164019799622,1.0260770366961707,1.004783048520836,1.03680627569462,1.043950809666873,1.0590507466578738,1.0551069814544956,1.1040997523974265,1.0991037888758033,1.0608620555885266,1.0233808948582097,1.0185923608400917,1.0151563490690543,1.0634568341608743,1.0148358449634598,1.0340055090691753,1.043682179118408,1.0503637450272796,1.0515198296041717,1.022405304040494,1.0135241518991918,1.0626702553901024,1.0282526726246621,1.0816954715951375,1.0309622173561435,1.034961999753913,1.0243785121472448
Shadow Abomasnow,Razor Leaf,Energy Ball or Weather Ball Ice,40,1.5643536669807514,1.483016063439351,1.5787255581970296,1.4897505526715922,1.5693271189417728,1.4874922166177649,1.6921187885326048,1.5725069170832806,1.4570798076647569,1.434906980635334,1.4813366799568843,1.4127521195598403,1.449375724100242,1.4329609600435367,1.557701090991034,1.4474761404319088,1.4578277617372168,1.4327890802120127,1.6481516003552255,1.5390376293231742,1.7701100901999725,1.596681764590875,1.5374495373228367,1.4867727487857998,1.5527912707887996,1.4764841916554015,1.5553567585532468,1.4543481824868318,1.4719773061227865,1.4355746987288138,1.6357462385966404,1.4617442253267428,1.5604341610826378,1.4849848318661671,1.410321829391059,1.3880812565841814,1.4236478018786438,1.4035659213093443,1.5065336586380829,1.4592584539351174,1.466464079599517,1.4309521968031627,1.4320871507629822,1.4196632616227773,1.494976076555024,1.40799791682238,1.4009815172713855,1.404470780327102,1.5661969275416074,1.4542829613571167,1.451075246117852,1.387242847578141,1.5758801214379465,1.4519589352947904,1.5212172142235003,1.4570809723429559,1.5256956451010155,1.4731767429483682,1.5369966542257536,1.4630469311224321,1.5721982230752323,1.4600783600131908,1.3990939202496355,1.3808492086045923,1.4786128915877408,1.4168049310729787,1.4550062328528082,1.4115099939125655,1.395545989603012,1.3679756251769033,1.5007864709325,1.3901918262828068,1.4090298309710454,1.4053492967804948,1.4437849294049787,1.4014500498903462,1.577393512609228,1.5412600538884709,1.5483190190894047,1.414090679917284,1.4252353922099399,1.3786641435155444,1.4718488231066287,1.3821496462806577,1.5064313481430414,1.4457932429740936,1.4422063501983717,1.4186761776292374,1.560500166876034,1.4637143471908125,1.4360064432150343,1.3911431991199346,1.408611855696173,1.4024882282727429,1.40004392461227,1.3994106407388975
Celebi,Magical Leaf,Leaf Storm,40,1.1857798924414498,1.199062868997171,1.1859495646602165,1.2024586547236007,1.1861937868509154,1.2002410422092353,1.2295974415911346,1.2623357295836837,1.2004461343692552,1.210406115600679,1.1769206585060838,1.1930748057453213,1.1917162995996333,1.2029574423525744,1.2055159346866822,1.2096544987362727,1.2087114857670662,1.2219818743609678,1.2090548473965226,1.2291322414604244,1.2152317723973316,1.216335381279364,1.2100373868406193,1.2264775488316784,1.254668217482318,1.2797418520133939,1.2545527232298153,1.2737508524128147,1.1902141207391415,1.2147851377366612,1.1988330379874548,1.199047978597769,1.1690682261619492,1.2098595681174724,1.1859537925988692,1.1868682672495685,1.1778930788801505,1.1735815424287765,1.1904563103863721,1.2067364861126344,1.1820168389463335,1.2026880142370093,1.207481762068181,1.2408665061876993,1.2204475698994641,1.2232155383060206,1.1886025691454236,1.2085267288729318,1.224778093340589,1.2201763087072368,1.2145200202684738,1.1968860976574278,1.1713298859133245,1.1859935252441298,1.2027587961481099,1.2192637669310302,1.2097785573130295,1.2283173990634293,1.2161300174075518,1.2212888885283817,1.1931748255112533,1.2157793408028366,1.202214864701061,1.1931838692916399,1.2209790267622582,1.2004420730427776,1.1868840153551203,1.1934185574129572,1.22152947964323,1.2025134882261832,1.184786274504208,1.1866763161607008,1.1834144120083379,1.1992275010699607,1.2077947211456872,1.2126241684253605,1.2551582465183329,1.2820933955884402,1.239695172884626,1.2234814905080047,1.1678014583903786,1.1853137218991268,1.16726094171586,1.1891908374006759,1.196120967948849,1.2043412362676016,1.1980690834342942,1.1912420147712546,1.2073816365056569,1.1960977818157617,1.2119626267689947,1.1929035648470931,1.196285348029525,1.21030381101756,1.2241846732568136,1.2262638769144645
Zarude,Vine Whip,Power Whip,40,1.0,1.0305826040266854,1.0,1.0310385930158512,1.0,1.0295906038000273,1.0471675161090406,1.069901947301783,1.009781845251111,1.0416728113575755,1.0379132082846079,1.0615202809093538,1.0251752281734112,1.053389487013882,1.0187913117048701,1.0441438464984432,1.0340386790144414,1.050604524044373,1.0694333945977592,1.0784771541336569,1.019577102598387,1.0301933304500148,1.0193144240076337,1.0470567262868413,1.023433515197271,1.040843456959476,1.037281850799804,1.0404835644602703,1.0066437224064066,1.0468107429905094,1.0114144704946553,1.0251726827168481,1.0180624169627854,1.0344249884324856,1.043426451850203,1.0550595021415858,1.0309424519281303,1.0503044681900011,1.0388044211465985,1.0516999763471986,1.0345603552173364,1.074890047338609,1.0441217998450634,1.0739073750245605,1.0471171656220266,1.0512289206974863,1.0306551441690188,1.0543589960084596,1.0515097241937004,1.0478591376939153,1.0534545385143474,1.0412429963626113,1.0063252874252253,1.0347719458573148,1.0389553939621279,1.0555399285781186,1.0418167098684703,1.07019288586875,1.0386645062541757,1.05287488802446,1.040600401068642,1.052011230367654,1.0424829103978843,1.0504075330856644,1.054341329811876,1.0511005660213708,1.0446089841908561,1.0443321333804503,1.047767608762042,1.0631662418834233,1.0482275741824336,1.054032696004476,1.0466925708077823,1.0564052867452345,1.0247118080788706,1.0421745435667367,1.093513996687735,1.1237682649967136,1.0308117976504954,1.0420735325054464,1.012552674545102,1.0424841297517187,0.9999999999999999,1.044619160946774,1.0230828287958402,1.0493095218519306,1.0532677505808747,1.050043174618638,1.0583199410423223,1.0641294303014988,1.0550320911142645,1.0609656176021456,1.055422509027187,1.0669715975951741,1.0441105961715744,1.0493526500017494
Tangrowth,Vine Whip,Solar Beam or Power Whip,40,1.18826562245703,1.2022917289514585,1.188913641000305,1.2054276472237955,1.1884503895875733,1.201080587025886,1.2502235127764356,1.2824688419683479,1.186783870169941,1.1979252031928687,1.1830350859178422,1.2023965203290663,1.1972849612478382,1.2118671909457375,1.1812828191119285,1.2139050168253913,1.1929259515061632,1.2248966139818778,1.1733848064090246,1.1850494481427687,1.2276567085746681,1.2459440004265732,1.2226886421266459,1.212362842177703,1.1953656720343935,1.221076090722198,1.1885684023485255,1.2224013768739526,1.2143238652074524,1.234819023938523,1.1777469641652383,1.199709473622676,1.197144545778797,1.221677008985343,1.1742751547327128,1.197300891282171,1.2106458725804605,1.220198475017947,1.1818957503431473,1.1942925563566014,1.1949564256865925,1.230888833260796,1.2265486451473717,1.2457216619956086,1.1855116705099944,1.1856761963990796,1.1875738204927333,1.2055742426855582,1.1907388548940283,1.201011280404884,1.2114024724439736,1.2046764720852925,1.1722610008771044,1.1940883438193708,1.2102359220458567,1.2430928610819056,1.2043853145149248,1.238692587868555,1.2360400509678462,1.2547501202770657,1.2017089872359044,1.223082370177372,1.1949008374933692,1.2006664442003283,1.23584520217933,1.2344794030335164,1.195492603748809,1.2052838839449092,1.2201911139386565,1.2013346703489463,1.223672797702773,1.2330107736411606,1.2071818353165702,1.2400427815431576,1.2024175113776967,1.218041039695345,1.2277972043979215,1.2734714603043924,1.2216431530685075,1.198623495617643,1.1830491680695203,1.1941620239462454,1.1660759853824048,1.1935420826548582,1.174741648076135,1.1939325735462676,1.253495857317973,1.2401649740924612,1.2023618441167037,1.2095261432300382,1.2064894774842363,1.203558111306241,1.2023515425832565,1.2100230116375068,1.2124835930660225,1.2337557527281233
Shadow Cacturne,Sucker Punch or Poison Jab,Grass Knot,40,1.2906045512615412,1.140130699694328,1.3059950646075824,1.1449238185653878,1.295845985619388,1.1444062036902294,1.8030563549019538,1.4267934933551176,1.1555369333733467,1.1685214215180781,1.1510627872629895,1.1402085806238274,1.1960532719622148,1.1554236385584407,1.3768542447833418,1.1739380148039027,1.251748540791287,1.2071086789067902,1.2694363879953798,1.1717454792137694,1.5295757331449167,1.3433638254130948,1.485420912989801,1.216382573260701,1.5781057286858386,1.3118082758174667,1.3852862175818246,1.304729240518522,1.2448517993649821,1.0437828847770267,1.4955295102594512,1.293918811904589,1.3844740353162621,1.3044423113155699,1.2220123481531915,1.1414344195789106,1.1063262735284745,1.0759132501195445,1.1780578198988514,1.1451481179844447,1.0168173643690703,1.0,1.3691090406800528,1.2404690499458548,1.2826304276421607,1.1946557831229614,1.2292598887871957,1.1529688057185365,1.306841930962926,1.1904089164198468,1.2136202583559637,1.1337956092919819,1.3189053468664025,1.2505492533642593,1.1753784637906417,1.0598866448923692,1.2802460299634657,1.2188106982727103,1.2361827780647958,1.1670933608580658,1.3322392946290136,1.2660042965987055,1.2204827513731178,1.1484782903278499,1.2821003777778992,1.177095440212419,1.138194117077612,1.1272344570359318,1.2244286309092762,1.1205186766385569,1.3277808553074364,1.2249872532236044,1.2010928494277024,1.2286467509072507,1.2944770537305175,1.1749063722251079,1.4614346029862741,1.342235305654301,1.2744765582337132,1.250551421823391,1.00824841542841,1.0116227139312333,1.1086549539293578,1.0095532905214162,1.074145387059148,1.0437784079038812,1.149076696493694,1.1369855093802395,1.2166756907528888,1.1678690150417224,1.196034440610003,1.126699149993519,1.2322950146363532,1.1714042501464608,1.369567309830301,1.2583068271364273
Shadow Tangrowth,Vine Whip,Solar Beam or Power Whip,40,1.0291758437808112,1.033217615902217,1.0332864899500065,1.0364729498272178,1.0327154788698685,1.0317003769819402,1.0462535062207432,1.061174464722101,1.0228416480298228,1.0231080347381085,1.0000885282354737,1.0,1.0280469062252813,1.0364836649750628,1.042911213549066,1.0,1.0467879009761067,1.016186483903238,1.0,0.9999999999999999,1.015556183810268,1.0293627471309996,1.028666648204836,1.0583576623811508,1.0442472293618161,1.0591666789825545,1.0136418301360064,1.029801500246554,1.0,0.9999999999999999,1.0,1.0213509756247474,1.0131130317507286,1.0179404786486894,1.0070416793871313,1.012429531166807,1.01273244900499,1.025304468190001,1.0,1.0062834751045366,1.015672168650627,1.0373491698216342,1.0,1.0,1.0,1.0061398059380875,0.9999999999999999,1.0,1.0337888848525574,1.026616765169916,1.0,1.0,1.0037582583482674,1.0042583774531988,1.0184029057913422,1.0303031964627092,1.0024369342193296,1.0364155569543982,1.0231556477449257,1.0277216456640181,1.0,1.0147048111541146,1.0,0.9999999999999999,1.0450423462428,1.0309863824715242,1.0201364785792646,1.0298803891102364,1.0215990139318263,1.0027520919377892,1.0,1.0099757161207719,1.0153446130584134,1.03210455984731,1.0119640136759942,1.0200669502181616,1.0695006925783097,1.0940265382358245,1.039240621336896,1.014960881717618,1.0188305107470774,1.024458581414774,1.0223792726715015,1.0217336615977946,1.013974641440121,1.0258854266513482,1.0325508880387901,1.0353338588090337,1.0,1.0,1.0,1.002588847228302,1.0,1.0,1.0449600326951896,1.0216926088834184
Leafeon,Razor Leaf,Solar Beam or Leaf Blade,40,1.2629286825300687,1.26146231187337,1.2725302435340273,1.2701191995052907,1.2683605691806727,1.2647138259226873,1.2853275312981858,1.2914453258396383,1.2388284029268013,1.2323501276579638,1.2572967918551097,1.244481030709211,1.2556762434682165,1.2503491975629277,1.2853065626489812,1.2360083297810613,1.259643046033857,1.2619864421731322,1.2807518987194606,1.2832660307101256,1.2555166865188396,1.2638494078335418,1.256286314563615,1.2883879992590874,1.2708010050922496,1.2760263466839301,1.2745455486951338,1.2838263240387113,1.2648763150984175,1.2524816045217682,1.2402315219605264,1.2507526254045278,1.2374286043939744,1.2493667220062572,1.2322438450177013,1.21904173789936,1.247416385323401,1.2425043029897902,1.2314973974501389,1.2395502990898364,1.2488558561298284,1.270022310222414,1.260378769093683,1.2476111313346916,1.2336499422654301,1.226148787206757,1.23192901805972,1.2296781541880404,1.2663204154667964,1.2470860068583316,1.2385821563204915,1.2237980759818796,1.2356066533733814,1.2188813665977367,1.252848488467444,1.2532770384341192,1.2519358639594542,1.2635403096421354,1.243435164755901,1.239940147901501,1.240974566982802,1.2456231422279593,1.2301302446201252,1.2238140019579626,1.2930540317944237,1.26620043815594,1.2594592129470923,1.2537209104715559,1.2428999634695639,1.2117984742659458,1.2324827050104665,1.221308545510624,1.2293946971799297,1.2425778496618756,1.2423661844773943,1.2376410510687044,1.3141560377611479,1.3295269953292166,1.2781548646426193,1.2296344263217924,1.2195918150032763,1.2157710742800123,1.2148171804665815,1.2167646705899813,1.2526854245187131,1.247830348690091,1.269910327117643,1.2613429686535662,1.2477008528857951,1.235982347740768,1.2554726917355934,1.2408797563023624,1.244142124074703,1.2372293515715616,1.2595694133008637,1.2205960069160677
Shadow Victreebel,Acid or Razor Leaf,Leaf Blade,40,1.2960329508543724,1.1457545643950282,1.3114053263984065,1.1506882952676747,1.2954928587336265,1.1505533439723081,1.1193914925433477,1.1260366360346852,1.0975229240717645,1.118658001343149,1.0983324782518584,1.0856111007176543,1.1008362626981882,1.1136285808913382,1.2015168972534958,1.100087848788175,1.1301877771546953,1.115255197849732,1.10892763467934,1.1118666934619064,1.1953078446153382,1.1471697069877025,1.180337284573515,1.1528556611260818,1.154117501758122,1.168896688011476,1.100911853749651,1.1123106590993035,1.3090343729681049,1.16107289852434,1.1556798912672195,1.1022913250661373,1.1553189621369924,1.1120147914247924,1.1026099601221135,1.0804794205130859,1.0699220610576716,1.0628915010236974,1.1405013977588874,1.086334828539839,1.1411316601206822,1.1081682478650712,1.1223597469645046,1.1227108177731429,1.1149615497922571,1.06236766092286,1.1343097186498443,1.0866623544641663,1.1921363151231272,1.1014663509068334,1.1278295954568678,1.0702190264014126,1.1369544915318408,1.0816281383859458,1.14276973344178,1.1007656436106166,1.1319241836335865,1.0826691437877631,1.1731618927161909,1.101371576793041,1.1070959933352063,1.0755955926110403,1.1263312763906048,1.060219463797865,1.097977106490954,1.0773988058431985,1.0858317831079152,1.0864480180770721,1.0835807629426597,1.0487700919461806,1.1252655693778133,1.0662464763307455,1.0626958111727562,1.0833912561211458,1.122320613801009,1.107201642198222,1.1408033414073753,1.1310938622404274,1.1400060742277127,1.0873959218680314,1.1057286058103009,1.1199341564814487,1.1590114499322914,1.1315462550800117,1.0916131757145706,1.103436237264493,1.087282223189683,1.0760273206772657,1.1462336878499957,1.0838089873268097,1.1072225327660954,1.0632712055946298,1.1679234052155105,1.0982940323378507,1.0966954504741813,1.0936909420087406
Cacturne,Sucker Punch or Poison Jab,Grass Knot,40,1.501055714663585,1.3533412820883381,1.515147839113734,1.3555388770482397,1.5022019351549092,1.3510536381440061,1.7489458436347094,1.6328065014262623,1.3787084554216251,1.3759344409489003,1.3571729926527667,1.3367133243693419,1.3822138549595464,1.3709042606287927,1.5080953444688237,1.3764566434607506,1.4597244235953892,1.4135022574798453,1.5030711390967062,1.396134731497462,1.6936078428655086,1.531612229219865,1.6898830312332511,1.427097642922307,1.561413661330253,1.5672351828091846,1.4897213380474854,1.494031802573218,1.2140343457116922,1.205102771072703,1.6132710245858504,1.5018589338783979,1.5403473992820047,1.5337989149853577,1.3787366342640253,1.3372272800236482,1.3091517742740728,1.2517708362936337,1.3944485648221172,1.357286777760413,1.1781997742177708,1.1717564776083391,1.47816263051189,1.4252614628777687,1.4679852497485752,1.413858087305018,1.449314918359342,1.3570079103626902,1.441427462603804,1.3959270606559107,1.4052295055367494,1.3326566250200664,1.5182068183825943,1.4356326823302414,1.267318844026363,1.2353653262702289,1.52489655266043,1.4921695776859154,1.422143366382189,1.355439514450738,1.5228594258961183,1.4780842017252527,1.4328066147630587,1.3378060989006364,1.4336993953574713,1.3668421435506302,1.3707383486613447,1.3647708400209686,1.4715177229462488,1.3342916910202964,1.55284114924722,1.4437174344519812,1.4533446387921556,1.4606222570387373,1.4042118310934995,1.3579409397744058,1.5697018180608944,1.6016443809283059,1.5200680378497777,1.4413826602890696,1.1891310375694735,1.1890760989615692,1.3139369074684197,1.1895893834726072,1.2673668241406966,1.2394967414665221,1.3642787340158713,1.3682000667546026,1.4526330265144018,1.347841979819266,1.3632037269571127,1.3056850619478089,1.4305105300043852,1.3649460670021898,1.4658813528016674,1.4964610245326144
Mega Venusaur,Vine Whip,Frenzy Plant,40,1.0252612807158132,1.0,1.0285484903713236,1.0,1.0262950456489601,1.0,1.0,1.0,1.0,1.0,1.0,1.0075212306215946,1.0,1.0,1.0,1.003758625916766,1.0,0.9999999999999999,1.015914385086305,1.0288214255089578,1.0,1.0,1.0,1.0,1.0,1.0,0.9999999999999999,1.0,1.03597237440386,1.02604013073663,1.0099258402051363,1.0,1.0,1.0,1.0,0.9999999999999999,1.0,1.0,1.002001664558003,1.0,0.9999999999999999,1.012113160307741,1.0056704531208147,1.023516017696689,1.0030028748768274,1.0,1.0007535870579147,1.0069911265034388,1.0,0.9999999999999999,1.020743390456983,1.0011393758099942,1.0079438290340492,1.0028613149584746,0.9999999999999999,1.0046269144440727,1.0,1.0,0.9999999999999999,1.0,1.0063512488156974,1.0,1.0061405245148354,1.0040439217816122,1.0,1.0,1.0,0.9999999999999999,1.0,1.0136300716198425,1.0066361468012153,1.0,1.0,1.0,1.0,1.0,1.043423612395666,1.0633006887827343,1.0,1.0065214809027823,1.0,1.0,1.0005512265662146,0.9999999999999999,1.0,1.0,0.9999999999999999,1.0,1.0086372318753456,1.005067266754114,1.0185668068305094,1.0,1.0028252857937616,1.0029568620432916,1.0074759144435856,1.0271957757886452
Serperior,Vine Whip,Frenzy Plant,40,1.457858129235293,,1.4656892999978899,,1.465452310925715,,1.501424289428959,,1.4870526874755887,,1.4400690996129346,,1.4410136913171891,,1.4925161597385714,,1.4644520885579146,,1.4108449927172906,,1.4834781944571083,,1.4519056244293476,,1.5787308700264326,,1.4709927511858054,,1.51628363887772,,1.4821382269263184,,,,,,,,,,,,,,,,,,,,,,,,,,,,,,,,,,,,,,,,,,,,,,,,,,,,,,,,,,,,,,,,,
Victreebel,Acid or Razor Leaf,Solar Beam or Leaf Blade,40,1.4786934398677647,1.3451463502102798,1.486040640475271,1.3454619765831302,1.4804875883383057,1.3386495514601864,1.318787816135601,1.3421871694736296,1.3134024197233352,1.3280047033187028,1.3085617785841108,1.275217326206892,1.2995824437504864,1.3008334974464362,1.448730290921355,1.3173271264374833,1.36364565540647,1.338098546302269,1.3200659001831518,1.315846514924827,1.4026227102845157,1.3212594374369278,1.2890853494510013,1.3343896336833112,1.3508231249203921,1.3639871952889977,1.299280044689244,1.3107440694714052,1.3302560279436504,1.3486296137185594,1.3900567332295461,1.3291950269838926,1.3277321451137032,1.3033186225347855,1.2937418069508173,1.2744056145250662,1.2809566627527589,1.2544466287171592,1.3399105300073497,1.290633312657355,1.3113494864527937,1.290253855244945,1.3032370362628043,1.2865994776807927,1.2972239491800337,1.2481022929146235,1.3070972326448362,1.2847040614270835,1.3653708527032586,1.3114628028172584,1.2976015119904463,1.2571817872147155,1.3497092422511927,1.2776291983427612,1.3674755187333512,1.3072193904335176,1.3337213913592743,1.3055771170528028,1.3696427896259549,1.305514773166833,1.3114629926499426,1.2851565231683328,1.298174912786592,1.2737878227838761,1.3013835020886992,1.2820553318765442,1.2784237794557218,1.2776317363034977,1.2933815097784316,1.2568745011607443,1.3058463495779988,1.2660097755670747,1.2721650979516637,1.2999373640390235,1.335927683758123,1.299958278203623,1.3287861542083368,1.3461623203482684,1.333598075420352,1.2723405041092395,1.32589078677633,1.3112609676826046,1.3204511761505136,1.3231972997125405,1.2830107648553757,1.2912224676808657,1.293756914773169,1.2883221789676507,1.330961227177633,1.2842195931122826,1.2722512118708709,1.265164410535257,1.3471218043591713,1.3068108706772985,1.2992474704470571,1.3031551034198607
Exeggutor,Extrasensory or Confusion or Bullet Seed,Solar Beam or Seed Bomb,40,1.2994941620344866,1.3113965836697172,1.3027127351728938,1.3157303621315786,1.2959968771169414,1.3085432226024232,1.2687392753528997,1.2251014826212074,1.2554909099203302,1.2477645959035333,1.2409413376280816,1.2371444306848698,1.2696500173145298,1.2557086477353787,1.4306170527639763,1.2871044133969654,1.4055112228627709,1.3139596966989702,1.266996802343082,1.274247865457879,1.1837222782261834,1.163444903932175,1.3215486404291379,1.3159854698071518,1.3707813231501775,1.3718894044290402,1.3526777699777464,1.3063535613791448,1.249614678912879,1.2477441969396115,1.3023881205028034,1.2790975473708406,1.2096354060087409,1.2252952678972349,1.2312350931203302,1.2134332652364865,1.2182919870903697,1.2041136953075477,1.2219179668229427,1.2070055326847093,1.2202652031042713,1.2414882900322532,1.3203068243291767,1.2840066989668717,1.2840618724963346,1.2177388994559561,1.2481977636579584,1.245167231897162,1.2829146636349253,1.2467685197133787,1.2391460001964212,1.2501562236935353,1.2479354129331885,1.245683930313808,1.2857483506118064,1.262193784101475,1.257029167231351,1.276421679049006,1.2596349545691061,1.2360815354298973,1.2611010816341608,1.2519838400157681,1.2279399564739204,1.2094534330051576,1.2890593860477808,1.2354712694491157,1.2570855015949174,1.2379824876115766,1.2081866029752961,1.1910034168774446,1.1990303764150636,1.200155135591032,1.192665396671723,1.1896176251853965,1.2447430908629529,1.2460304897191226,1.1922187637464536,1.188336643541285,1.2964405919271267,1.2220039294743512,1.2421120104791288,1.2308033744933424,1.2274250369670219,1.2342315695960304,1.2377431105386112,1.2353401763383098,1.223526012471511,1.2270430727708197,1.277497796090361,1.2319569896272378,1.2482704833803149,1.2142237344568678,1.2884910106058678,1.2391663810612366,1.2207768326862412,1.2052477308937362
Shadow Bellossom,Razor Leaf,Leaf Blade,40,1.3662886723019283,1.353026420846086,1.3709410230116539,1.3571919312300003,1.3675482386863698,1.3524146700812405,1.3660901307914373,1.3787767543765468,1.3022137158372704,1.3146037641434707,1.3076522135017945,1.2742583328201464,1.2975010501403224,1.2944514723766727,1.3716013110950331,1.31130806014751,1.3514748856364618,1.332421766134385,1.3235738548366525,1.3238444635660336,1.3412140636241003,1.3402113314414026,1.3151646864719628,1.337729013847947,1.3566038394046982,1.3646216480767905,1.3248588317532826,1.3218729925638344,1.312378452847064,1.301986056731883,1.3995669898725815,1.3305269674949316,1.3027312733245642,1.2973466873031634,1.2836799283722686,1.2769556236036712,1.3154067221554517,1.3006612950856333,1.3294172872402905,1.3007071896427262,1.2902734990806408,1.298334302687727,1.287521149326076,1.2868049399197274,1.302605420615813,1.2574983934216644,1.308964925446109,1.2904855065190994,1.3665730912595417,1.3169688997632936,1.300114947310088,1.2696274906716052,1.3223585511370808,1.2704073188180136,1.3426729383133937,1.3054184274458158,1.3130096298379927,1.3106806917478098,1.3569178760045921,1.318209643559106,1.3256640791409602,1.2938369929662257,1.3180591249634408,1.2980568288211076,1.3259115233852066,1.2991501285649136,1.3406214468005861,1.336163608113102,1.2978751806246502,1.2673986579711165,1.3158216395680586,1.2747253839275254,1.2808754479931508,1.3072427261668902,1.3041656136119295,1.3033719556165837,1.3981550662023303,1.4041752218384878,1.3621465123764083,1.2836768639686502,1.3045161464477764,1.2822803303682664,1.2904295695153891,1.2820567035104578,1.3372266106330168,1.3222982093384716,1.2993655124826944,1.2937813465720738,1.326550762218134,1.2898266337870965,1.3024911821816976,1.2956656515301241,1.3289741992244706,1.3069445846678,1.3017097041472747,1.3092360627709911
Virizion,Zen Headbutt or Quick Attack,Sacred Sword or Leaf Blade,40,1.482240021447784,1.5002089336831372,1.5347850795667433,1.4466939836887471,1.483532048599623,1.4995295745640151,1.461627858775749,1.5149329958084023,1.4385675499500086,1.4797957049919883,1.4623355066374517,1.489723407254646,1.4650121935965996,1.4988020402857447,1.4404216286078593,1.497597595917278,1.4666965000187377,1.5143283480078544,1.461901732235104,1.5171834406743132,1.4349461493705324,1.460782228489161,1.461304125737156,1.5066212061187254,1.4718696870136163,1.5121554992841415,1.4544161368460065,1.488483097507095,1.446639707254849,1.5017452687438815,1.5394499313785106,1.5787718554704695,1.5573382163990321,1.6258461428555206,1.466949276770404,1.4760375705126911,1.4846735332557235,1.5106549193706822,1.4688344234622137,1.506976605729155,1.4894085419017655,1.5338394402305513,1.4384634341026064,1.4878944915583294,1.4824907810928596,1.3928903618531168,1.4771060334209747,1.4087075072752069,1.515679902712323,1.5118929421935083,1.5250978746782533,1.5220145025704475,1.6088609237360862,1.6462994783492833,1.5874512222826673,1.6490459455855968,1.6223272382388718,1.6772901486178124,1.501113476196021,1.5161162396091517,1.6259623352620303,1.6603180619725306,1.3661998835671814,1.3888212337322838,1.5453907212336995,1.5508667989155223,1.5284523271004014,1.5280041083437412,1.4952449585896197,1.5175734231677005,1.621024401097912,1.6510607133592192,1.6506644521738405,1.6965225223552134,1.4900403979460344,1.395613706687841,1.5351679744644506,1.5885031693963219,1.4567930812840264,1.3587161272103934,1.4700091469336827,1.4939572066592757,1.4524051523807826,1.4942546263500647,1.4871060545157067,1.5142832548279246,1.5689212006657656,1.5725762571701691,1.5277585089445977,1.5393920668944754,1.489905888673136,1.500566489512965,1.4926351382519856,1.411312271128752,1.5786976270614896,1.6054768217211732
Mega Abomasnow,Razor Leaf,Energy Ball,40,1.341114270441033,1.3131070328422012,1.350921650267809,1.317643535568076,1.3463182535769136,1.31288867616933,1.3906591362350673,1.3667918983254372,1.28990199445645,1.2702133684768306,1.2770533532402892,1.2628446829394149,1.2555400870509774,1.2402865691710598,1.3981279217614757,1.2788216003231125,1.2815229524912064,1.2956501565303475,1.3856231789468465,1.3469644955349176,1.4291685712472502,1.363483710238348,1.3168616636249575,1.314286322845421,1.3272964367145,1.323367639154665,1.2975755593638438,1.2894074351448608,1.2974689695139843,1.2783150386449444,1.2740399012176338,1.2618785381854996,1.310789408148801,1.2928602446944053,1.2657462671465156,1.2440872844269908,1.279882070560046,1.256485529227587,1.3272402567983435,1.2876653552466346,1.256103581221816,1.2615269571126908,1.2512551891335233,1.2817952337154461,1.2841083479786128,1.2588655107717717,1.2647013339603381,1.2713000836884663,1.3170804862716645,1.2649138143687662,1.284743711775305,1.2606975250878023,1.3440022069587825,1.2735005964388748,1.3261627385763683,1.2886666411903964,1.337825558715669,1.2909788542640128,1.3495700736060816,1.306920455922321,1.327247673438133,1.2781611097587509,1.2379702212223553,1.2327074768325368,1.3037524224909947,1.276776196325198,1.3189380966800073,1.2950063257163973,1.2681551016652606,1.2345234848599764,1.3282160876542553,1.2527841544867457,1.2725202409791063,1.2750632057625084,1.2813067654966739,1.2753400141078408,1.3704034008153658,1.3566177041960032,1.2998622534139097,1.2344691027317771,1.2471344633093855,1.2548304533302301,1.2780428215936974,1.2650466240091278,1.287855640546065,1.266627737964909,1.2933448389965498,1.2751856785361813,1.3489388481040434,1.2627906021752924,1.2839361716607582,1.259315627847723,1.2603551712428314,1.2479848187348157,1.2688130614881823,1.2695279433889255
Exeggutor (Alola),Bullet Seed,Solar Beam or Seed Bomb,40,1.3499045677974697,1.3239399593197314,1.3543232480803895,1.315185944559578,1.3473160134091158,1.3178574950318553,1.3324079964094664,1.3152370058257166,1.2436415437489539,1.2317770519615279,1.218382683706308,1.2323473623595826,1.271875801239983,1.281633742781123,1.300938727736943,1.2935878608269011,1.4292152143990975,1.285758041376482,1.2831065600776572,1.291205411667252,1.3345283189966128,1.3032976473306594,1.6173993113410452,1.361584183559123,1.378979138027615,1.383210248955569,1.2638438684718634,1.2773659758268803,1.367226851739589,1.3125574306967924,1.276820077313006,1.2567345402983678,1.2161600889662219,1.2211099058822723,1.248394664650831,1.2254301811422903,1.2557881596469584,1.2210753829444683,1.2710559875426628,1.2606985244987692,1.2678611739040913,1.2632988170826662,1.3757070853362219,1.388670653582928,1.2765167599562506,1.2565603483812138,1.3967357745507043,1.3007920556559656,1.3257708278898344,1.2810349525810298,1.2283316200302017,1.230262291359146,1.2455739552045737,1.255262480001463,1.2634573615871352,1.2662759862743658,1.248527395294477,1.2850131783435654,1.3130444121925258,1.288741255515128,1.2764722196341722,1.2661426631490384,1.3021485858472406,1.2463714898706608,1.2434898992666108,1.2282567213289053,1.265060624004479,1.245431052388801,1.26183254320784,1.2051693382773219,1.2045617223257779,1.201818249946801,1.2096781821684641,1.2114380693266973,1.295404774277824,1.3072739929255102,1.331380479138701,1.3269098657491882,1.2543651233714104,1.2275133071924993,1.2589808689572342,1.2598652097890035,1.2998359599701041,1.2501465190669514,1.256737754754977,1.2700206418196902,1.2456367032545104,1.2281637447228715,1.2956168407416908,1.2628129888013602,1.243312649804096,1.2284967971131218,1.3348865411688073,1.288440229677415,1.2051665438505406,1.214005219949649
Shadow Vileplume,Razor Leaf,Petal Blizzard or Solar Beam,40,1.5011807125843633,1.2105550183247527,1.5035494995809895,1.2130545663346033,1.503232891116573,1.2134718418818031,1.1901151826458898,1.1853672728439397,1.2094996912290967,1.1748339371439698,1.1527546466494016,1.1155099333070855,1.1925499181130352,1.15309093512236,1.4668404444631005,1.22547516512554,1.33163128350847,1.2213355034686293,1.159137102355022,1.1453188727326542,1.2564216624507074,1.2258393715155789,1.1504073080094201,1.183956563997975,1.2527992386319062,1.2185193124327818,1.2160943599352467,1.1793615627366263,1.2839724962118286,1.2169725684862336,1.3064774655623475,1.1785688338367153,1.2357182830496944,1.164544899208558,1.1427091083024905,1.1122745370130775,1.122830752565106,1.0868125873417345,1.2264980183034262,1.1423186799212952,1.2147016342452148,1.159922942442903,1.2223187321181628,1.2084145526869274,1.1986421370933606,1.1121301654108513,1.1684035655778682,1.1351087994095452,1.2468239601759696,1.1495460758754126,1.1863176502841741,1.1085641124027517,1.2514834659506802,1.157946355460516,1.265566844262038,1.1736076458831102,1.2149359547058685,1.136755377935701,1.2345081134605884,1.1407884244033928,1.1905161452491733,1.1338688896292513,1.2073936507971812,1.1092068319822441,1.147443106258507,1.1115284535557501,1.1202543961289038,1.101696388991545,1.142758946080494,1.1100739952292167,1.181120662770314,1.1126376069055548,1.120197962026734,1.1326479394710385,1.2214576251058973,1.1926264567880047,1.2060347306438,1.1986368205609643,1.2292369126187275,1.1404505613538447,1.177503329055633,1.1575081253302166,1.1967890674515274,1.183438424625308,1.1618028221644314,1.1428194974527173,1.1567309339634773,1.1310975154114016,1.200434174796951,1.1251734710659265,1.1612383418202938,1.1237094278890298,1.2536837508413057,1.1639500328375898,1.1527541413952367,1.145937254074626
Shiftry,Snarl or Razor Leaf,Leaf Blade,40,1.3597027169476306,1.3528849661846951,1.3578455836964618,1.3590314628516933,1.357881680756738,1.3549891270691374,1.4928257388459834,1.4429911669774234,1.3024491112374512,1.3160148608258522,1.3609082008567168,1.3294861134500444,1.3514049428089996,1.3551024280229915,1.3756371138118544,1.3255574184495,1.3694627775235142,1.3482205803286489,1.3823999979687658,1.3422078659478744,1.4958798494269208,1.3987247240605025,1.341614567135834,1.3918815933971769,1.3433908352724573,1.3757644995013172,1.3400487012430793,1.3559359508652986,1.251329464426528,1.2788904142206081,1.4103569967414007,1.3474478843661946,1.3691025819422924,1.3473468802328739,1.3127927656223446,1.3062850260911212,1.3491605073841182,1.3163894486859973,1.3388299600304723,1.3103866537369,1.2600708477035971,1.2800601549385424,1.3719671701448641,1.3470898150811195,1.3150987582834717,1.2931122761422627,1.3345370308312832,1.3045196228385691,1.3942554324429355,1.349148022155653,1.3580934658760337,1.3056233481987292,1.3558665823216134,1.3054095788528572,1.3147457571534895,1.3092494254245877,1.3444024824979701,1.3384464843689565,1.3751459764511127,1.3270697160852893,1.3519971809348779,1.317045081463256,1.3260633252189926,1.2973424712838248,1.3935896638808973,1.3398590402538284,1.335736733442158,1.3369977079955797,1.3360440654108408,1.3048411734538927,1.3365849957324083,1.3073052029561762,1.3212793355965118,1.3488917571244183,1.350674841964789,1.3491280221359099,1.4407703007681192,1.4382373785628633,1.3662900401757492,1.3062400702197488,1.2471443629054966,1.258739684452513,1.2355089043962766,1.2554076929878204,1.282657484446123,1.279923627133402,1.3309110713622,1.3314645550219,1.3602635834898693,1.3037285937159797,1.3134317133247622,1.3170839186363292,1.3470906114477568,1.319269543430878,1.322595557175522,1.3243917239045597
Carnivine,Vine Whip,Power Whip,40,1.4565348064986523,1.4321809272945512,1.4600002963341627,1.4332570117747125,1.4635217969497163,1.430305132285725,1.4179231914400365,1.4108744168965932,1.3705642458374363,1.3802572712022618,1.386270411600164,1.349408239381187,1.4234878393177717,1.415482279512051,1.3864232643711931,1.3324216117853362,1.4183460362480316,1.3619849351347322,1.4083785466667014,1.3956248715003823,1.397939299062166,1.3788353072215278,1.4160546692379257,1.4544501063908328,1.4464608879206453,1.4400415134680977,1.415571248566208,1.3902207119249763,1.3726611413218683,1.366065166264585,1.4522104530885918,1.3776161131797011,1.3924888890334086,1.3658653983430755,1.3462015658556685,1.3250748436681774,1.3837035757905132,1.366306601459742,1.3734625491229189,1.3305172424392735,1.3290777623252363,1.3202447262564114,1.3939165678271666,1.3582384578888855,1.3816691893795483,1.325088094699491,1.4005526030410471,1.362477108158263,1.4303530375415094,1.3545603950065248,1.3829171961312956,1.33659843463076,1.394133023296903,1.3211363138760643,1.437357948781799,1.3862989486137245,1.376042756090073,1.3663653524122938,1.4105401820190737,1.3542524596596552,1.3986605932707181,1.3532369890371494,1.4061751096214432,1.352728983350412,1.4370468374595118,1.3867410263369213,1.349183358753339,1.3505297731284287,1.360961778318581,1.3278535380512082,1.411542760205242,1.3653454376403191,1.3444254455241025,1.3647089411568067,1.389079413132096,1.362911074438019,1.4575865088138238,1.4421982128040338,1.4456222434265036,1.363204642715385,1.378910478698501,1.3558728672350524,1.4244487290595533,1.359712993146655,1.387660711337012,1.3569200951416918,1.3945209944419785,1.3935293147357741,1.4183614004344294,1.3602159850894282,1.3526152087650734,1.3324162894606773,1.4528793905585935,1.3818387362001927,1.3588514505080114,1.3616841282929524
