Attacker,Fast Move,Charged Move,Level,Arceus (Ice),Arceus (Ice),Calyrex (Ice Rider),Calyrex (Ice Rider),Glastrier,Glastrier,Regice,Regice,Mega Glalie,Mega Glalie,Cryogonal,Cryogonal,Glaceon,Glaceon,Glalie,Glalie,Jynx,Jynx,Piloswine,Piloswine
(Boss weights),,,,12.5,0.0,12.5,0.0,12.5,0.0,12.5,0.0,35.0,0.0,3.0,0.0,3.0,0.0,3.0,0.0,3.0,0.0,3.0,0.0
(Raid tier),,,,Tier 5,Tier 5,Tier 5,Tier 5,Tier 5,Tier 5,Tier 5,Tier 5,Mega Tier,Mega Tier,Tier 3,Tier 3,Tier 3,Tier 3,Tier 3,Tier 3,Tier 3,Tier 3,Tier 3,Tier 3
(Boss moveset),,,,Random,Random,Random,Random,Random,Random,Random,Random,Random,Random,Random,Random,Random,Random,Random,Random,Random,Random,Random,Random
(Weather),,,,Extreme,Extreme,Extreme,Extreme,Extreme,Extreme,Extreme,Extreme,Extreme,Extreme,Extreme,Extreme,Extreme,Extreme,Extreme,Extreme,Extreme,Extreme,Extreme,Extreme
(Friendship),,,,Best Friend,Best Friend,Best Friend,Best Friend,Best Friend,Best Friend,Best Friend,Best Friend,Best Friend,Best Friend,Not Friend,Not Friend,Not Friend,Not Friend,Not Friend,Not Friend,Not Friend,Not Friend,Not Friend,Not Friend
(Attack Strategy),,,,No Dodging,Dodge Specials PRO,No Dodging,Dodge Specials PRO,No Dodging,Dodge Specials PRO,No Dodging,Dodge Specials PRO,No Dodging,Dodge Specials PRO,No Dodging,Dodge Specials PRO,No Dodging,Dodge Specials PRO,No Dodging,Dodge Specials PRO,No Dodging,Dodge Specials PRO,No Dodging,Dodge Specials PRO
(Dodge Strategy),,,,Realistic Dodging,Realistic Dodging,Realistic Dodging,Realistic Dodging,Realistic Dodging,Realistic Dodging,Realistic Dodging,Realistic Dodging,Realistic Dodging,Realistic Dodging,Realistic Dodging,Realistic Dodging,Realistic Dodging,Realistic Dodging,Realistic Dodging,Realistic Dodging,Realistic Dodging,Realistic Dodging,Realistic Dodging,Realistic Dodging
Mega Aggron,Iron Tail,Heavy Slam,35,1.5434957069027653,1.598007453009998,1.4529754321477553,1.5261951504772249,1.5408815648708865,1.6104252750596249,1.5317877002520404,1.566308889367292,1.5253877338177904,1.6007266855066613,1.576194754776476,1.646786580093919,1.569613225035149,1.6543383452586709,1.5550246195165622,1.633471351835273,1.5041709700484627,1.5565833229295531,1.5476699498612916,1.6147082028963378
Ho-Oh,Hidden Power Fire or Incinerate,Sacred Fire++,35,1.3981582965822412,1.5027735154354587,1.366627681126125,1.4590390760426892,1.375042939727345,1.4826700167832991,1.3576249913960636,1.4423990264005377,1.4145009083568834,1.506173462521868,1.3980707613541967,1.5115618695644804,1.397610753400736,1.5175745744042555,1.4034131602506714,1.5101499552372426,1.3360156170198276,1.4457773893699848,1.3770965361024154,1.4586546537374971
Entei,Fire Fang or Fire Spin,Overheat,35,1.4667048110182683,1.4810646732527595,1.4168546326657059,1.4697722826730157,1.4813450194823679,1.5365375366827956,1.4632974384434123,1.480637115989848,1.4640862602610685,1.5205305477055577,1.4812924881753606,1.5441877023750996,1.4866433234527658,1.5266909651015967,1.504610564010743,1.5593777976723366,1.4139077733262209,1.4600892076859344,1.508042554274516,1.522244279860528
Volcanion,Incinerate,Overheat,50,1.36147655794288,1.414842115822599,1.282897530683709,1.3736137507570854,1.299284501457497,1.3990872240815806,1.3339059527523076,1.3960109954644442,1.3029328152334814,1.3842055241555646,1.3022784681370472,1.38553410073406,1.3189124808582662,1.4104972820976653,1.3149955237242614,1.406636078782453,1.2786321488156713,1.3570123369916807,1.3315517548548015,1.3853554249064672
Mega Scizor,Bullet Punch,Iron Head,50,1.334196535056269,1.3881249698127087,1.2768756570107838,1.3457129828811707,1.319104498120467,1.3865615829301088,1.3069694080638288,1.355529292192605,1.3139172049522272,1.3805510698425516,1.3588926373607744,1.4219658568837201,1.351178056184907,1.4144017480544835,1.364794091316025,1.4266450313339303,1.3037487657333529,1.354401933968153,1.343208368328625,1.3914382428545977
Shadow Blaziken,Fire Spin,Overheat,30,1.7549980865901549,1.4384420756967227,1.6065053639926763,1.4004232715830218,1.3400041222138253,1.3989930020512922,1.604917497404174,1.392122748514631,1.3983313147624816,1.4268898869600324,1.3487632868259107,1.390526726227813,1.3811152802528948,1.392157038337199,1.3639324082363473,1.3742166517457475,1.466149882531864,1.4132835465162468,1.4687332977017638,1.4137970527601742
Shadow Blaziken,Fire Spin,Blast Burn,30,1.5281141209646558,1.3216404795785297,1.5283463169106744,1.3238340886781814,1.3435511890623926,1.2997281301834385,1.404240019800037,1.2900456484585408,1.289214944152873,1.3041818059480554,1.2730771186871683,1.3003627918015834,1.2819006510428328,1.3090796743890316,1.281054162936437,1.304610564010743,1.3541862919792529,1.3010021677694672,1.332506171896872,1.3212313252398769
Shadow Blaziken,Counter,Blast Burn,30,1.4676280777104471,1.2727073448930533,1.8511953245198165,1.5257147929241244,1.304001491848813,1.2557127013259788,1.3311336546445878,1.2308242058383747,1.2500042053559413,1.2659887632889248,1.236594503873735,1.2524793598589519,1.2506917889797344,1.2673305452819543,1.2862242614145032,1.3051253357206805,1.4677728722377963,1.457978186110386,1.289913720699397,1.2884121045532055
Shadow Blaziken,Counter,Overheat,30,1.639004581037551,1.3749261572414202,2.038519106395717,1.7029110363888251,1.2972018019963294,1.337931237547479,1.4837228170532213,1.3008214379337664,1.3578715852509757,1.3726365899609743,1.2917846305118077,1.3348788716157798,1.3211691905397298,1.330419909194301,1.3517233661593555,1.3700984780662488,1.739436379938485,1.647822583391027,1.3986790868137742,1.3540759970476701
Shadow Blaziken,Counter,Blaze Kick,30,1.3671276188636203,1.3089971131661173,1.6425461038825422,1.5670238020648413,1.2582939923640897,1.3016263115019582,1.3121010153377062,1.2780894721503395,1.2606185237518504,1.3169660880096892,1.276247308729042,1.3275297947005271,1.2655574162465186,1.3234438106154907,1.3140331244404655,1.3739480752014324,1.5127626008693775,1.5423623012405088,1.3164719655900843,1.327848616731567
Shadow Blaziken,Fire Spin,Blaze Kick,30,1.4303165857337647,1.3524593818385824,1.3772216536830892,1.3154260910730073,1.294428140979713,1.348344734853318,1.3905161922419587,1.3494882305474154,1.2976256560355268,1.3532204615798682,1.324851238408463,1.3765914523539085,1.3138259288778242,1.3680944235987356,1.3158572068039391,1.3786145926589077,1.310615260643067,1.3168915774778966,1.3557812221628363,1.3779364230994375
Mega Scizor,Bullet Punch,Iron Head,35,1.4789283418724666,1.5385096952291075,1.412157223115641,1.4783525824439756,1.454201222923435,1.5269367043881947,1.4615122131960219,1.5065001823302242,1.4788933185304804,1.547831718476652,1.4985081458626477,1.5683879498872633,1.4749030599908657,1.543723750078358,1.5396374216651747,1.6012197851387646,1.4655824036137057,1.5149644190718314,1.487567127331959,1.540021887964165
Shadow Blaziken,Fire Spin,Overheat,35,1.6701913038309064,1.3660260149431735,1.4893677380728612,1.3694019200378718,1.2541600007851836,1.316328874144886,1.5062849008606864,1.3032891200845895,1.2904807562912126,1.3467273920064595,1.2787224303660127,1.320782545306593,1.3113095184790493,1.340234805269238,1.320512533572068,1.3544315129811997,1.3147465071672586,1.3470814559239124,1.3946323585553944,1.3289430149398083
Shadow Blaziken,Fire Spin,Blast Burn,35,1.4514532626424375,1.267383235557471,1.4347932025925385,1.2891143320593415,1.2071883557274234,1.2320865272311483,1.3291844054204065,1.224182699278148,1.2100070649979815,1.2367110752254071,1.2242528014647296,1.2402139454456067,1.195733744078376,1.2383425721117252,1.200313339301701,1.2460496866606983,1.2065850253663075,1.2325869093963158,1.257488992390115,1.2482247843017487
Shadow Blaziken,Counter,Blast Burn,35,1.4317581449955972,1.2443498679189902,1.6968578350493932,1.479231497532076,1.1845848832530157,1.2104566824030545,1.300146303529298,1.2003128171557362,1.1788621988965147,1.2075301103485399,1.2095292183023378,1.2324579992201672,1.1816024429777823,1.2237903767451441,1.1964413607878246,1.2441025067144136,1.3584650830221656,1.3976097787967177,1.239253264106284,1.2232954111628618
Shadow Blaziken,Counter,Overheat,35,1.6264429525214283,1.338125527116547,1.869243541279422,1.660677861086165,1.2292304219380294,1.2909203333104322,1.4587033025934826,1.2666751607654647,1.2364839860045755,1.2921797200915086,1.2681692576330377,1.2996677233966807,1.2910976385145119,1.3130916027116337,1.2772381378692927,1.3310989256938228,1.5714966688987504,1.5989739981159699,1.3649054490850323,1.2937313888676798
Shadow Blaziken,Counter,Blaze Kick,35,1.3383094373831983,1.2803052538890518,1.5673736276741643,1.5202324512854786,1.1962998223522137,1.2726137780089708,1.2824873650280377,1.2484816798398422,1.1994936751446643,1.256652873099179,1.2381795988946718,1.2892332208791768,1.2249635075716192,1.2926827084098256,1.2426253357206805,1.315465532676813,1.4181071173205915,1.4894165181763497,1.2565218497874833,1.2741594767249498
Shadow Blaziken,Fire Spin,Blaze Kick,35,1.3652773701203404,1.2873328552904852,1.321923101021282,1.2816548665789491,1.2085270937411055,1.283527829850717,1.3100199611321754,1.271297122111457,1.2312567285695062,1.292739032431705,1.2523945954193296,1.3014053944089377,1.2423724108286245,1.3090886295861803,1.2484892569382273,1.3298008057296329,1.2100466467670725,1.2528572563529263,1.2828510345880737,1.299445165559543
Mega Alakazam,Counter,Fire Punch,45,1.2240231392553678,1.24900892800749,1.4104637886983702,1.467556720480636,1.2188758134011208,1.253492594737307,1.2418401732796154,1.2612770145293024,1.2289606042255417,1.2712370475037007,1.2419092342380524,1.277984979741299,1.2481843337781082,1.2927633051841636,1.2460496866606983,1.2832363473589974,1.3975984292183545,1.4618143435971354,1.232165126873839,1.2721870148380037
Blaziken,Counter or Fire Spin,Blast Burn,35,1.6229337960193644,1.4598091048585748,1.677615686110705,1.524313750060915,1.3838899957796382,1.4129025292726256,1.4417400014937898,1.4162372021024359,1.3917457273583635,1.408049892342888,1.4012748571719191,1.431993490091037,1.4273778287228993,1.4726642607036995,1.4092547000895255,1.451544315129812,1.3989830777786605,1.444812675209116,1.4265353388816777,1.448957776590059
Shadow Magmortar,Fire Spin,Fire Blast or Fire Punch,40,1.3004499299654844,1.3313802929932046,1.2765971888640588,1.3140441928948852,1.2794605788765987,1.3390285316085468,1.312967999215028,1.3127995817388591,1.2888827210335083,1.3354233952361727,1.306787936324953,1.346101683421771,1.3149990597042993,1.3493153751779845,1.3246978513876455,1.37132945389436,1.2512569658037203,1.302715954102305,1.315899315364842,1.3593189279987785
Primal Groudon,Mud Shot,Fire Punch,40,1.2834428744988908,1.374203519931043,1.236499516161595,1.3362676914294467,1.2567589584539736,1.3593000088333154,1.3034370345636594,1.3821187504301968,1.2729612434396447,1.3764424370878752,1.2995490531812095,1.3800667943784224,1.3111393697332248,1.3986495562699812,1.3463518352730528,1.455259623992838,1.2500652600755882,1.3372981193748652,1.3147031126721134,1.3980809854674099
Mega Alakazam,Counter,Fire Punch,40,1.2786482038097289,1.3020401035842066,1.461038825421357,1.520604902431723,1.3014437563182741,1.3180464632386861,1.259225250319627,1.2734484723070412,1.2730705826941193,1.30818951016014,1.2626171868377778,1.3005068913489413,1.2980379163047275,1.32284381240653,1.3029879140555058,1.342032229185318,1.4636870240270574,1.5348375307857312,1.281896617546003,1.3180117584179585
Shadow Ho-Oh,Incinerate,Sacred Fire+,45,1.179925544207198,1.242313851229598,1.1254150915812118,1.2047036750833664,1.1497325468411084,1.2315388616800966,1.1340442015327454,1.2162875808953073,1.15761253532499,1.234574754407213,1.1778273178836014,1.253072710936308,1.191668084572882,1.2687275560371463,1.1609892569382274,1.258661593554163,1.122155511922732,1.2029872090251847,1.1595785294342216,1.222799114300985
Dialga,Metal Claw,Iron Head,30,1.5249560658807444,1.5899822777379409,1.4564353988708116,1.5280730700417007,1.5306152894873732,1.578454562407373,1.4781972593350878,1.502134508447967,1.500618187323375,1.5768360584039833,1.5436282570735924,1.610541305711428,1.503541780472297,1.5829743791809576,1.5525850492390332,1.629196508504924,1.485012881771442,1.5366421137454742,1.5287724924282915,1.5945763660889263
Victini,Quick Attack,V-Create,45,1.367586465690518,1.4585644596196214,1.3459897106019785,1.4559689647250476,1.3812655196443118,1.4907691854701777,1.4085573651891328,1.4778897143786054,1.3744238662360382,1.49350272507065,1.429289504467086,1.5368810076796582,1.4263658914451003,1.5374282464828464,1.45294315129812,1.577585049239033,1.3549694128863112,1.4583867709314597,1.434730599882925,1.5350334682242754
Primal Groudon,Mud Shot,Fire Punch,30,1.3780860700047928,1.4639034303908929,1.3211642753214567,1.4284980820506394,1.3833207376799788,1.4934486244565057,1.3931186083737168,1.4600535714024196,1.3664925649306958,1.4650492867716325,1.4361554240764913,1.5445352365775509,1.3962674738284364,1.495141805546849,1.4278088630259624,1.534265890778872,1.3773734805751965,1.4566162367068063,1.4074597236008246,1.498905601791759
Primal Groudon,Mud Shot,Fire Punch,35,1.3259707304024104,1.414468722250913,1.2762525845324868,1.3778777942538099,1.3404654175704458,1.4537575941974934,1.3446026592387237,1.419464959645708,1.3153259991925716,1.4165741488359576,1.3913404648481869,1.4912523098309798,1.3423930077820663,1.4411151011489518,1.3866159355416294,1.4769919427036706,1.32536971251518,1.4037045023777366,1.3584408643200734,1.441831462675931
Shadow Ho-Oh,Incinerate,Sacred Fire+,40,1.234769814937972,1.3010350989957384,1.1580341541181958,1.2458142756695418,1.1769214914562212,1.2732379989596319,1.171712600702667,1.260077589199021,1.1827689745660073,1.281687357017898,1.1990438571210607,1.2906657399087935,1.2534499897015232,1.318545317775171,1.2011414503133393,1.2988473589973142,1.168575287428072,1.235095166214575,1.1834644066071112,1.2507444452928151
Shadow Houndoom,Fire Fang,Flamethrower,40,1.3552867699784137,1.3541591585455113,1.2880961828978787,1.333314188648246,1.292139330827289,1.358444158724862,1.4556014920323888,1.3488672826352794,1.3275719956937155,1.3812954178441663,1.3354298404733247,1.3775069083018292,1.3325781117071291,1.3856734756015654,1.335351387645479,1.3957811101163833,1.3201489064681247,1.3338364979741002,1.3639128553612787,1.387175180066682
Reshiram,Fire Fang,Fusion Flare,50,1.0850631425248836,1.1051818110888603,1.0561739868980737,1.0943293442771316,1.0730259993914828,1.1141166193920717,1.072384366757612,1.0768759876220477,1.0589128313820482,1.1062567285695062,1.072931323851018,1.1298421686134232,1.0948176274100674,1.1472144859269078,1.0898948075201433,1.1549574753804834,1.0462041335164398,1.0943944432464334,1.079331144536917,1.1075691634216487
Reshiram,Fire Fang,Overheat,50,1.1428685543166897,1.1874788688961297,1.1354260214559706,1.1750677025681724,1.1684866567864398,1.193587013063492,1.141857307927191,1.1580004891429307,1.1428769681065805,1.1866547234557934,1.1527624730872903,1.1991879566684185,1.1592413156975652,1.2151038355109387,1.1781222023276634,1.2404095792300807,1.1135184827883644,1.1421307698419003,1.1591840370568325,1.1998549286096054
Reshiram,Dragon Breath,Fusion Flare,50,1.4372587338799865,1.5018372449870518,1.3750426404349672,1.4643212687008764,1.379072894481141,1.453092151108581,1.4766009545609649,1.4876901469918442,1.4429879895034317,1.503305409769883,1.384084628816519,1.4746300032210486,1.4332524380524236,1.531070056507294,1.4568934646374216,1.5885519247985675,1.3604512592357194,1.407415814502491,1.4724364358249982,1.5616298897966456
Reshiram,Dragon Breath,Overheat,50,1.5002136331380291,1.5714872210229869,1.444370766413957,1.5141879520756318,1.4760077340583195,1.5187354618351703,1.5248430422347095,1.559687885804164,1.5274609742968646,1.5685388911317455,1.4614406564158204,1.52783664197196,1.4824433359900417,1.5968280691699428,1.5028536257833482,1.6257833482542525,1.4370722627654382,1.5065089831912744,1.5114530045048484,1.5757425364587312
Shadow Houndoom,Fire Fang,Flamethrower,30,1.511608638952566,1.4654601657793151,1.3971007985074106,1.4505719039563363,1.5530558363677407,1.481580574558089,1.5892122016264734,1.4713756193003498,1.4638507603283542,1.478527452563585,1.4464797328224863,1.4887602353060845,1.4574762463395632,1.4946044937179292,1.4715420769919427,1.526253357206804,1.4452212600301897,1.4641183080048574,1.5063755058410324,1.5214043928635057
Primal Groudon,Mud Shot,Fire Punch,50,1.1897210880057068,1.2716819058305127,1.1606378312900734,1.2611717939614182,1.1838625143541375,1.2899682982127259,1.2228939394605076,1.3022683637290264,1.170182344233616,1.2729402166599382,1.2436977639140827,1.3309203722854188,1.2369813821451279,1.3403601780293193,1.2480528200537153,1.348332587287377,1.1892655687841196,1.2762373877810438,1.216767198595098,1.2995724211651525
Shadow Houndoom,Fire Fang,Flamethrower,35,1.4679736060902162,1.4281932581096997,1.3243544760273733,1.363299986772763,1.4002414439526143,1.4374473681627686,1.5547071220089421,1.433871244107219,1.3806435876732608,1.4085629457677298,1.4026226117619136,1.450760337023412,1.4050346118369796,1.4491568681884532,1.4008840644583707,1.4545546105640108,1.377543724250644,1.3954079605942638,1.4337507317197324,1.4565422106843808
Shadow Magmortar,Fire Spin,Fire Blast or Fire Punch,30,1.4714418936441354,1.4365398119285313,1.39311000187966,1.43213731264315,1.3728424627283167,1.435205669025489,1.4752916917462255,1.423413251087025,1.3957492262145068,1.4477736845646616,1.411226202383576,1.451684269415295,1.409440568834123,1.4674433807660276,1.4236571172784245,1.481971799462847,1.378440340941334,1.4154853647187007,1.4539461963299485,1.4812297981726097
Chandelure,Fire Spin,Overheat,35,1.3961668641999159,1.4036291625952524,1.3765811769456222,1.3868392473005995,1.3489159559119417,1.3843512911362588,1.365915524722953,1.3779361390220362,1.3988065199838515,1.433732001076571,1.4045721938732263,1.4056826080322782,1.3889331673636796,1.396733144080167,1.3886974037600717,1.4510071620411817,1.3251200217911905,1.3622217934603729,1.4058308518490241,1.4012496500470846
Shadow Entei,Fire Fang,Overheat,45,1.1609846444215743,1.1774956994720474,1.0970600725409523,1.1232621847218451,1.1348003179993522,1.1819309627332242,1.1287280672849784,1.1417782249383812,1.126211142511102,1.1824535728704078,1.1390730160882907,1.2063335989285775,1.1376861561607279,1.196933740496297,1.1655102954341987,1.238921217547001,1.1099093168688783,1.138237864463335,1.1465857321014992,1.1922577689547225
Shadow Magmortar,Fire Spin,Fire Blast or Fire Punch,35,1.3833098646494744,1.3948349080262898,1.3069728423939906,1.348073000424664,1.3374522755601794,1.4067977268935192,1.4197402856067496,1.384404834606716,1.3313273785493205,1.3828261674068094,1.371836167291098,1.4023513655551223,1.3480706027743201,1.3867122784708106,1.3690017905102956,1.4062444046553269,1.317742795855134,1.3550034616214006,1.3673869333944162,1.4113410195719123
Shadow Moltres,Fire Spin,Overheat,50,1.1233684930132675,1.133028426211114,1.049099155545345,1.08491189964008,1.0595286935526613,1.1103084790012465,1.0773812400505545,1.0927160173806836,1.0928710806082627,1.1200545014129997,1.088256734534728,1.1291301473205961,1.1213518765615624,1.1625099626568278,1.0993173679498658,1.159098030438675,1.0638640774495227,1.1122019316982374,1.0946018172100482,1.1203456262248352
Mega Alakazam,Counter,Fire Punch,50,1.1940309043555153,1.2288289560212964,1.3264308041463906,1.3930038358987211,1.1628510015998115,1.2051782857479365,1.1714416682410038,1.1941560600269174,1.1883957408155026,1.219368187323375,1.179878617322461,1.221269093190025,1.2046531204384465,1.244154495061209,1.2119404655326769,1.2636526410026858,1.3667162264921857,1.4303192636393558,1.1827772263368201,1.220368532233845
Lucario,Counter,Flash Cannon,50,1.533453091735927,1.5435272874536043,1.8847211489595734,1.9148862109535445,1.497388283097942,1.5397096783691737,1.5738964627936505,1.5409525399552155,1.549724128650249,1.563786838918046,1.5144099547357892,1.5617763235967246,1.4970850833281095,1.5561983397064487,1.561291405550582,1.6169538943598927,1.9414361756460747,1.971750899454085,1.5328446718077933,1.573770074571785
Mega Houndoom,Fire Fang,Flamethrower,35,1.294185834822573,1.329295976637823,1.2211733255362252,1.2765658611975523,1.294114067545418,1.3345922443491318,1.288531355672813,1.3207400996152758,1.262132451890728,1.3257594872830036,1.302490379236103,1.3526031159408005,1.3100020596953441,1.363885480938863,1.3090644583706357,1.3685877350044764,1.2512456162253571,1.2820370223246205,1.3207350283780002,1.3544450383039373
Shadow Houndoom,Fire Fang,Flamethrower,50,1.2346360620167711,1.2613940769748062,1.187175845672953,1.2440285986786686,1.220915327765073,1.27185411288977,1.323109660279983,1.295108424242158,1.2100112703539228,1.2638650585385547,1.2505297777476392,1.2887076813535185,1.2497783588705706,1.296954337449739,1.2526186213070725,1.3163048343777977,1.2562734794402388,1.2593946134901088,1.274986638161411,1.3011631162352701
Shadow Metagross,Bullet Punch,Meteor Mash,50,0.9540075719014836,0.9907747637960564,0.9298904227842637,0.9764642203239977,0.9577257157439124,1.0166910400738072,0.9687959029153796,0.990155632392978,0.9783634436818732,0.9972202597227829,0.9968891450658619,1.0534100734060048,0.9871492920916655,1.0382566022190978,1.0070165622202327,1.0590868397493285,0.9477805899510833,0.9874133175952513,0.9890305667964674,1.0150543381435952
Entei,Fire Fang,Overheat,45,1.401712037391372,1.4253510085341794,1.3040332630201263,1.3698544307762996,1.3439810770755838,1.4171562613483566,1.3502893119340622,1.3606345384702128,1.361774155564527,1.416784416633024,1.370429077593368,1.4363419058436604,1.3650317461738921,1.4336016907412217,1.368218442256043,1.452898388540734,1.311443779863578,1.3674652986641544,1.3631620472881831,1.41360616935176
Shadow Ho-Oh,Incinerate,Sacred Fire+,30,1.3385472203542224,1.4006178641887699,1.2592921339710255,1.3442893144810397,1.270829448310383,1.385760695672657,1.2857561285655077,1.3642913944527677,1.3154689812945768,1.400770421208451,1.3121789546849305,1.4043263769983216,1.355592968379199,1.4445897176426339,1.3101723366159357,1.429800805729633,1.2671577250905128,1.3535507155909157,1.3033519126517523,1.3890840141508234
Victini,Quick Attack,V-Create,30,1.5625016254695283,1.6598514599502885,1.487355805712774,1.6097199306614314,1.563339778381933,1.7054266000569258,1.6022989717746954,1.6813350965910838,1.5739974431435877,1.659374579464406,1.6243070507060877,1.7292454269584823,1.5870400386864516,1.7005113417571889,1.614861235452104,1.711750223813787,1.5421012609381561,1.6491731832162435,1.6154081087271894,1.6996385940800693
Blaziken,Counter or Fire Spin,Blast Burn or Blaze Kick,45,1.3680360241201102,1.3436502658339309,1.4002718545282402,1.3821957909539622,1.281878944320669,1.306521931159029,1.2990449996851325,1.3062166551703431,1.3069447248015071,1.3296157986812005,1.2871819214403173,1.3161205011273671,1.3197005382073486,1.3659004002973125,1.3204565801253358,1.3668531781557745,1.297790237092692,1.325437809985359,1.3263342750248148,1.346707897482884
Entei,Fire Fang,Overheat,40,1.415425427173392,1.4420218240183091,1.325466608188356,1.3900085628955117,1.3555625349652065,1.4499200094222031,1.4372586321279035,1.4577411262296305,1.3875277553492127,1.4463018099851972,1.4093444318239612,1.4681031413701324,1.3850824325897535,1.4558374452613574,1.4207923008057297,1.500167860340197,1.378099853590439,1.428821119295418,1.4281133083912347,1.4512483774910285
Shadow Scizor,Bullet Punch or Fury Cutter,Iron Head,30,1.5347423212819473,1.570801737301832,1.466418481930898,1.5101553852258724,1.5134884725234818,1.5542198710335962,1.5004122566916656,1.535368402245371,1.5439039160274526,1.5811423428879021,1.533092037228542,1.5946310203943241,1.5568968450840446,1.630848863137722,1.5593666069829901,1.632385854968666,1.4870217571417221,1.5485478214484332,1.5236949937644755,1.5714412969891325
Shadow Aggron,Iron Tail or Smack Down,Heavy Slam,45,1.4478846603976177,1.5052925287847432,1.391402644055053,1.453187764109633,1.481460834061264,1.5424538950013251,1.6521022162275363,1.5503824541208826,1.4564661552953841,1.5310481429148164,1.5115364402325937,1.5692016885076372,1.4956701621786204,1.5600490744803748,1.4933191584601613,1.5606759176365264,1.4874984394329749,1.5003802108751658,1.5121529103357003,1.55818126288463
Shadow Entei,Fire Fang,Overheat,30,1.3285361857382232,1.3462287249259715,1.2648162458316798,1.2922035880620706,1.2932071805038916,1.3410405645469983,1.3407100187895322,1.336074876945405,1.2711319136051675,1.3180889180460234,1.3090341939749437,1.3443131537457407,1.288634959298629,1.3534079002749246,1.294930617726052,1.3614704565801254,1.2842501901054375,1.3106720085348829,1.3241454786083329,1.3359420732483267
Shadow Typhlosion,Ember or Incinerate or Shadow Claw,Blast Burn,50,1.1928048359111731,1.2381117802885346,1.1540712043051176,1.1831432788231937,1.1763836406999912,1.2293501624348544,1.1852152887920366,1.2220181685844291,1.1890517763423496,1.234894361458754,1.1684015121976028,1.2369928967399597,1.1774382763036528,1.2488917943528528,1.1698634735899731,1.2615935541629364,1.1366148747574027,1.1886867402875982,1.1945356442951314,1.2291873457025784
Metagross,Bullet Punch,Meteor Mash,40,1.2215728600461446,1.2640598470015196,1.1963670349407907,1.2525601665239516,1.2346069665413644,1.300497610097461,1.2733811053165736,1.298769673724091,1.2478847059615126,1.2775997510429282,1.2704918032786885,1.3244613219862003,1.2504410434595719,1.3248229109763852,1.266965085049239,1.3294315129811998,1.191853272650921,1.2509505271879149,1.2652897610139728,1.312310707286656
Mega Aggron,Iron Tail,Heavy Slam,50,1.3684428559220962,1.4256668140425706,1.3451107955138781,1.4148444407315357,1.366604179139635,1.4466084976493567,1.3861065833659183,1.4348114529741793,1.3573501211142511,1.4256282801776343,1.4110990557241425,1.4757997524878363,1.3990614953388198,1.4721000832833335,1.416215308863026,1.4867054610564012,1.334596919724432,1.3895061798454187,1.398729989056018,1.441169733526762
Ho-Oh,Incinerate,Sacred Fire++,50,1.247169825340977,1.3527045955274508,1.2023140702992836,1.30413072687148,1.2245742832746083,1.3376524973745425,1.2326562950791342,1.309369723224184,1.2208905261741354,1.3343552348270757,1.2548019055046027,1.359469035550206,1.2729185883027214,1.3697511350712386,1.2738249776186212,1.3741718889883616,1.198027443280482,1.2888354197641556,1.241912906263521,1.3157466086381107
Shadow Charizard,Fire Spin,Blast Burn,35,1.3000133752921201,1.301819039728333,1.2640713435391908,1.2936411798695377,1.2694691177480935,1.303911195736453,1.2682641430406236,1.2953764277042354,1.2949174068093123,1.3312222446507873,1.289945242172004,1.3220879176767761,1.3313512496977622,1.344569120689192,1.295389435989257,1.3371307072515668,1.260461473856246,1.2808453165964884,1.3306609656155355,1.3333206077727724
Metagross,Bullet Punch,Meteor Mash,30,1.3375180659327595,1.382256560395017,1.2819194113183379,1.338587679176848,1.3652674040849175,1.3844769205099767,1.3495731715353962,1.3741694455550233,1.3475768739066074,1.3859255147355674,1.3597826639768085,1.3970705409666537,1.3997510455192672,1.4391270473819482,1.3760743061772605,1.4249328558639212,1.308038906354629,1.3454471166396167,1.3668397342902956,1.4184291568043572
Shadow Blaziken,Fire Spin,Overheat,50,1.3465185229219068,1.202109952331945,1.2999136748745153,1.209200935652973,1.1243063393759753,1.1771334910243703,1.2262915789797415,1.1818630487663786,1.1696146211815368,1.1976685506661284,1.1610693881702747,1.1788360147151067,1.171653218945615,1.201617308605049,1.1817367949865711,1.213753357206804,1.1656924945238283,1.178699111328014,1.172418620040213,1.209259117864142
Shadow Blaziken,Fire Spin,Blast Burn,50,1.2471140949571433,1.1224675184746222,1.220301372151793,1.119020766762042,1.0644046836200889,1.0960475821252957,1.1093102645325976,1.0981009831187107,1.0761716121652536,1.0962479814291481,1.0762879956600606,1.1096343262074695,1.0817878155587595,1.1126205593416139,1.0938003581020592,1.1200425246195167,1.0607542929780158,1.088969344788841,1.086177496118704,1.1232216029116082
Shadow Blaziken,Counter,Blast Burn,50,1.2090521004781667,1.0974965911581889,1.4504326698829737,1.2883032935820053,1.046622238362107,1.0787637284442568,1.0890459808999937,1.077823518987972,1.0598842686044947,1.0783331651190957,1.0593774899554138,1.083331920592673,1.0592744499270152,1.1006564159509973,1.074104744852283,1.1144919427036706,1.1920802642181842,1.222553882123279,1.0685016924995547,1.0932020055483445
Shadow Blaziken,Counter,Overheat,50,1.3043714913079179,1.1768510846990372,1.6737623831303996,1.4653080901958326,1.0973333202469402,1.1447466310716774,1.1733381954726452,1.1463079227974289,1.145715583366976,1.1572214372224465,1.1338176208317086,1.1523132215572922,1.1361369070540088,1.1645159268181289,1.1519919427036707,1.1829677708146822,1.393478532272526,1.412046442474662,1.1352218065205772,1.1568807105953018
Shadow Blaziken,Counter,Blaze Kick,50,1.1442079412081603,1.1289396737171793,1.3861726641743768,1.3432015482828958,1.070548745178482,1.1339798011522568,1.106360761949952,1.1390645068223721,1.0804526645135244,1.1325275871349751,1.1016156102192007,1.1504314509976774,1.0992773155901028,1.1546472995602999,1.128401969561325,1.1890778871978513,1.2764984280833966,1.329251268315382,1.0971342037616758,1.145491333893258
Shadow Blaziken,Fire Spin,Blaze Kick,50,1.173007545893971,1.1478527083108863,1.1647591598616014,1.1316005652903378,1.0865606014506266,1.1553564242739505,1.1314535013993294,1.1644428237313404,1.0925178307091912,1.1543744112501682,1.1248834488955193,1.1761574584230423,1.1240384357061621,1.1752442530022298,1.1434534467323187,1.210038048343778,1.0968459521728766,1.1277622036341348,1.12216538138505,1.1704588837138277
Chandelure,Fire Spin,Overheat,45,1.3005855405661464,1.3047095889698423,1.2794340831088185,1.2843629693058485,1.2807836132185657,1.3040819731663509,1.2692512159009528,1.282072911586683,1.283306419055309,1.3330894226887364,1.296311051587638,1.3040076627053419,1.2720409789821523,1.3252169396509264,1.2969449418084154,1.3477506714413607,1.2610970502445833,1.286565504091523,1.287674022040671,1.2990888498638367
Metagross,Bullet Punch,Meteor Mash,35,1.2918470163810174,1.3459649344424918,1.2325052386820103,1.2935089074998434,1.2715891134295838,1.3390285316085468,1.3058402787236005,1.33638388640168,1.3144344637330103,1.34498637464675,1.3192398325054673,1.3720480783901536,1.3085871385458552,1.3535332730350058,1.3453334825425247,1.4113249776186214,1.2766346230237546,1.321635701233699,1.2982744139879363,1.328713954849711
Shadow Magmortar,Fire Spin,Fire Blast or Fire Punch,45,1.2717339208554241,1.3024190701942762,1.2138583154069464,1.2566553887067242,1.2147182663146427,1.2774917310353626,1.263670007190694,1.278339901614904,1.2463119028394563,1.2842315973624008,1.2534965331344194,1.2885127231423872,1.2628798122990679,1.2909006241772414,1.2740487914055507,1.315006714413608,1.2146999738959696,1.252414622796763,1.2707363009340562,1.3150848794889416
Blaziken,Counter or Fire Spin,Blast Burn,50,1.2740857430532075,1.303660000074307,1.3187990365002122,1.2987284448250176,1.2479354579092525,1.2836338296347916,1.253153434178789,1.2751970850596124,1.2584737922217737,1.2962589153545956,1.2545984708495093,1.301905504602709,1.2606141474204555,1.3019692478529914,1.2494068934646374,1.321911369740376,1.2596329546357352,1.2995607713173454,1.2742231045277546,1.2902700363951032
Flareon,Fire Spin,Overheat,45,1.432458490152441,1.4377733110907178,1.3661682086840292,1.3807912672389187,1.4413418787480248,1.432490896777803,1.3954998850367661,1.3872166742088405,1.3852106042255417,1.4278445027587134,1.4155152830284639,1.4370369742485631,1.3856645204044167,1.452506111922054,1.373310205908684,1.4449753804834378,1.382889375659694,1.3920825341338567,1.4119772975999594,1.4296531012191087
Mega Houndoom,Fire Fang,Flamethrower,45,1.2001631042566867,1.24087972268561,1.1338300508900538,1.1868382030450493,1.1988418542110377,1.2484399383630886,1.1891635802333533,1.2188899970270655,1.1828530816848337,1.2422999932714305,1.227643379049621,1.2741112448505603,1.2153187602425068,1.271620084716165,1.2030774395702775,1.26341763652641,1.1645802358442383,1.2106935727337729,1.2153546613728334,1.2585070372349902
Chandelure,Fire Spin or Incinerate,Overheat,40,1.3730053166786176,1.36521049365974,1.2925464519677254,1.313969354580453,1.3312257697252838,1.3653478854024557,1.2878972272625422,1.297284670934219,1.2953926120306822,1.3723338043331987,1.3570108668011596,1.3718870259548714,1.368640690624804,1.391431667368157,1.3228849597135184,1.3868061772605194,1.2866676502967913,1.3132370132449578,1.3484640248402944,1.3358020920821563
Flareon,Fire Spin,Overheat,40,1.4931655972625235,1.4651202104379293,1.4434796683444373,1.460172093314676,1.441051360821302,1.4606613208750872,1.4917761014136817,1.476929002514546,1.3973094132687391,1.4640736441932445,1.4458100937494702,1.4638564429450556,1.453464318016961,1.4751000743281364,1.4744292748433303,1.508012533572068,1.4399096573562291,1.4443246433394998,1.4761522995087935,1.4944389300348682
Mega Houndoom,Fire Fang,Flamethrower,40,1.224474555364421,1.2645688511738675,1.1897203483636516,1.240667836232883,1.2335646353312983,1.2690274519811164,1.2585589029139153,1.2909653543284023,1.2039765845781187,1.2664008881711748,1.2477240747961416,1.2922338820418058,1.243590317640843,1.293560317730395,1.2528648164726948,1.3258952551477172,1.2060288960265126,1.255047724977017,1.26592603904202,1.3122979817260951
Shadow Arcanine,Fire Fang,Flamethrower,30,1.4363317518288854,1.4417413144196796,1.341548143661717,1.382409863341757,1.3790061538763532,1.4436149852287339,1.45760346324911,1.4339400755974792,1.4046351433185305,1.454430763019782,1.4245596487361623,1.4710359909810635,1.4120107104157897,1.4673806943859868,1.4445837063563116,1.51158236347359,1.3766244084032278,1.4095949335482185,1.4473034537171363,1.4878089129826169
Shadow Mewtwo,Confusion or Psycho Cut,Flamethrower,30,1.4816535576419358,1.5324480871474588,1.6078646366338771,1.6683183308619285,1.489236114519026,1.5597789708206151,1.486741151126127,1.5310481278566899,1.4933176894092317,1.5636943210873369,1.4914981267058842,1.5852730262600234,1.5179686030787969,1.574135599595225,1.5347806624888094,1.6047000895255148,1.585399902393626,1.656346116741763,1.4893996080527347,1.5527856252067904
Shadow Aggron,Iron Tail or Smack Down,Heavy Slam,30,1.6513265689031889,1.71125530831906,1.5867045383346212,1.6408839971317781,1.6650995710934664,1.7435551149803215,1.892280182242354,1.711673674298175,1.657318160409097,1.7224717400080742,1.711758523064404,1.7700595046366148,1.6951203130736923,1.766421592771365,1.6807967770814682,1.7508169203222919,1.6540762010691301,1.6642908215959775,1.7091445878190936,1.7356392049069762
Shadow Mewtwo,Confusion or Psycho Cut,Flamethrower,35,1.410077168004815,1.464934442491817,1.531005687711897,1.6008890095584192,1.4103447937420868,1.4645931276806659,1.44487696004991,1.4867396866263343,1.4374285089489975,1.5065435338447046,1.4203977147507079,1.4974401139234068,1.4453240438088244,1.5148163736824667,1.469136078782453,1.5460496866606983,1.5112871556821663,1.596408993405895,1.4374665954035275,1.4958896439388156
Flareon,Fire Spin,Overheat,30,1.596051316537434,1.6220829788261695,1.5703062453443606,1.5763872934984648,1.5547675365846478,1.5873624701875608,1.6608452799903928,1.5527241892895272,1.636964237653075,1.6349246400215314,1.5645057385525625,1.5909776730466034,1.6280996176130818,1.642033904376405,1.603234109221128,1.628111011638317,1.5268814763531533,1.5545857971376362,1.5964852001730676,1.6245577867705074
Chandelure,Fire Spin,Overheat,50,1.24603478319023,1.2699059642656778,1.2330969834938006,1.2325870387001108,1.238371921834974,1.2785262104095714,1.2464196641316174,1.253191511173401,1.2331028798277486,1.2821036872560894,1.2717547934290607,1.285427297540136,1.2209963552347605,1.2540589431076326,1.2769807520143241,1.3303043867502238,1.1993212952138828,1.2244719608666537,1.2795169377211066,1.2893537960347154
Shadow Magmortar,Fire Spin,Fire Blast or Fire Punch,50,1.2240510044472845,1.2427225407110454,1.1799304525803556,1.2297327401961808,1.203812066308754,1.2567354029464015,1.2104515492211056,1.2199180758815922,1.1871761875925178,1.236193816444624,1.2199552443758794,1.2633292081306051,1.2165545774490225,1.242247038068543,1.2283572068039392,1.2746195165622203,1.167190638867766,1.2037930290889693,1.2346211600621009,1.2628973556285155
Volcanion,Incinerate,Overheat,45,1.4002649050911562,1.4672583994976833,1.3344367633647307,1.4175403604770158,1.3349514658396067,1.4554241463582205,1.3592037221726732,1.4147917408069686,1.3343762616067825,1.4249764500067286,1.357171919236442,1.4379778595283705,1.3503004468643378,1.4404882373485453,1.3571620411817369,1.4499776186213071,1.312476591494626,1.410253209093282,1.36514723473569,1.4159858491766564
Mega Blaziken,Counter or Fire Spin,Blast Burn or Blaze Kick,35,1.0655352160295446,1.0747790290280992,1.0697075388289021,1.096193340434271,1.055267109641073,1.0639021661252173,1.0622719956885125,1.0648773408198562,1.0564484928004307,1.0723573543264702,1.0522064183633681,1.0796785732449523,1.051223727690365,1.0820385610789223,1.0478961504028648,1.092927484333035,1.0576218093497827,1.059869025865689,1.0546817337303709,1.0624825023542288
Shadow Scizor,Bullet Punch,Iron Head,45,1.3662322173633583,1.4080653011484174,1.289143919299931,1.3521821460147727,1.3402966030995123,1.4015644782945813,1.348824812141289,1.37098855200512,1.3702563584981833,1.404462723724936,1.3690474172275247,1.4232118941461678,1.3660974146345832,1.4161480114984732,1.3865264100268577,1.4453558639212176,1.3243142017274057,1.3692585320455344,1.3856862894810518,1.4305947927006186
Flareon,Fire Spin,Overheat,50,1.3902780203081517,1.3717123717736752,1.353630180377742,1.3643633870080687,1.3436316703799307,1.3696369507395447,1.3704437580822082,1.365625553763984,1.3551044610415826,1.393360584039833,1.3476359197789343,1.3735314560835439,1.3445512102948947,1.3783481243339573,1.3577663384064458,1.4145031333930171,1.3082431987651657,1.3354367885233063,1.3886131684100684,1.3835229441856915
Mega Houndoom,Fire Fang,Flamethrower,50,1.1488224169895933,1.1802450650745115,1.1142624423048808,1.1676865562540464,1.137701571348651,1.1898730947029552,1.1781944767854815,1.2010919310454917,1.137119835822904,1.1933412394025031,1.1700713716581619,1.2224812246766237,1.1701397906274906,1.219402330142298,1.1793196060877351,1.2534355416293643,1.1262186609767446,1.1670090456139555,1.1729530935837724,1.2086101142755339
Chandelure,Fire Spin,Overheat,30,1.4803346052245376,1.480009511318841,1.3802778415933947,1.423214148966535,1.4258973176165752,1.4775584716401504,1.5640301276897368,1.4261079307057278,1.7401510563854126,1.525190082088548,1.4573041517622527,1.487005611405903,1.4646045832699006,1.4829806478189618,1.462186660698299,1.5262981199641898,1.3865212407359067,1.4241450930097945,1.459583619658446,1.474727036725968
Volcanion,Incinerate,Overheat,40,1.461142918711662,1.5274657908327234,1.371989933376496,1.475909024456465,1.3940443825021838,1.5011669791043019,1.4016976481597827,1.4659716150650164,1.399302751984928,1.4821356479612435,1.4118280299048942,1.4954990082560564,1.3915480849310897,1.4853895958519527,1.4025402864816474,1.509098030438675,1.3722434711550464,1.452711981749878,1.4106411137410604,1.4728818304446312
Mega Charizard X,Fire Spin,Blast Burn,45,1.1756157278573895,1.1941609419177939,1.1122922801668025,1.1614053591194837,1.148882585609548,1.194790306908634,1.1686356866380503,1.1863370956333008,1.144979646077244,1.1923908289597631,1.1649770288368624,1.2179124213809822,1.1922233067960992,1.2192411365936222,1.1729632945389437,1.220534914950761,1.1369213133732081,1.161436402637642,1.1820518693848465,1.2093863734697514
Shadow Charizard,Fire Spin,Blast Burn,45,1.197330143078472,1.207549237794117,1.168917037377387,1.1926738511448522,1.1932277915730172,1.2150715989282244,1.1728446590424806,1.2015766804768997,1.2244776947920872,1.2319001480285292,1.190211402512418,1.2295590553850848,1.2493037334216912,1.2453455362819812,1.2041069829901523,1.2433974932855865,1.168722831946793,1.1963817544178232,1.2006948156066275,1.225509658700466
Mega Houndoom,Fire Fang,Flamethrower,30,1.3429554937154704,1.3589724060292845,1.294810746085782,1.3460314808239873,1.374556125904188,1.41236664147536,1.3323140414775632,1.3514052607761555,1.3272229511505853,1.387750639214103,1.338667842066896,1.382126570261244,1.375974997089561,1.4278255885803326,1.37794315129812,1.441483885407341,1.3421670884926624,1.346775017308107,1.3872006311878038,1.4173602097172382
Shadow Ho-Oh,Incinerate,Sacred Fire+,50,1.107136089881963,1.2091709919636786,1.068894759925649,1.1447477426675856,1.1133549913139067,1.19759537526868,1.094114614682782,1.1793572896209434,1.1059791750773786,1.1993506930426592,1.1209927611168562,1.22056554834116,1.1318384124226495,1.2255097745976877,1.1241495076096688,1.2271598030438675,1.0931573392048486,1.1748289051061753,1.1213636710697106,1.1807284110865084
Metagross,Bullet Punch,Meteor Mash,45,1.184242791274851,1.234844122116417,1.1372673920761889,1.1943324770437822,1.1784643772021945,1.236454110926811,1.201541532481873,1.2218146031132335,1.2187794374915892,1.2485197147086529,1.2025107227016123,1.2578873311068541,1.2421216653084617,1.2862707872513814,1.2412712623097584,1.3098142345568486,1.178551566809293,1.2377055692381027,1.2288819322491156,1.2540785421597822
Victini,Quick Attack,V-Create,35,1.4973918180365813,1.5919216950953545,1.4457282986292406,1.5577229659642307,1.4535298909576295,1.5892213923267935,1.5394587501665868,1.6116424804525888,1.5188694321087337,1.5951083299690487,1.5389662128943666,1.6423618763456354,1.5250879848119856,1.6344757179829315,1.5683191584601612,1.6570277529095794,1.4750593015469475,1.5826192556946508,1.539970985721921,1.6316077473212696
Shadow Charizard,Fire Spin,Blast Burn,40,1.2673219321352538,1.2622188866555453,1.2001942315323406,1.2294890805677965,1.234461707578003,1.270709707813558,1.207220862678248,1.218421357093378,1.2414883595747543,1.2678349145471672,1.2414599827080544,1.2805363893739299,1.3035901385369,1.3016737263470854,1.2431289167412714,1.2973366159355417,1.206539627052855,1.2172422794493183,1.2642208139268536,1.2809294749433713
Shadow Scizor,Bullet Punch,Iron Head,40,1.38098962300253,1.4323470293847738,1.3609295266737675,1.4231219063929326,1.3643251837820332,1.4270966855437888,1.4400953682265054,1.4638788448611433,1.4276174135378819,1.4612350289328488,1.4004611185515452,1.4606269177954465,1.4377748126124996,1.4974612016083535,1.4528648164726947,1.5153312444046554,1.3851819904890532,1.4318741558751091,1.413160774732127,1.4673971138428648
Shadow Alakazam,Counter,Fire Punch,45,1.443318484282174,1.4227521149680664,1.5911217393120445,1.655754196166886,1.396003415548598,1.419694367289252,1.3684022453710822,1.3960871494536682,1.5439712017225138,1.4355907684026377,1.4281706138640717,1.441326054893451,1.4302076710218776,1.4644971209041167,1.4227170993733214,1.4652529095792302,1.5787603990511752,1.6470167633272423,1.3741569316128377,1.4090504186709425
Mega Charizard X,Fire Spin,Blast Burn,40,1.2296054660360463,1.2463115774299376,1.1505242162862095,1.1952740474648955,1.205266618901332,1.25358877972656,1.1937738255810035,1.21683823281739,1.192504373570179,1.2419299219485938,1.219828097716446,1.2574974146845914,1.2264769358897436,1.2601663875630222,1.2246083258728737,1.2714189794091317,1.175158042878707,1.2110340600846679,1.2175689089104376,1.248542923315772
Shadow Moltres,Fire Spin,Overheat,45,1.1541762491965535,1.1571336748986636,1.141282554666778,1.1342703786470625,1.119803311511773,1.1559217564556814,1.1042592047473225,1.1157643151193493,1.0988468914008882,1.1609936415018167,1.124569820468917,1.1626799125230982,1.184736761979815,1.2195545684938254,1.1216987466427932,1.1910362578334825,1.1109194293431999,1.143084134424406,1.1424881016008757,1.1638288666615766
Darmanitan,Fire Fang,Overheat,50,1.2437201145816692,1.2601048474287857,1.17669848165243,1.1986887631141092,1.2083052793781346,1.2561347375033125,1.2279186382495126,1.2250628636536047,1.19913201453371,1.2468165455524156,1.2301354535745164,1.2631172970315494,1.205226253055961,1.2707245650012986,1.2113361683079678,1.293218442256043,1.1757255217968652,1.2123165624397052,1.2304980784403554,1.2428673233055916
Shadow Scizor,Bullet Punch,Iron Head,35,1.4854023547944848,1.5259257745594512,1.4113531463419728,1.4694085336563563,1.4520400051036932,1.5133726579445856,1.466561808481504,1.498155462511002,1.4506165051809985,1.4961058403983314,1.4847254479800633,1.5491972807567769,1.4662254739538092,1.5334969149345823,1.4801365264100268,1.55202551477171,1.4199684481721504,1.4655483548786161,1.4736326385177267,1.5228296556463312
Shadow Entei,Fire Fang,Overheat,50,1.1134893536390083,1.1505779240803558,1.0529072074518075,1.1071249556191392,1.1004504990823167,1.162637039072698,1.113686189913404,1.1227338696331575,1.0803138877674607,1.125731731933791,1.0919270347703731,1.1424042585654466,1.1029220808296094,1.1539040181969606,1.125,1.1746418979409132,1.0822730935545744,1.1124062241087742,1.1120740118602226,1.153063042427019
Lucario,Counter,Flash Cannon,45,1.6152931603957599,1.6346984800466648,2.028896291500456,2.083016575816434,1.5845338463199428,1.6382698479688282,1.6061081357356988,1.5535047676790752,1.6168794576772978,1.635639550531557,1.6004628138403376,1.652482750436537,1.6088190781520055,1.6592189277046934,1.577652193375112,1.6315577439570277,1.9837814525190387,2.0033594751954964,1.5615153597515972,1.600850067445471
Shadow Arcanine,Fire Fang,Flamethrower,45,1.2541194042050432,1.2698019342158549,1.2090164505057677,1.256702380206484,1.256509662665502,1.30483182349073,1.2676856656224782,1.2893104695625686,1.2369255483784147,1.2967551473556722,1.242672114194653,1.293946123722176,1.2703036707353113,1.3287811081160952,1.260787824529991,1.3224149507609668,1.2132131791303953,1.2634804617008477,1.281909343106564,1.3048789799190654
Entei,Fire Fang,Overheat,30,1.572354757331332,1.5848290749127818,1.468249409995614,1.513799837096134,1.506474820143885,1.5677328805441322,1.5069541772659838,1.5163050084428413,1.4891754138070246,1.55175531556991,1.5251835150117823,1.5911387254818858,1.522132769752926,1.5823922913662944,1.5402417188898836,1.6172336615935543,1.4718246717134458,1.5213315325335663,1.5730319920592504,1.6098215876409356
Mega Charizard X,Fire Spin,Blast Burn,35,1.2845872050469436,1.284219384513641,1.2284657101285827,1.2598090404683835,1.25762069743932,1.286807934280134,1.2690915854235405,1.2856213945845727,1.2436415018167137,1.2960991118288252,1.2445454083103056,1.3005916557885635,1.2764469359792956,1.313834884074973,1.2699753804834377,1.3274283795881827,1.2156079401650228,1.245071445595796,1.2731032551983916,1.287012292891502
Shadow Metagross,Bullet Punch,Meteor Mash,45,0.9987683585172745,1.0360148317128175,0.9505823465118384,0.9986163613959608,0.9905876117659761,1.0462924612560975,1.0191571217892672,1.0469269668598342,1.0136211478939579,1.038659837168618,1.0121213148659873,1.0647430789835048,1.0174357688484512,1.0524505896997323,1.0285026857654431,1.0672784243509401,1.0049484161663393,1.0226878071479644,1.0288106691099743,1.0483316790104604
Shadow Moltres,Fire Spin,Overheat,40,1.1896579269040286,1.1945176163743298,1.1561858217943095,1.1617517038769727,1.151791690794704,1.2098540540010012,1.15713936326478,1.173119985003522,1.1710864957610012,1.2147170636522675,1.1858884160916812,1.2218115856036076,1.2041426742009727,1.2134471240384357,1.1736123545210386,1.229487466427932,1.1461144718473708,1.1826033662849424,1.1955282380188847,1.211918760021379
Mega Charizard Y,Fire Spin,Blast Burn,45,0.9993182316377673,1.0217329920156937,0.9588267440808115,1.002006711082336,0.9829811457791475,1.0244211724753893,0.9873188962943761,1.0234114936872736,0.9994869465751581,1.0400265778495492,1.008145862647702,1.051867360604879,1.0331610950415073,1.054331181100952,1.0281333930170098,1.0633504923903312,0.9683233267884097,1.0111339363742637,1.005115675345499,1.0303759130589702
Shadow Scizor,Bullet Punch,Iron Head,50,1.2862331090494996,1.326799255442072,1.2654062502175532,1.3264255828686395,1.3079117061057839,1.3715370950170287,1.3222807533972734,1.3423092525632407,1.3217601937828019,1.3771741690216661,1.3471527624730872,1.400673029650601,1.3388019737254515,1.3993659720418745,1.362186660698299,1.4258281110116384,1.2606317175316937,1.3235991782905265,1.3266524140388385,1.381168715481917
Lucario,Counter,Flash Cannon,40,1.642961438289746,1.6682983284600208,2.07634900412829,2.1196838690364306,1.604116324948227,1.6620393180680557,1.8291866021700958,1.678718035461398,1.6397607993540573,1.6773650921814023,1.620357027819689,1.6762591757505891,1.6300608057886394,1.6820636356309384,1.6460944494180842,1.7097358997314236,2.117581631842377,2.135797705115255,1.6320785930620245,1.6744292586088418
Reshiram,Fire Fang,Fusion Flare,40,1.1806964811835647,1.190545897686446,1.0937550037245114,1.138182856108547,1.146970663578278,1.1916554614425785,1.1604608487947898,1.16173349911471,1.1302861324182478,1.1783112972682008,1.1628409649583806,1.1983403122721956,1.1968441885248104,1.221220235163477,1.1713742166517458,1.215801253357207,1.1402694389903414,1.1610505169732943,1.1836171133338425,1.2069048891603675
Reshiram,Fire Fang,Overheat,40,1.246272566161254,1.2784345706716997,1.1752991792151375,1.220879193556247,1.232227860276581,1.2743765151589506,1.2274368178176902,1.2507765510151179,1.2253313820481766,1.280631812676625,1.2287029345448996,1.2778663095258278,1.2671066653532377,1.3013871600383282,1.235250671441361,1.31525290957923,1.2286599552826611,1.2619369190434575,1.2578325825252603,1.2705326919650812
Reshiram,Dragon Breath,Fusion Flare,40,1.5405512849568832,1.5752936062388307,1.437569181930202,1.513329922098536,1.5351673913256845,1.6309538999087225,1.5404692550236003,1.5505669810947722,1.5112114789395774,1.5709611761539497,1.5672351535084001,1.6640870022208283,1.5200282984229898,1.5953146408518184,1.5469449418084154,1.628592211280215,1.5226594332020564,1.6073386373696217,1.5626988368837649,1.5952380952380953
Reshiram,Dragon Breath,Overheat,40,1.592465995177464,1.6637228639472716,1.5069286355756981,1.5953683785495987,1.6240972842462729,1.709778480080874,1.5801381609104501,1.621214451098155,1.582786637060961,1.6872560893554032,1.6547205316425653,1.7268042110973605,1.5764102196709862,1.64387867498903,1.618968218442256,1.6988697403760071,1.5911087403102975,1.6250553291945202,1.6154590109694333,1.6476292280674965
Metagross,Bullet Punch,Meteor Mash,50,1.1610812437535527,1.2134306509680368,1.1063278405491392,1.161991882653523,1.1534719836681815,1.2077674286219047,1.169476309519102,1.192738424227513,1.1461192975373435,1.198690452159871,1.182845372709241,1.2433587061555935,1.1834203479989611,1.2333545272999185,1.1803155774395704,1.234221128021486,1.1202487827577206,1.1647164307845963,1.1756254613015704,1.2078593062024383
Shadow Arcanine,Fire Fang,Flamethrower,40,1.314980698710399,1.3356585287921738,1.2278182716874473,1.2746844607812424,1.286338787087656,1.3327961368967582,1.2860885700184672,1.310144443614561,1.2889794442201588,1.3195019176423093,1.305346940851374,1.35613779307305,1.2949394180912892,1.3560049074480376,1.3098813786929275,1.3718330349149508,1.2672939200308708,1.3136455980660318,1.3239418696393577,1.3546995495151561
Mega Blaziken,Counter or Fire Spin,Blast Burn,45,0.9603125359925395,1.0006984874773828,0.956393628648803,0.9859373585903942,0.9741988673726776,0.9950042694357475,0.9703731691921965,0.9901585613925635,0.9453724263221639,0.9836075225407078,0.9731042433078475,1.0096800990048655,0.9648060752057457,0.9955134462285188,0.9603625783348254,1.0121418979409131,0.9623534485693855,0.9800474412375579,0.9725255147489248,1.0092260314066834
Shadow Charizard,Fire Spin,Blast Burn,30,1.443439233447147,1.3840306442803907,1.3496080560834847,1.386132634378285,1.3311708068742822,1.372443982058555,1.3181977279750214,1.333639413790023,1.3664463060153411,1.4053458484726147,1.377498431857867,1.3912896061844136,1.4059122211575488,1.4279240957489678,1.3660362578334826,1.4090644583706358,1.3102180254003564,1.3395339863124085,1.3865007253569521,1.3879768903820213
Emboar,Ember or Low Kick,Blast Burn,45,1.3371149494896954,1.4086597585759772,1.365532953224313,1.397347938987629,1.3739809789276356,1.4230078420210626,1.317321957098943,1.3684110323698389,1.3526863813753196,1.442504373570179,1.3832200315323715,1.4449963551290963,1.361395936131534,1.4305837893021216,1.375895255147717,1.4468777976723366,1.3433360950640683,1.385999160131201,1.3817540912677204,1.4464381155989923
Shadow Mewtwo,Confusion or Psycho Cut,Flamethrower,40,1.3535182591314234,1.4191667936080965,1.4602225656662697,1.545555648378271,1.3486156231903972,1.4284805716136504,1.376736713691755,1.4216529223361114,1.357875790606917,1.4440519445565874,1.366394290267347,1.4381304355196907,1.371398891346593,1.4530344685538252,1.3957699194270368,1.4842547000895256,1.435812459567127,1.5336571746359622,1.3652490392201777,1.4291059021149883
Shadow Aggron,Iron Tail or Smack Down,Heavy Slam,40,1.4806912796810736,1.5378409306231027,1.4597300251317502,1.526616333549146,1.497429505236193,1.5681058427473573,1.7468831783160301,1.5795201419979,1.5030152402099315,1.563723758578926,1.5375506467526743,1.596216115415261,1.5210312805036403,1.58892958528482,1.5394695613249776,1.6150626678603401,1.506418186564369,1.528311523226912,1.5505332009875037,1.5945509149678043
Mega Blaziken,Counter or Fire Spin,Blast Burn or Blaze Kick,40,1.0,1.0192492745761703,1.0308125004351065,1.0315051899500847,1.0,1.0177530008735167,1.0,1.0096290861374844,1.0,1.0204716727223793,1.0,1.0359740281756997,1.0,1.0419819642329426,1.0,1.03088630259624,0.9999999999999999,1.0222111248567116,1.0,1.0238222493700848
Emboar,Ember or Low Kick,Blast Burn,40,1.4166273457847394,1.4479143832689956,1.4425172128123194,1.4405870804703327,1.4087901302423274,1.4482907534817986,1.3969380238332696,1.4418176199828068,1.4030497241286504,1.4776695599515544,1.412523098309797,1.4846661128723277,1.4033331243787333,1.4785926012161157,1.4508952551477172,1.521116830796777,1.4002428809769716,1.4399210069345922,1.408057824947189,1.4801863022066122
Heatran,Fire Spin,Flamethrower,30,1.5304009243812997,1.5892113407615742,1.4949893137848693,1.5719039563361945,1.5232541933710877,1.6048229901753903,1.641975200160509,1.579628514982565,1.5340970259722784,1.6111727896649173,1.5643362096733178,1.633198840422466,1.544816284130495,1.6256011176086043,1.55661369740376,1.6264659803043868,1.5087561997071808,1.572030099081819,1.5660456593112928,1.6260721284772595
Dialga,Metal Claw,Iron Head,50,1.2847376770832946,1.3371428146816122,1.2765971888640588,1.3459148722875462,1.3076682991942055,1.3856272144630817,1.2872220928580738,1.3117715028843322,1.2898415421881309,1.3474843560758982,1.2962517164799023,1.3576635529862513,1.3298109557881916,1.400100298208065,1.3291517457475381,1.4117166517457476,1.2773836951957234,1.3303408278382458,1.3331042732432365,1.392748975592375
Shadow Alakazam,Counter,Fire Punch,30,1.626290622805616,1.5835695682381397,1.8353800742117612,1.8435948845401446,1.571458576658455,1.5835661075505216,1.5794381300095046,1.5593861988468527,1.7652822634907819,1.628292793702059,1.6064980419414447,1.6116517198704798,1.621087698245677,1.6350667609947434,1.6089301700984782,1.6472470904207699,1.7774120691416313,1.8471438786049097,1.5815072153928382,1.6087780916749383
Lucario,Counter,Flash Cannon,35,1.6781644640780522,1.703499496568866,2.209032114339021,2.19918652492638,1.70581722889083,1.7652929225514542,2.0120132918001192,1.7150552043196885,1.7242926591306689,1.7712034046561702,1.7396205943682506,1.7757132927594215,1.72203963570258,1.7757081322145307,1.6796441360787826,1.7302484333034915,2.199911473288767,2.1929314825954216,1.7357791860731466,1.7589269807335015
Shadow Mewtwo,Confusion or Psycho Cut,Flamethrower,50,1.255417922148369,1.3144531177434395,1.295313729175804,1.4005625056563842,1.2363540000196296,1.3364334998576854,1.2406627154462258,1.300341082001737,1.249032768133495,1.3363611896110887,1.2891484564395546,1.3621475918422703,1.2796528965585177,1.367924274852911,1.288585496866607,1.3858773500447628,1.3675787944477862,1.4597714194917657,1.2698327861342293,1.33005013870861
Shadow Alakazam,Counter,Fire Punch,35,1.570755295315304,1.5303210441644715,1.7088528504695668,1.7541526562380345,1.51990145945999,1.54070686152306,1.506235107867732,1.5131695143865136,1.6521161351096758,1.5460276207778227,1.5575550545035346,1.5635309474969061,1.5623863809361764,1.5826251264921598,1.531199641897941,1.5553715308863025,1.7286315813367532,1.7901689952218274,1.5030923112163093,1.52915425924512
Shadow Arcanine,Fire Fang,Flamethrower,35,1.3401931243567784,1.3646308976678692,1.3061461400834011,1.355520282923637,1.3612708196335155,1.413092936292167,1.3944600901838973,1.4043601087830446,1.3395993136859103,1.377430695734087,1.382279146252564,1.428441860070863,1.375733206766547,1.4301897606275802,1.3738249776186213,1.439984333034915,1.3003779409594933,1.3432112497020734,1.377847344175511,1.4099284823496476
Shadow Aggron,Iron Tail or Smack Down,Heavy Slam,35,1.5686041024993218,1.624319624897363,1.5518316242350827,1.6139230592510598,1.5725951298988095,1.649397862337688,1.7878862435140965,1.6112016660149642,1.5687365428609878,1.638637969317723,1.6223320392628884,1.6790394493702,1.5976967232933634,1.676000967161292,1.6036257833482543,1.6816360787824531,1.5746064533702573,1.5889636699996594,1.6353617876867477,1.6556717823420122
Shadow Metagross,Bullet Punch,Meteor Mash,30,1.1246930184690491,1.1532232596329968,1.0727080331098626,1.1124367355179159,1.136769165840588,1.158222344361891,1.1646771436981842,1.1777946683420544,1.1483397254743641,1.1854225541649845,1.1434977198365741,1.186693678268093,1.157181620353372,1.1987874663060707,1.186168307967771,1.2319941808415398,1.102815830391901,1.1314735157588895,1.1667557455905933,1.1984678425084625
Mega Scizor,Bullet Punch,Iron Head,45,1.3674768626023117,1.4209501658907757,1.3029402755442312,1.366277855516802,1.3482505128230295,1.416512410808052,1.399331016494661,1.441704853498763,1.3812071053693984,1.436457071726551,1.3841693932561412,1.4436231712072152,1.4205539684956165,1.4972641872710828,1.4007050134288273,1.4719337511190689,1.344709394046011,1.386271550011917,1.3982082410730194,1.4430912931714643
Mega Blaziken,Counter or Fire Spin,Blast Burn or Blaze Kick,30,1.2191281538753052,1.148248394036106,1.1091090411645539,1.1448086575746816,1.0892223738062756,1.1191594609714683,1.1046062911982097,1.0982181431021327,1.093030884134033,1.1100625756964069,1.0823825588689033,1.1047518944852255,1.0908056990874655,1.1132116023534258,1.0902081468218443,1.1361794986571172,1.1128942559783903,1.1271152776674347,1.118207732050597,1.1377923697538876
Emboar,Low Kick,Blast Burn,30,1.7852986962805542,1.6211578544545295,1.808088455406807,1.7273187694492596,1.5125521410974905,1.5614769303247715,1.566496345340767,1.5619798279798542,1.510071827479478,1.573215246938501,1.5451116347669824,1.6045908420499433,1.5491685099447465,1.6281891695845685,1.5488809310653537,1.63272157564906,1.6599325835045227,1.7048315155091986,1.5619353032501082,1.6044641266447788
Darmanitan,Fire Fang,Overheat,40,1.3350101986602416,1.338380029202721,1.242500504723516,1.2896921534637957,1.2713869286562565,1.3491750664952349,1.3474481823360822,1.335647243005915,1.2689787713632081,1.3374083232404792,1.3145693118822792,1.3516198484411819,1.332828857227292,1.3637332425873356,1.319427036705461,1.3611906893464638,1.2801643418946986,1.3181513806762077,1.3283958158356877,1.3501819755160216
Emboar,Low Kick,Blast Burn,35,1.5804040824363836,1.503256512095351,1.664052546939287,1.6587947202439381,1.467765269367044,1.5184861660466988,1.482108938281585,1.5200057994191793,1.4697130265105638,1.525446608800969,1.4764439622289658,1.554122094698832,1.4991626890665999,1.5807803558795348,1.494885854968666,1.5855080572963296,1.5821539229817612,1.6477998842343007,1.4998854699549515,1.563780509531445
Darmanitan,Fire Fang,Overheat,35,1.360178039999554,1.402230329961026,1.269047221235981,1.3199337941981162,1.3079313356954274,1.3739476086252418,1.4118173417278461,1.3656768112567312,1.3475894899744314,1.4102030345848473,1.3585790089341718,1.3849492261006662,1.3475870221282922,1.3764496225384402,1.3636414503133394,1.4399731423455686,1.3120226083600994,1.3425756733137364,1.3746659540352753,1.412053650963325
Reshiram,Fire Fang,Fusion Flare,45,1.1560227825809113,1.1657031502528301,1.0699929686792953,1.1143425018970643,1.1370243505059527,1.173062314132323,1.137838720495821,1.1410020400482113,1.1267536334275334,1.157318160409097,1.0983097970739315,1.1461677996846762,1.1471786651383131,1.1903606257891768,1.1138205013428828,1.1742614145031334,1.0842819689248544,1.127410366704877,1.1337838181771909,1.1529485123819705
Reshiram,Fire Fang,Overheat,45,1.2320743220398807,1.2500009288397305,1.153068718976908,1.1938956301386074,1.2115951986023732,1.2468047935457909,1.210895292658316,1.2219815560896097,1.2056671376665322,1.2381408962454583,1.178030752538695,1.2280163425839592,1.251130593640019,1.2768767854424314,1.2116047448522829,1.2618173679498657,1.1695627007456673,1.2044286054773063,1.2186378559975568,1.243898093711028
Reshiram,Dragon Breath,Fusion Flare,45,1.5084803067400325,1.547972714404075,1.3929672869544636,1.4858955883683855,1.522963675444365,1.6005339248383013,1.5147248131664388,1.514401158712236,1.4937256089355404,1.5363090431974162,1.427695933002187,1.4834370284978047,1.488917943528527,1.5698908361467578,1.513921217547001,1.6071284691136976,1.3908908284057246,1.4510322441521297,1.5314957623883332,1.5860247893919728
Reshiram,Dragon Breath,Overheat,45,1.5679093303808613,1.6094024588245346,1.475802858475526,1.5462535591710003,1.57752215689931,1.663735314613248,1.5561071838108333,1.5951361032882414,1.54595612972682,1.6320397658457813,1.4919558546798446,1.5628443555359655,1.5511565637117501,1.612284739448539,1.5591427931960609,1.6666069829901522,1.4714501356274614,1.5474242131904798,1.5771932503626787,1.5988139777557202
Ho-Oh,Incinerate,Sacred Fire++,40,1.3237099344982222,1.4426645811118584,1.3021692668629867,1.3930334231393107,1.3158342084858716,1.4317783426737465,1.3024206717074749,1.3808929641036456,1.3270547369129324,1.450868826537478,1.3502297116313764,1.458762100123756,1.3501750741042564,1.465697117322038,1.3357318710832589,1.4260071620411818,1.2787229454425768,1.3762725714739696,1.3321244050800438,1.4065562088009977
Ho-Oh,Incinerate or Steel Wing,Sacred Fire++,30,1.4934702566941478,1.5522565232414276,1.403307157327541,1.507727491071615,1.431809750017176,1.5425736354981499,1.4043234962882252,1.5066100198146821,1.4662604292827346,1.573501211142511,1.4587027650160205,1.5677522165900961,1.502825364700404,1.5923504705956102,1.4516562220232767,1.5703782452999104,1.4220000226991567,1.5199695831299866,1.4508793362347612,1.5323483749459164
Empoleon,Metal Claw,Flash Cannon,40,1.8579413939283604,1.908748927190111,1.7490044763754586,1.8339825122003857,1.9215896041693248,1.998082189091837,1.9703936721892954,1.9523510347423285,1.832197887229175,1.9304854662898667,1.8279705697865631,1.9014698153830505,1.8764451449398658,1.967340395998818,1.8959825425246195,1.9896038495971353,1.7984995857403896,1.8659501299526722,1.8711027970782115,1.9401007864396427
Mega Scizor,Bullet Punch or Fury Cutter,Iron Head,30,1.5082908234349979,1.5679316225343949,1.4573526033290867,1.5389385490417216,1.5530990214649563,1.6249099492575108,1.5677323831658676,1.6183659990012111,1.5223388507603284,1.588283037276275,1.599589740112228,1.6689355281672233,1.5746818666212936,1.6463503094020615,1.58363921217547,1.6562444046553269,1.504613603604626,1.5556526575037737,1.5650021633452955,1.6216563589626123
Volcanion,Incinerate,Overheat,30,1.599723948832077,1.6713820763654872,1.5110047130733832,1.6074312705805365,1.5490317704908378,1.6484929382551259,1.5510224405303246,1.6118797294190181,1.498326268335352,1.6102980756291212,1.545874514723583,1.6351568989777407,1.538511825337835,1.634807060277432,1.5093554162936438,1.616718889883617,1.4956928350111793,1.5849572688374627,1.5715940037158638,1.6180041230816218
Volcanion,Incinerate,Overheat,35,1.5340364030867202,1.5922244968475179,1.4218653188808366,1.5280869934490369,1.4229941013083123,1.5512165438181515,1.4761000956318364,1.536982281017007,1.4476307024626565,1.5450225407078455,1.4679844711546612,1.553308356078458,1.444106136996606,1.5407685350192986,1.463316920322292,1.5871195165622203,1.4557877174862952,1.5131030882202725,1.4821460385329974,1.5499605507622611
Empoleon,Metal Claw,Flash Cannon,30,2.1049050168491528,2.143041318506574,1.999145450874738,2.0601473792666543,1.9933318283981274,2.07730524993375,2.07007045708503,2.054351980809195,2.0355773112636255,2.10189577445835,2.025242850119518,2.1126858460338718,2.070405759982806,2.176497980603043,2.0832251566696507,2.184579230080573,1.98192012166748,2.0364094473890293,2.040263673614823,2.086890127510117
Shadow Houndoom,Fire Fang,Flamethrower,45,1.31620490947528,1.3262140864118177,1.222370738567142,1.2673468251150422,1.2753481798463004,1.3409011944605298,1.434354529038834,1.3198013552481083,1.2618969519580137,1.3166590970259724,1.3157305847051044,1.3488904334853442,1.305999086569891,1.361315339357196,1.3098142345568486,1.368968218442256,1.2764757289266704,1.2798692528572564,1.302995596956046,1.328993917182052
Dialga,Metal Claw,Iron Head,35,1.4140005870267096,1.4753894624990247,1.3625951142763657,1.4291959928433686,1.451127229185274,1.5367573880868022,1.4425615858775356,1.4679223287889904,1.4537621114251111,1.5340045081415692,1.5032125722616847,1.5742706019970503,1.4709000868654123,1.5420580834087063,1.4647381378692927,1.5362354521038497,1.44030689259894,1.504193669205189,1.4528390725611464,1.5119365758061643
Heatran,Fire Spin,Flamethrower,45,1.3453686193354708,1.401754764018978,1.3186772066860202,1.389897175636822,1.3631356306496414,1.4177687045452314,1.3983292986364042,1.428884622312826,1.346899811600054,1.4179661216525368,1.3775069083018292,1.4384694932781799,1.3760018626810069,1.441294205091925,1.407867054610564,1.4799015219337512,1.333541408936658,1.386623386941175,1.4068743478150214,1.4381155989921357
Mega Charizard X,Fire Spin,Blast Burn,30,1.3439865058163942,1.3548390692282828,1.2861538675744728,1.3003644451870262,1.3374346089295004,1.3566343105597378,1.32223681840349,1.3237247501929479,1.3165876059749697,1.3601130399677028,1.3259362232356282,1.3656229338667842,1.3464765776818577,1.385870489938836,1.3468777976723367,1.393050581915846,1.2868151948155124,1.3135661510174896,1.3453462625028634,1.3595225369677535
Shadow Charizard,Fire Spin,Blast Burn,50,1.1763773764364507,1.1762752040660887,1.1290578030255565,1.1392010052700097,1.1739201271997408,1.1791553387576432,1.1476816236030503,1.1735710509396962,1.1802794038487419,1.1846992329430763,1.1580263447878345,1.1974248563242749,1.179650209999373,1.1974620971280683,1.1762645478961504,1.2210049239033125,1.124924809043344,1.1492015571621514,1.1796340128782674,1.1968389707566618
Shadow Alakazam,Counter,Fire Punch,40,1.4773846102402721,1.4540670176442394,1.6447616660749218,1.7044460920476459,1.442225210281979,1.457396920117385,1.395217236576761,1.4165989335512508,1.609768200780514,1.50478569506123,1.467128350314476,1.4696967128350313,1.4586135563774436,1.4962880707818782,1.46433527305282,1.4917076991942704,1.6123324518494138,1.6841298845747878,1.4299585146725715,1.467587997251279
Entei,Fire Fang or Fire Spin,Overheat,50,1.2814365806808765,1.35194294694839,1.2708346386527711,1.3382709216599487,1.2738700717461502,1.3511066181161484,1.325389886457331,1.336643102865001,1.270429619162966,1.3568791212488225,1.3007272788919593,1.3759726719446657,1.3069125166790547,1.3606616099653435,1.3525402864816474,1.431199641897941,1.2937611367737687,1.3373435176883177,1.3260543126924742,1.3851390903769312
Empoleon,Metal Claw,Flash Cannon,50,1.7840521933621396,1.8567970633803077,1.7062578754272746,1.7836650585131193,1.7123794007086282,1.8116030504382306,1.7494973104461304,1.7332150017500771,1.6982404790741488,1.778314661552954,1.77521318256565,1.8472799091325207,1.7102993722406798,1.8006931322593067,1.7478178155774395,1.8398500447627575,1.7492424156442588,1.8018817600926125,1.733692194141152,1.791911633707465
Heatran,Fire Spin,Flamethrower,40,1.4132983841904048,1.4702659825452438,1.3424583864163238,1.4102897461066672,1.4243367652399226,1.4896620766142885,1.4325561232933084,1.4560408419702209,1.4035838043331987,1.4723455793298346,1.4432586841168393,1.508849407496567,1.4343807928931556,1.509505941773308,1.4574641897940914,1.5297448522829007,1.3791553643782133,1.427992600074907,1.453360820544145,1.494235321065893
Mega Charizard X,Fire Spin,Blast Burn,50,1.1660914052602052,1.164237441158003,1.073007386367592,1.1150021233196188,1.0968190249982825,1.1461049986750027,1.1449547249889063,1.1639771127972385,1.1288226685506662,1.1646565065267125,1.1184159221523386,1.1545764320952074,1.1402294321509487,1.1765158909973403,1.1291405550581917,1.1931065353625783,1.1124970207356797,1.136773768854487,1.1482273294138607,1.156842533913619
Shadow Metagross,Bullet Punch,Meteor Mash,40,1.0216605425167098,1.0596835257270028,1.0,1.0455260611376815,1.0504755268091122,1.0688488227153612,1.045080232621147,1.0699342586043024,1.0570035997846858,1.0850575292692775,1.0496211029548883,1.087782053672843,1.0552446112101157,1.1100145969713524,1.070389435989257,1.1040846016114594,1.0220522307596271,1.0612082761125423,1.056234252118806,1.1029752360591485
Reshiram,Fire Fang,Fusion Flare,30,1.304958518017633,1.2953115885760143,1.200839929547559,1.2329333834575997,1.2551905542414636,1.2912422585805845,1.279411915463214,1.2765122058735228,1.2646851029471136,1.314173731664648,1.2459016393442623,1.2914031905335073,1.2636320488595556,1.3058647586126608,1.2893017009847807,1.3527417188898836,1.2144162344368905,1.2562053819700598,1.2824947188923672,1.310096459749052
Reshiram,Fire Fang,Overheat,30,1.373445586710904,1.395329050762949,1.2872381529207828,1.3374807682936167,1.3707460225543986,1.3734490170482987,1.3602962390180822,1.3626028261917,1.369078858834612,1.391081281119634,1.3333022530388052,1.387983793039144,1.368183975570222,1.4151898054035659,1.386750223813787,1.4374440465532676,1.3109330488372357,1.3438922244038634,1.3992771881601385,1.420465246494108
Reshiram,Dragon Breath,Fusion Flare,30,1.6742651948891523,1.6769736915434714,1.5245643713929673,1.590013088002896,1.6668426786538029,1.7285836269592785,1.6389305050913334,1.6321117940561811,1.743527957206298,1.7827765442067016,1.67036804719684,1.7424008679878618,1.70459491165698,1.8052961035937207,1.733079677708147,1.8155326768128917,1.5835499211204302,1.650818872078902,1.7369372120841924,1.8027919879870709
Reshiram,Dragon Breath,Overheat,30,1.7123699159957346,1.75943422514332,1.5941814080741838,1.6990333674456812,1.7741478304396048,1.8022004769990283,1.719283215221425,1.7093641581249714,1.7883822836764904,1.8444733212219082,1.7509959821655618,1.8229864207367725,1.8262960409073405,1.8851495965683684,1.7760407341092213,1.89117054610564,1.679567354072796,1.755359838382004,1.8265760606754728,1.8410959252755086
Mega Charizard Y,Fire Spin,Blast Burn,40,1.0511567770004422,1.0697187101759964,1.007205363296506,1.0477433637559783,1.0154111908290557,1.0663146426923946,1.0248994254767312,1.047987264709802,1.035547873772036,1.0813315839052617,1.056563310559954,1.0901215522064183,1.0641998083587811,1.092901215220253,1.0473925693822739,1.1062779767233661,1.0026558013369802,1.0279426619301093,1.0524547606322059,1.0838868952177343
Reshiram,Fire Fang,Fusion Flare,35,1.1967133934973788,1.2117253012227245,1.1585736861524751,1.20210521918924,1.2154229685828417,1.253773297869208,1.2375433308876187,1.2402555845038348,1.1805695734086934,1.2371274054635986,1.225719226270195,1.2607777984979742,1.246823143811511,1.2853394467479202,1.2263876454789615,1.2932743957027752,1.1947133663984382,1.2247897490608224,1.2339976075946146,1.2736886309841948
Reshiram,Fire Fang,Overheat,35,1.301551533885931,1.311441819336957,1.2436631092360924,1.2937369032949744,1.3197836819221294,1.3426619686515453,1.3160024427856543,1.3328559064008891,1.2931848001614856,1.3410123132821963,1.2950819672131146,1.3405496126265108,1.323596048967018,1.362730260506685,1.301521933751119,1.3623209489704566,1.2830584843773054,1.3103088220272616,1.3239418696393577,1.3347967727978418
Reshiram,Dragon Breath,Fusion Flare,35,1.5842123253316887,1.6034671729462424,1.4800738636759188,1.5461056229680528,1.6021533659838842,1.671092484811605,1.5789855995735376,1.5865131285083922,1.530118759251783,1.627367615394967,1.6250699306626883,1.7080288877210232,1.6679681553189394,1.756785800639401,1.5780438675022381,1.6625559534467325,1.5537686274954885,1.622535722797898,1.5883535669746254,1.6185894988674252
Reshiram,Dragon Breath,Overheat,35,1.6890244582077851,1.717066129673457,1.5723930160188802,1.6462862791782404,1.6969662469206082,1.7510810996496118,1.6574212794748888,1.670262013657925,1.630748721571794,1.689392410173597,1.7162849441402344,1.778247749504128,1.7292575246044042,1.8397825678132305,1.6719225604297225,1.7544986571172785,1.6275976347478691,1.6775925274376056,1.65375022269731,1.712415056883256
Heatran,Fire Spin,Flamethrower,35,1.4888966498608598,1.551738230671774,1.414969751397562,1.485815528776202,1.4833943486411416,1.5653753668279564,1.5308372398865304,1.5442359484906132,1.465600188399946,1.545644933387162,1.4724346042348313,1.5437977859528371,1.503058199826269,1.579598269855911,1.488149059982095,1.5631042972247091,1.4323054398529094,1.490755768423203,1.5056119722073757,1.5544017713980303
Darmanitan,Fire Fang,Overheat,45,1.2559064918466447,1.2702756424784416,1.2444671860097603,1.2721573623497142,1.2245369870542857,1.278072766888808,1.2570768291236287,1.257810543519808,1.2729486273718207,1.2983952361727897,1.2550561988234696,1.2789767236848797,1.2361306384160047,1.290479729911254,1.2519919427036705,1.308325872873769,1.2209762907307993,1.268281333348466,1.2596268865643532,1.291860731465221
Shadow Alakazam,Counter,Fire Punch,50,1.378266264912522,1.349496383098089,1.5059052651364842,1.5607321623747763,1.3286052195078861,1.3549010177942231,1.3390068055305369,1.363979455996907,1.4086849010900282,1.3823803996770287,1.3466356993913913,1.38138911963653,1.3578049020749192,1.39074211718771,1.3696844225604297,1.4092770814682185,1.5093009794686127,1.5735963408959357,1.3401796849151206,1.37607849125754
Moltres,Fire Spin,Overheat,45,1.34853967817561,1.3594126760615708,1.2894450129835773,1.349623719916738,1.302124903078901,1.3677053991186314,1.292620239094236,1.34628536950062,1.3430645269815638,1.394824047907415,1.3157729669249156,1.3766677403495686,1.3488407497291053,1.379610807131919,1.3459713518352732,1.416092211280215,1.2772588498337285,1.3223393750922152,1.3390852867068794,1.364752742358301
Mega Charizard Y,Fire Spin,Blast Burn,30,1.1312747767998128,1.1471969474611095,1.1209874480482864,1.1331895741525866,1.1227830832196453,1.159647452570004,1.1194006681048054,1.135268523359504,1.1447147086529403,1.179678037949132,1.1343770661332158,1.168511705969112,1.159832358709377,1.1961725487386605,1.1473142345568488,1.1975044762757385,1.0997514442338467,1.1212134969185894,1.1304878979919066,1.1581405410908352
Shadow Arcanine,Fire Fang,Flamethrower,50,1.2107221543137174,1.245453329518898,1.1808058868166218,1.2297170763629275,1.2055905071304485,1.2538635939815679,1.1848989568367976,1.2182690491149295,1.1886985264432781,1.2469300901628315,1.2192516995270144,1.2732381711224507,1.2166620398148065,1.2685842728827674,1.2379700089525516,1.3016562220232766,1.1603922414282308,1.216095972034639,1.2180397546511925,1.25809981929704
Mega Alakazam,Counter,Fire Punch,30,1.4204541654746556,1.4180076016243548,1.6063522065119775,1.6611042654358374,1.3971419317479168,1.4277091287406638,1.378259793476239,1.3960637174569839,1.4183403983313148,1.4395522136993675,1.4058521369115229,1.4391984674589315,1.4384374972015008,1.4592493753749989,1.4231535362578336,1.4594449418084154,1.6099376908147862,1.6577761636155215,1.3743605405818127,1.408935888625894
Mega Charizard Y,Fire Spin,Blast Burn,35,1.1113251570667984,1.1181409830096636,1.0499136748745153,1.0751185230049498,1.0459155731349437,1.0969682098795726,1.0810922825254419,1.0985344750573718,1.0705364352038758,1.1147683689947518,1.0938681404377235,1.127943445165884,1.1036743173900974,1.139235405267447,1.0980752014324082,1.1323075201432409,1.0471234493638562,1.085632568750071,1.0757043597770481,1.131696826245196
Shadow Typhlosion,Ember or Incinerate,Blast Burn,45,1.2323251087671323,1.269774069023938,1.1933404342710747,1.254805315956921,1.2312758251788747,1.2636685740084603,1.2291297795781362,1.2636128916987757,1.2242800430628449,1.2612535324989906,1.194542865377117,1.2746283079322562,1.2173157692066592,1.2843633302587156,1.20791181736795,1.2996195165622202,1.1926704422930687,1.246047509335028,1.220610317884503,1.2604922246824974
Mega Alakazam,Counter,Fire Punch,35,1.3278098330689236,1.3400240755258161,1.5004385873310917,1.556307999693685,1.3314279544986112,1.3549324251376524,1.2891815935808044,1.3005007124791492,1.33341744045216,1.364373065536267,1.3312763829318324,1.3691915167748825,1.3675571117698155,1.3877063053543124,1.35882945389436,1.3903648164726947,1.523658196098015,1.5728472687239667,1.313863225675091,1.348960321702171
Shadow Moltres,Fire Spin,Overheat,30,1.2911355251474068,1.312383662823747,1.2536931837959386,1.2867577953676823,1.2685857862141392,1.3051360821302032,1.2454721327656932,1.268217279047255,1.318084712690082,1.3500243910644598,1.3081441673589096,1.3222489701120586,1.313915480849311,1.3787421530084985,1.2818598925693823,1.3547112802148613,1.2566480155262232,1.2965758322078333,1.342113970120384,1.3097274184927847
Shadow Aggron,Iron Tail or Smack Down,Heavy Slam,50,1.3836368162346322,1.4421128503119043,1.3742002742911246,1.4341596875587395,1.402993512420623,1.468218712887807,1.4765716645651095,1.463571299904661,1.4111071861122326,1.471979713362939,1.4399613474155322,1.4971519148286911,1.434237509738777,1.4936641980173193,1.4567815577439571,1.5419091316025066,1.4313293761136774,1.4343824126933684,1.4587946349036676,1.5076353363365658
Heatran,Fire Spin,Flamethrower,50,1.3240275976860745,1.381000769079297,1.2469264078305242,1.3181742235959983,1.3487196600155074,1.4001275923326824,1.3624182992178107,1.4058465760727095,1.321915791952631,1.3938820481765577,1.353772865207588,1.414370963093563,1.3525213357572068,1.413264438016603,1.3423119964189794,1.423769024171889,1.3087085314780555,1.3620855985200149,1.3679595836196585,1.4085286706879439
Shadow Moltres,Fire Spin,Overheat,35,1.2621371487592559,1.2652896308047838,1.210290442277034,1.2216502022374915,1.2199848852159745,1.239928548293698,1.1814778853208792,1.1898665401338846,1.2544198290943345,1.3071634033104562,1.2118602403919507,1.253148998931968,1.2300411043549124,1.2659156241324654,1.2341539838854074,1.2849037600716204,1.2009669840765416,1.238080105324087,1.2369117609630704,1.2457687511134867
Mega Aggron,Iron Tail,Heavy Slam,45,1.434996080296337,1.4953929549364116,1.3612636884498375,1.429902605765683,1.4328049702120977,1.5119966237105813,1.4075512538314976,1.452893631915551,1.4035417507737855,1.4807899340600188,1.4246020309559733,1.4950497567260583,1.4257658932361397,1.4898313736376907,1.4636638316920323,1.547750671441361,1.3866347365195382,1.4458454868401638,1.4475452393677943,1.4963477641190095
Lucario,Counter,Flash Cannon,30,1.8119025238433157,1.8111371599053325,2.199200448333716,2.2447004030826423,1.7420711180032782,1.7966001550737583,2.0291948033689353,1.7682868427874117,1.7440241892073745,1.7896691225945365,1.7653550782375778,1.8076186278332513,1.7731290354357152,1.826922904707747,1.7861906893464639,1.8333258728737691,2.3439035739822263,2.3757050925558114,1.8642564454964243,1.86406556208801
Shadow Entei,Fire Fang,Overheat,40,1.1923459890842754,1.2073114548230932,1.1544036256552703,1.1869548115814903,1.1852444374650348,1.2323004897582617,1.2064812902828974,1.2135401792840645,1.1728401291885346,1.2362400753599785,1.1668842287283638,1.2212945225219116,1.1652950289700628,1.2199038211826234,1.1677931960608774,1.2578558639212176,1.1436062150291115,1.1892769183624827,1.2044615815326667,1.2408566847369626
Moltres,Fire Spin,Overheat,40,1.4214052973587512,1.4263968820707924,1.345444957289948,1.3743603934754913,1.3630904825934613,1.4349465584421959,1.3429653484704032,1.378526332438524,1.3994667608666398,1.4503221302651057,1.384347398579348,1.4372319324596945,1.4220763520108894,1.4675597983289603,1.4135743061772605,1.4826880035810206,1.3446526461541952,1.3719483821176042,1.388511363925581,1.4260263164592402
Shadow Typhlosion,Ember or Incinerate,Blast Burn,40,1.2862331090494996,1.322348255453218,1.230488085044172,1.2921931455065683,1.2679988614838007,1.3207455318146575,1.274611285142503,1.2961789735906752,1.275215314224196,1.316066141838245,1.261481343346839,1.3277925644633564,1.2663992047784933,1.326963203094916,1.2771038495971352,1.3511414503133394,1.239657696716567,1.2885289811483502,1.2667786515996031,1.3240054974421624
Shadow Ho-Oh,Incinerate,Sacred Fire+,35,1.263496970124799,1.3409826381277563,1.2042442026412703,1.2960412272091226,1.2392964755071796,1.337650534415578,1.215398629521094,1.3067365525967778,1.233481361862468,1.3437668214237652,1.2530557580483834,1.3545018393883397,1.2843095990758238,1.348822839334808,1.2464301700984781,1.3528424350940018,1.205370620481449,1.2836259632954634,1.2557710417143877,1.3346695171922325
Shadow Blaziken,Fire Spin,Overheat,45,1.4391554246097944,1.2630827076049682,1.4149749726753131,1.272139958090544,1.1673383257922993,1.2289968298212726,1.3151662134039808,1.2152155670469973,1.2108397254743641,1.2364251110213968,1.200874769016902,1.2313730143930017,1.2164560702803873,1.2544350613878765,1.2276186213070726,1.2641562220232767,1.216810995471518,1.2354129544087435,1.1879183528034412,1.2285128909928482
Shadow Blaziken,Fire Spin,Blast Burn,45,1.3166526102254108,1.170735603913016,1.296291848541175,1.184185793947495,1.1023369026470502,1.136808425019875,1.1821413037270054,1.12550763224067,1.1101466828152335,1.1409887632889248,1.1340803905945378,1.1499228643599437,1.1149847313888614,1.1599756418637557,1.1322179946284692,1.1815241718889884,1.1115663553099002,1.131235174613263,1.131085999338271,1.1462166908452318
Shadow Blaziken,Counter,Blast Burn,45,1.2821777947858652,1.149162372330979,1.5178167401126403,1.3341513335143376,1.0871612668937156,1.1223590840833473,1.1550627025586275,1.1030246314220147,1.095549892342888,1.1254079195263087,1.1143641819383932,1.1447691864309084,1.1032892439127047,1.1457279232002293,1.101689794091316,1.1337735004476277,1.2570452507689338,1.2768616145910179,1.1191748746532286,1.1432643607950932
Shadow Blaziken,Counter,Overheat,45,1.421804698442893,1.2354683024153548,1.7718893367584916,1.5125084410656975,1.1434255596886747,1.202781512852474,1.2706644582009792,1.1724111671038198,1.2158356883326604,1.2077529942134302,1.1757675420007798,1.2063251224846152,1.188157647290605,1.2168321885606312,1.184724709042077,1.2128692927484332,1.464072909691405,1.4987118228557808,1.1779160622025402,1.2200885699015043
Shadow Blaziken,Counter,Blaze Kick,45,1.2066891322036164,1.184255795031079,1.433385198025661,1.3861796258780448,1.1065965235996742,1.1770569356247609,1.1555474519900355,1.15317349782595,1.11755231462791,1.174299387700175,1.1570176479563294,1.2063675047044264,1.1453249393285394,1.2057366992934349,1.141506266786034,1.2085832587287377,1.3262549796275067,1.3848074544030688,1.1390903769311038,1.1901962281438498
Shadow Blaziken,Fire Spin,Blaze Kick,45,1.2316730632762778,1.1987196873153931,1.2311616298740629,1.1852961856825601,1.1189180170188542,1.193661605504137,1.1835647975255812,1.181452988824402,1.126223758578926,1.1892788655631812,1.1735975723464491,1.2252954040720836,1.1674621866800399,1.2238082871394413,1.1731087735004477,1.2528760071620413,1.1385443030791405,1.1694265058053093,1.1470565778422541,1.1971571097706855
Mega Charizard Y,Fire Spin,Blast Burn,50,0.9751182412977005,0.9985714444943954,0.9228939105978015,0.9591191356348726,0.9447034459744619,0.984867549343881,0.9485565157792529,0.9774393806923276,0.9673075629121249,1.0037722042793702,0.9715700069506841,1.005187583704884,0.9866836218399349,1.0256924606195206,0.9825313339301701,1.0126790510295434,0.9450339919871976,0.9833274693845123,0.9759741416609402,1.0105494897050216
Shadow Metagross,Bullet Punch,Meteor Mash,35,1.0790461187503018,1.117685851541688,1.0338878330304992,1.0786045961167616,1.1051498228429535,1.1222000844072355,1.0819753759004842,1.105567003062269,1.0909618490109003,1.1225398667743238,1.1026073541627817,1.1401749538033803,1.0987400037611827,1.1379816776666338,1.1066808415398388,1.1576544315129813,1.0524123528810905,1.0880840776765142,1.0787075920694307,1.1232725051538521
Ho-Oh,Incinerate or Steel Wing,Sacred Fire++,45,1.2991867079319197,1.3916638491861506,1.24924987642976,1.3445643017759306,1.2766947696958395,1.3798443373541276,1.2759337284553773,1.359372139648842,1.2769815637195532,1.3971327883192033,1.2967009680099004,1.400045772797396,1.3150617460843401,1.415933086766905,1.3141450313339302,1.4015331244404656,1.239873338705467,1.3285929927703186,1.303173754803899,1.3843882823038356
Moltres,Fire Spin,Overheat,30,1.5347125984105694,1.5329645220376513,1.5452127844726162,1.5520074072527028,1.485887306525857,1.5458360732968877,1.475158422265083,1.4960993048019482,1.4873629053963127,1.582698324586193,1.506365809415634,1.5639886754708665,1.5802251336563176,1.583207214306823,1.5207811101163833,1.585787824529991,1.50301331305542,1.5094031256738811,1.5324120027487211,1.53536433279886
Mega Blaziken,Counter or Fire Spin,Blast Burn,50,0.9373720523271151,0.9608494053568044,0.9457056730923191,0.963092528003453,0.9340465417570446,0.9550973136906573,0.9259651419759324,0.9446140823371073,0.911679114520253,0.9467728098506257,0.935994371641209,0.9759862342550053,0.9451225518729794,0.9771105160880117,0.9421777081468219,1.0033572068039391,0.9301092964396372,0.9603899715125582,0.9427604285968797,0.9723091802193887
Emboar,Ember or Low Kick,Blast Burn,50,1.296037941245314,1.3696150516620658,1.323931552529535,1.3500605668219126,1.2925083671125854,1.3496069174673904,1.2851381096529575,1.334173956214385,1.268398432243305,1.3625058874983178,1.3243087459948801,1.373277162764677,1.3264169360688476,1.4002973125453357,1.3403536257833484,1.4107878245299912,1.3042594967596952,1.3449931335050902,1.3372655315466646,1.3749968186098598
Moltres,Fire Spin,Overheat,35,1.5119002946279625,1.5082908234349979,1.4057072046671262,1.4571646373300473,1.4378242562839225,1.5052460078322063,1.4345961715046416,1.4578040997207198,1.4543256291212487,1.486336798546629,1.4325444589485818,1.4821062267957346,1.5267715618759348,1.5615177268127558,1.4362466427931961,1.5175805729632945,1.4049302568409583,1.4535745497054784,1.429576747855743,1.476674047491792
Charizard,Fire Spin,Blast Burn,30,1.618430781005599,1.645905860235628,1.5940647995377428,1.591776139456848,1.6188071098373689,1.6400306221598437,1.54132452290258,1.5689757434899323,1.6537604292827346,1.6629995962858297,1.604395883838812,1.662781629850645,1.6834516911889816,1.6948695675535297,1.6069941808415398,1.656345120859445,1.567172479542385,1.5907796025377656,1.6499071034079051,1.6652286783232801
Shadow Blaziken,Fire Spin,Overheat,40,1.6173607576359914,1.3295207558526192,1.4251773494009454,1.3083843278127023,1.206057691363962,1.2595169157988753,1.4752082152580375,1.2712736901147728,1.2588396581886692,1.2864352038756561,1.21109736043535,1.2600912065370335,1.2488917943528528,1.2869513822346799,1.2474037600716203,1.2839189794091317,1.2568750070934864,1.2958835079276805,1.298745259728691,1.2780280471354764
Shadow Blaziken,Fire Spin,Blast Burn,40,1.3927933182985142,1.2187956292517639,1.3269807787361723,1.2226126577696095,1.1470040338806717,1.1653871445817425,1.2800797273687186,1.19044501755203,1.159711007939712,1.1834796797200915,1.170554528964009,1.1767253801685116,1.1465697117322038,1.1883367512335785,1.1484444941808416,1.201812891674127,1.1499506293341202,1.179039598678909,1.2016619582092591,1.1979206434043421
Shadow Blaziken,Counter,Blast Burn,40,1.3376722533280327,1.1774771226774363,1.5629163969006494,1.3755177767103166,1.126657964215258,1.1453531853916594,1.2549181564290808,1.1696081145004518,1.13403310456197,1.1472967972009152,1.147939376472782,1.163849661789886,1.1281488711973995,1.1629487673171126,1.137958818263205,1.1934646374216653,1.2850219614341327,1.318730209172729,1.1950192155964472,1.1933012649207198
Shadow Blaziken,Counter,Overheat,40,1.5089242921312414,1.2570341032795473,1.7250405519238667,1.5328174710915254,1.1785900065759125,1.2266864271202411,1.4265443516439742,1.238638776732613,1.2038462185439376,1.2254449266585925,1.1920762201841084,1.236009629240341,1.2115486222429186,1.2441455398640602,1.2295658012533572,1.2693934646374216,1.4806205949448976,1.5276532476818485,1.2899518973810797,1.275673818431702
Shadow Blaziken,Counter,Blaze Kick,40,1.251815881673249,1.2158902185745653,1.472543040732928,1.4262285666548318,1.1257314475840883,1.199689852483634,1.263554311707065,1.2334983824599788,1.1429526645135244,1.196777015206567,1.1865580551646973,1.2289148456439554,1.1631368264572344,1.2236112728021709,1.1867949865711729,1.256222023276634,1.3486363481596657,1.4122053365717462,1.2091827645007762,1.2395077753175028
Shadow Blaziken,Fire Spin,Blaze Kick,40,1.3131211615698133,1.2587301646275537,1.2598821383568988,1.2151149029190422,1.144658297918282,1.2158901528163555,1.2878093572749758,1.2542342350258557,1.179791582559548,1.2404874848607186,1.2020021360638784,1.2457999220167155,1.180912892797335,1.2411186832278114,1.2008169203222918,1.2721799462846912,1.167338183386487,1.205586262470349,1.2162581761726605,1.2497518515690618
Dialga,Metal Claw,Iron Head,45,1.3711476372174933,1.4267126875791836,1.3032448500797116,1.3725016185961028,1.3405203804214474,1.4142000451480563,1.380960331094113,1.4113281987970598,1.348804837841475,1.4198963800296058,1.3693695220980895,1.4354688321155509,1.3647362246679862,1.4310315491595547,1.3528536257833483,1.4270702775290958,1.3370484286508755,1.3949426278813741,1.366508869715711,1.4198162429055001
Moltres,Fire Spin,Overheat,50,1.314579439946796,1.3330187662779163,1.2301173743238445,1.286221744185237,1.270244486539009,1.3370793133569543,1.2607864070987234,1.3201909121929858,1.2958215583366977,1.3642763423496165,1.2857917846305118,1.3443809652974383,1.3543392407783859,1.3656048787914066,1.2979744852282902,1.3482654431512981,1.2532090932821844,1.2925921302023629,1.3107836400193429,1.334962205085134
Mega Scizor,Bullet Punch,Iron Head,40,1.39205953491137,1.4470932889471786,1.3739513933849892,1.4395289015127781,1.4161728189072207,1.4907652595522491,1.4292243862647493,1.4727595716045205,1.4183866572466695,1.4747089893688603,1.4628562225575126,1.5323291572719413,1.446971800084179,1.5094790761818622,1.455740823634736,1.5208146821844226,1.3921960299174885,1.4420660772452303,1.4552696546282864,1.519788246672266
Primal Groudon,Mud Shot,Fire Punch,45,1.252265440102841,1.3403175888806738,1.1929662426989132,1.299215764081786,1.213104714045953,1.325048337864497,1.2548317509413072,1.3323506539723824,1.2379768873637464,1.3435481429148164,1.2607608456100496,1.3552053842372047,1.2728738123169783,1.369580986325414,1.3094673231871083,1.4132162041181737,1.226707827804197,1.2929780158667106,1.2581634470998448,1.3366292535186175
Shadow Entei,Fire Fang,Overheat,35,1.2790940468803988,1.2709276879692961,1.1921795701844156,1.2179692014229722,1.1916279800170777,1.2684307124559562,1.243748416509599,1.242193117729674,1.2157599919257167,1.269479208720226,1.235306084391476,1.2768999949141335,1.2346172100978803,1.2833424377837679,1.2336951656222024,1.2970008952551477,1.2166974996878865,1.2533339386441793,1.276959100048357,1.2856252067903593
Blaziken,Counter or Fire Spin,Blast Burn,40,1.5674430528361192,1.4193358424390587,1.4720296150874042,1.421040356996164,1.3482740683306016,1.3751587543062413,1.3779756805164411,1.3845703230832993,1.3715684295518773,1.381135614318396,1.3564175157238034,1.3914506586196957,1.3623451870292924,1.3937958394154049,1.372560429722471,1.425123097582811,1.349408119488361,1.3970196007218332,1.3778346186149502,1.4044564913084423
Shadow Mewtwo,Confusion or Psycho Cut,Flamethrower,45,1.2926885451769068,1.3553387850033252,1.321594160522963,1.4274816733150937,1.2907004819064258,1.390862426020984,1.32448629008519,1.3807684816212598,1.2903882384605032,1.3644992262145068,1.3357604217878516,1.406971027514537,1.3181333787063323,1.3989450777758872,1.3410026857654431,1.4236906893464638,1.4237365081887208,1.4979514011054489,1.32100226514978,1.3910564760377695
Darmanitan,Fire Fang,Overheat,30,1.5047890976507785,1.4913432137111604,1.4028424636076942,1.4156763643198764,1.3973794497826024,1.4703544122410122,1.5788772265888724,1.3932958128486423,1.4421385076032835,1.4714330170905665,1.4162781629850645,1.4668486276637225,1.412995782102143,1.466359801911039,1.4097358997314235,1.469326320501343,1.3640831243119318,1.3988128341032129,1.475363314754015,1.4954951515614263
Dialga,Metal Claw,Iron Head,40,1.3894030532819623,1.4502401979543234,1.3242831185647752,1.3932196487124329,1.3602284884234495,1.436899702611717,1.4093203695811676,1.4391258693636895,1.3804122930964877,1.451524862064325,1.3972909285096715,1.4685608693440928,1.4387957050874476,1.5112074292315545,1.429800805729633,1.5051477170993735,1.3719824308526938,1.4259610255479007,1.4213433101728132,1.4705021506197349
Mega Aggron,Iron Tail,Heavy Slam,40,1.457468428737558,1.5195223534569557,1.42778276699874,1.499260318985262,1.4652683855643998,1.5294610696163398,1.4980295155288235,1.5398658811089778,1.4581693244516216,1.538029033777419,1.4951853798294539,1.5665824673233084,1.4987686603920585,1.564884880940654,1.4854297224709043,1.57205684870188,1.4488985234198548,1.5054875211385896,1.4934845129927974,1.544208597388715
Blaziken,Counter or Fire Spin,Blast Burn or Blaze Kick,30,1.637226781793255,1.5306182728782514,1.782552926352137,1.5990302346790306,1.4437857626586317,1.5020660143099709,1.5722928355205636,1.4693882930815565,1.4691158659668955,1.4870096554972414,1.515071117364843,1.5218861783104751,1.4716344130316028,1.5111895188372573,1.4775738585496867,1.534098030438675,1.4966008012802323,1.5132279335822674,1.4990837596396123,1.509544170420707
Shadow Typhlosion,Ember or Incinerate or Shadow Claw,Blast Burn,30,1.5149097353549839,1.4275820815669897,1.3687805879854917,1.3765550705568668,1.3485037345294297,1.4465456829624976,1.5655927489686259,1.4311677774897593,1.3852736845646616,1.4285762346925044,1.3765151643582485,1.4341973655212166,1.3740317193083005,1.4426912158471168,1.3707811101163832,1.4432520143240823,1.3503274353357773,1.3963726747551328,1.4288513909037694,1.4517319487923444
Shadow Typhlosion,Ember or Incinerate,Blast Burn,35,1.3453630462970876,1.374417153069072,1.2900872301469615,1.3289230940595782,1.2944301039386772,1.3632632229823236,1.401217292227753,1.3572339699513931,1.3033869936751448,1.3886085318261339,1.3141031074643565,1.3760743892722125,1.3265154432374828,1.3802645365237716,1.313149059982095,1.4003469113697404,1.3136228989093055,1.3528356921540363,1.3295792929678554,1.370084752233336
Mega Aggron,Iron Tail,Heavy Slam,30,1.5784256538102863,1.6296102960026453,1.5463057719485112,1.6190068433547058,1.568859618989665,1.6395575490494372,1.6560622236671954,1.6699603267006138,1.5606538487417576,1.6351559345983044,1.6085239120484174,1.6731228914845644,1.6060340118387706,1.6813561750561938,1.6235340196956134,1.7045434198746643,1.5731537073397723,1.6262583845010157,1.6240233132269477,1.68169555368914
